,date,time,line,start,stop,crowdedness,E,N,F,is_old_seat_empty,is_p_seat_empty,p_seat_empty_count,female,male,age,child,teenage,youth,middle_age,old_age,badge,pregnant,heavy,behavior1,behavior2,behavior3,cellphone,thinking,sleep,earphone,talking,calling,reading,makeup,eating,writing
0,2019. 7. 31.,19:10:00,5,공덕,여의도,N,0,1,0,0,0,,1,0,중년,0.0,0.0,0.0,1.0,0.0,0.0,0.0,1.0,이어폰,핸드폰,,1,0,0,1,0,0,0,0,0,0
1,2019. 7. 31.,19:21:00,9,여의도,신논현,F,0,0,1,0,0,,1,0,중년,0.0,0.0,0.0,1.0,0.0,0.0,0.0,0.0,핸드폰,,,1,0,0,0,0,0,0,0,0,0
2,2019. 7. 31.,19:28:00,9,여의도,신논현,F,0,0,1,0,0,,1,0,청년,0.0,0.0,1.0,0.0,0.0,0.0,0.0,0.0,핸드폰,,,1,0,0,0,0,0,0,0,0,0
3,2019. 7. 31.,19:32:00,9,여의도,신논현,F,0,0,1,0,0,,1,0,청년,0.0,0.0,1.0,0.0,0.0,0.0,1.0,0.0,핸드폰,,,1,0,0,0,0,0,0,0,0,0
4,2019. 7. 31.,22:38:00,10,선정릉,야탑,F,0,0,1,0,0,,1,0,청년,0.0,0.0,1.0,0.0,0.0,1.0,1.0,0.0,핸드폰,대화,,1,0,0,0,1,0,0,0,0,0
5,2019. 7. 31.,22:42:00,10,선정릉,야탑,F,0,0,1,0,0,,0,1,중년,0.0,0.0,0.0,1.0,0.0,0.0,0.0,0.0,핸드폰,,,1,0,0,0,0,0,0,0,0,0
6,2019. 7. 31.,18:30:00,6,공덕,화랑대,N,0,1,0,0,0,,1,0,중년,0.0,0.0,0.0,1.0,0.0,0.0,0.0,0.0,핸드폰,,,1,0,0,0,0,0,0,0,0,0
7,2019. 7. 31.,18:30:00,6,공덕,화랑대,N,0,1,0,0,0,,1,0,청년,0.0,0.0,1.0,0.0,0.0,0.0,0.0,0.0,핸드폰,,,1,0,0,0,0,0,0,0,0,0
8,2019. 7. 31.,18:30:00,6,공덕,화랑대,N,0,1,0,0,0,,1,0,중년,0.0,0.0,0.0,1.0,0.0,0.0,0.0,0.0,핸드폰,,,1,0,0,0,0,0,0,0,0,0
9,2019. 7. 31.,18:30:00,6,공덕,화랑대,N,0,1,0,1,0,,1,0,중년,0.0,0.0,0.0,1.0,0.0,0.0,0.0,0.0,핸드폰,,,1,0,0,0,0,0,0,0,0,0
10,2019. 7. 31.,18:30:00,6,공덕,화랑대,N,0,1,0,1,0,,0,1,노년,0.0,0.0,0.0,0.0,1.0,0.0,0.0,0.0,멍,,,0,1,0,0,0,0,0,0,0,0
11,2019. 7. 31.,18:47:00,5,공덕,신길,F,0,0,1,0,0,,1,0,청년,0.0,0.0,1.0,0.0,0.0,0.0,0.0,0.0,이어폰,핸드폰,,1,0,0,1,0,0,0,0,0,0
12,2019. 7. 31.,18:47:00,5,공덕,신길,F,0,0,1,1,0,,1,0,중년,0.0,0.0,0.0,1.0,0.0,0.0,0.0,1.0,이어폰,잠,,0,0,1,1,0,0,0,0,0,0
13,2019. 7. 31.,19:05:00,1,신길,온수,N,0,1,0,0,0,,1,0,중년,0.0,0.0,0.0,1.0,0.0,0.0,0.0,1.0,멍,,,0,1,0,0,0,0,0,0,0,0
14,2019. 7. 31.,19:05:00,1,신길,온수,N,0,1,0,0,0,,0,1,청년,0.0,0.0,1.0,0.0,0.0,0.0,0.0,0.0,이어폰,핸드폰,,1,0,0,1,0,0,0,0,0,0
15,2019. 7. 31.,19:15:00,1,신길,온수,N,0,1,0,0,0,,0,1,노년,0.0,0.0,0.0,0.0,1.0,0.0,0.0,0.0,멍,,,0,1,0,0,0,0,0,0,0,0
16,2019. 7. 31.,19:19:00,1,개봉,온수,N,0,1,0,0,1,2.0,0,0,,,,,,,,,,,,,0,0,0,0,0,0,0,0,0,0
17,2019. 7. 31.,19:27:00,7,온수,신중동,F,0,0,1,0,0,,1,0,청년,0.0,0.0,1.0,0.0,0.0,0.0,0.0,0.0,이어폰,핸드폰,,1,0,0,1,0,0,0,0,0,0
18,2019. 7. 31.,19:27:00,7,온수,신중동,F,0,0,1,0,0,,1,0,청년,0.0,0.0,1.0,0.0,0.0,0.0,0.0,1.0,핸드폰,,,1,0,0,0,0,0,0,0,0,0
19,2019. 8. 1.,13:27:00,2,신림,신도림,E,1,0,0,1,0,,1,0,중년,0.0,0.0,0.0,1.0,0.0,0.0,0.0,0.0,이어폰,,,0,0,0,1,0,0,0,0,0,0
20,2019. 8. 1.,13:27:00,2,신림,신도림,E,1,0,0,1,0,,1,0,청년,0.0,0.0,1.0,0.0,0.0,1.0,1.0,0.0,핸드폰,,,1,0,0,0,0,0,0,0,0,0
21,2019. 8. 1.,13:43:00,1,신도림,병점,F,0,0,1,0,0,,0,1,노년,0.0,0.0,0.0,0.0,1.0,0.0,0.0,0.0,멍,,,0,1,0,0,0,0,0,0,0,0
22,2019. 8. 1.,13:43:00,1,신도림,병점,F,0,0,1,0,0,,1,0,청년,0.0,0.0,1.0,0.0,0.0,0.0,1.0,0.0,핸드폰,,,1,0,0,0,0,0,0,0,0,0
23,2019. 8. 1.,11:20:00,10,야탑,강남구청,F,0,0,1,0,0,,1,0,중년,0.0,0.0,0.0,1.0,0.0,0.0,0.0,0.0,멍,,,0,1,0,0,0,0,0,0,0,0
24,2019. 8. 1.,11:20:00,10,야탑,강남구청,F,0,0,1,0,0,,1,0,청년,0.0,0.0,1.0,0.0,0.0,0.0,0.0,0.0,잠,,,0,0,1,0,0,0,0,0,0,0
25,2019. 8. 1.,11:30:00,10,야탑,강남구청,F,0,0,1,0,0,,1,0,어린이,1.0,0.0,0.0,0.0,0.0,0.0,0.0,0.0,멍,,,0,1,0,0,0,0,0,0,0,0
26,2019. 8. 1.,11:44:00,10,야탑,강남구청,F,0,0,1,0,0,,1,0,중년,0.0,0.0,0.0,1.0,0.0,0.0,0.0,0.0,대화,,,0,0,0,0,1,0,0,0,0,0
27,2019. 8. 1.,11:53:00,7,강남구청,중계,F,0,0,1,0,0,,1,0,중년,0.0,0.0,0.0,1.0,0.0,0.0,0.0,1.0,핸드폰,,,1,0,0,0,0,0,0,0,0,0
28,2019. 8. 1.,11:53:00,7,강남구청,중계,F,0,0,1,0,0,,1,0,중년,0.0,0.0,0.0,1.0,0.0,0.0,0.0,0.0,핸드폰,,,1,0,0,0,0,0,0,0,0,0
29,2019. 8. 1.,12:01:00,7,강남구청,중계,F,0,0,1,0,0,,0,1,노년,0.0,0.0,0.0,0.0,1.0,0.0,0.0,0.0,멍,,,0,1,0,0,0,0,0,0,0,0
30,2019. 8. 1.,12:10:00,7,용마산,사가정,F,0,0,1,0,1,1.0,0,0,,,,,,,,,,,,,0,0,0,0,0,0,0,0,0,0
31,2019. 8. 1.,12:11:00,7,강남구청,중계,F,0,0,1,0,0,,1,0,중년,0.0,0.0,0.0,1.0,0.0,0.0,0.0,0.0,대화,,,0,0,0,0,1,0,0,0,0,0
32,2019. 8. 1.,12:16:00,7,상봉,중계,N,0,1,0,0,1,6.0,0,0,,,,,,,,,,,,,0,0,0,0,0,0,0,0,0,0
33,2019. 8. 1.,12:21:00,7,태릉입구,중계,N,0,1,0,0,1,3.0,0,0,,,,,,,,,,,,,0,0,0,0,0,0,0,0,0,0
34,2019. 8. 1.,21:50:00,7,태릉입구,강남구청,E,1,0,0,1,0,,1,0,청년,0.0,0.0,1.0,0.0,0.0,0.0,0.0,0.0,핸드폰,,,1,0,0,0,0,0,0,0,0,0
35,2019. 8. 1.,21:50:00,7,태릉입구,면목,E,1,0,0,1,1,4.0,0,0,,,,,,,,,,,,,0,0,0,0,0,0,0,0,0,0
36,2019. 8. 1.,21:59:00,7,태릉입구,강남구청,E,1,0,0,1,0,,1,0,중년,0.0,0.0,0.0,1.0,0.0,0.0,0.0,0.0,잠,,,0,0,1,0,0,0,0,0,0,0
37,2019. 8. 1.,12:12:00,7,신중동,이수,N,0,1,0,1,0,,0,1,노년,0.0,0.0,0.0,0.0,1.0,0.0,0.0,0.0,잠,,,0,0,1,0,0,0,0,0,0,0
38,2019. 8. 1.,12:12:00,7,신중동,이수,N,0,1,0,1,0,,1,0,청년,0.0,0.0,1.0,0.0,0.0,0.0,0.0,0.0,잠,,,0,0,1,0,0,0,0,0,0,0
39,2019. 8. 1.,12:31:00,7,신중동,이수,N,0,1,0,1,0,,1,0,중년,0.0,0.0,0.0,1.0,0.0,0.0,0.0,0.0,핸드폰,,,1,0,0,0,0,0,0,0,0,0
40,2019. 8. 1.,12:42:00,7,신중동,이수,N,0,1,0,1,0,,1,0,청년,0.0,0.0,1.0,0.0,0.0,0.0,0.0,0.0,화장,,,0,0,0,0,0,0,0,1,0,0
41,2019. 8. 1.,22:51:00,7,대림,신중동,F,0,0,1,0,0,,1,0,청년,0.0,0.0,1.0,0.0,0.0,0.0,0.0,0.0,핸드폰,,,1,0,0,0,0,0,0,0,0,0
42,2019. 8. 1.,22:51:00,7,대림,신중동,F,0,0,1,0,0,,1,0,중년,0.0,0.0,0.0,1.0,0.0,0.0,0.0,0.0,잠,,,0,0,1,0,0,0,0,0,0,0
43,2019. 8. 1.,23:02:00,7,대림,신중동,F,0,0,1,0,0,,0,1,청년,0.0,0.0,1.0,0.0,0.0,0.0,0.0,0.0,잠,,,0,0,1,0,0,0,0,0,0,0
44,2019. 8. 2.,8:29:00,1,병점,신길,N,0,1,0,1,0,,0,1,노년,0.0,0.0,0.0,0.0,1.0,0.0,0.0,0.0,멍,,,0,1,0,0,0,0,0,0,0,0
45,2019. 8. 2.,8:29:00,1,병점,신길,N,0,1,0,1,0,,0,1,청년,0.0,0.0,1.0,0.0,0.0,0.0,0.0,0.0,멍,,,0,1,0,0,0,0,0,0,0,0
46,2019. 8. 2.,8:47:00,1,병점,신길,N,0,1,0,1,0,,1,0,청년,0.0,0.0,1.0,0.0,0.0,0.0,0.0,0.0,핸드폰,,,1,0,0,0,0,0,0,0,0,0
47,2019. 8. 2.,8:59:00,1,병점,신길,F,0,0,1,0,0,,1,0,청년,0.0,0.0,1.0,0.0,0.0,0.0,0.0,0.0,핸드폰,,,1,0,0,0,0,0,0,0,0,0
48,2019. 8. 2.,9:03:00,1,병점,신길,N,0,1,0,1,0,,1,0,청년,0.0,0.0,1.0,0.0,0.0,0.0,0.0,0.0,대화,,,0,0,0,0,1,0,0,0,0,0
49,2019. 8. 2.,9:26:00,5,신길,공덕,F,0,0,1,0,0,,1,0,중년,0.0,0.0,0.0,1.0,0.0,0.0,0.0,0.0,잠,,,0,0,1,0,0,0,0,0,0,0
50,2019. 8. 2.,9:26:00,5,신길,공덕,F,0,0,1,0,0,,1,0,중년,0.0,0.0,0.0,1.0,0.0,0.0,0.0,0.0,잠,이어폰,,0,0,1,1,0,0,0,0,0,0
51,2019. 8. 2.,8:23:00,1,수원,영등포,F,0,0,1,1,0,,1,0,노년,0.0,0.0,0.0,0.0,1.0,0.0,0.0,0.0,잠,,,0,0,1,0,0,0,0,0,0,0
52,2019. 8. 2.,8:23:00,1,수원,영등포,F,0,0,1,1,0,,1,0,노년,0.0,0.0,0.0,0.0,1.0,0.0,0.0,0.0,핸드폰,,,1,0,0,0,0,0,0,0,0,0
53,2019. 8. 2.,8:50:00,1,수원,영등포,F,0,0,1,1,0,,0,1,중년,0.0,0.0,0.0,1.0,0.0,0.0,0.0,0.0,핸드폰,,,1,0,0,0,0,0,0,0,0,0
54,2019. 8. 2.,9:01:00,1,영등포,신길,N,0,1,0,1,0,,0,1,청년,0.0,0.0,1.0,0.0,0.0,0.0,0.0,0.0,잠,,,0,0,1,0,0,0,0,0,0,0
55,2019. 8. 2.,9:01:00,1,영등포,신길,N,0,1,0,1,0,,1,0,노년,0.0,0.0,0.0,0.0,1.0,0.0,0.0,0.0,잠,,,0,0,1,0,0,0,0,0,0,0
56,2019. 8. 2.,9:11:00,5,신길,공덕,F,0,0,1,1,0,,1,0,청년,0.0,0.0,1.0,0.0,0.0,0.0,0.0,0.0,잠,,,0,0,1,0,0,0,0,0,0,0
57,2019. 8. 2.,9:00:00,6,화랑대,공덕,N,0,1,0,0,0,,1,0,중년,0.0,0.0,0.0,1.0,0.0,0.0,0.0,0.0,핸드폰,,,1,0,0,0,0,0,0,0,0,0
58,2019. 8. 2.,9:00:00,6,화랑대,공덕,N,0,1,0,0,0,,1,0,청년,0.0,0.0,1.0,0.0,0.0,0.0,0.0,0.0,잠,,,0,0,1,0,0,0,0,0,0,0
59,2019. 8. 2.,9:00:00,6,화랑대,공덕,N,0,1,0,0,0,,1,0,중년,0.0,0.0,0.0,1.0,0.0,0.0,0.0,0.0,핸드폰,,,1,0,0,0,0,0,0,0,0,0
60,2019. 8. 2.,9:00:00,6,화랑대,공덕,N,0,1,0,1,0,,1,0,중년,0.0,0.0,0.0,1.0,0.0,0.0,0.0,0.0,핸드폰,,,1,0,0,0,0,0,0,0,0,0
61,2019. 8. 2.,8:47:00,7,신중동,온수,F,0,0,1,0,0,,1,0,청년,0.0,0.0,1.0,0.0,0.0,0.0,0.0,1.0,필기,,,0,0,0,0,0,0,0,0,0,1
62,2019. 8. 2.,8:47:00,7,신중동,온수,F,0,0,1,0,0,,0,1,청년,0.0,0.0,1.0,0.0,0.0,0.0,0.0,0.0,이어폰,잠,,0,0,1,1,0,0,0,0,0,0
63,2019. 8. 2.,9:02:00,1,온수,신길,N,0,1,0,1,0,,1,0,중년,0.0,0.0,0.0,1.0,0.0,0.0,0.0,1.0,이어폰,핸드폰,,1,0,0,1,0,0,0,0,0,0
64,2019. 8. 2.,9:02:00,1,온수,신길,N,0,1,0,1,0,,0,1,어린이,1.0,0.0,0.0,0.0,0.0,0.0,0.0,0.0,대화,,,0,0,0,0,1,0,0,0,0,0
65,2019. 8. 2.,9:02:00,1,온수,신길,N,0,1,0,1,0,,1,0,어린이,1.0,0.0,0.0,0.0,0.0,0.0,0.0,0.0,대화,,,0,0,0,0,1,0,0,0,0,0
66,2019. 8. 2.,9:25:00,5,신길,공덕,N,0,1,0,0,0,,1,0,노년,0.0,0.0,0.0,0.0,1.0,0.0,0.0,0.0,독서,,,0,0,0,0,0,0,1,0,0,0
67,2019. 8. 2.,9:25:00,5,신길,공덕,N,0,1,0,0,0,,1,0,중년,0.0,0.0,0.0,1.0,0.0,0.0,0.0,1.0,핸드폰,,,1,0,0,0,0,0,0,0,0,0
68,2019. 8. 2.,8:32:00,10,야탑,왕십리,F,0,0,1,0,0,,1,0,중년,0.0,0.0,0.0,1.0,0.0,0.0,0.0,0.0,잠,,,0,0,1,0,0,0,0,0,0,0
69,2019. 8. 2.,8:32:00,10,야탑,왕십리,F,0,0,1,0,0,,1,0,중년,0.0,0.0,0.0,1.0,0.0,0.0,0.0,1.0,잠,,,0,0,1,0,0,0,0,0,0,0
70,2019. 8. 2.,8:36:00,10,야탑,왕십리,F,0,0,1,0,0,,1,0,청년,0.0,0.0,1.0,0.0,0.0,0.0,0.0,1.0,이어폰,핸드폰,,1,0,0,1,0,0,0,0,0,0
71,2019. 8. 2.,8:41:00,10,야탑,왕십리,F,0,0,1,0,0,,1,0,청년,0.0,0.0,1.0,0.0,0.0,0.0,0.0,1.0,멍,,,0,1,0,0,0,0,0,0,0,0
72,2019. 8. 2.,9:00:00,10,강남구청,왕십리,E,1,0,0,1,1,3.0,0,0,,,,,,,,,,,,,0,0,0,0,0,0,0,0,0,0
73,2019. 8. 2.,9:00:00,10,강남구청,왕십리,E,1,0,0,1,1,3.0,0,0,,,,,,,,,,,,,0,0,0,0,0,0,0,0,0,0
74,2019. 8. 2.,9:19:00,5,왕십리,공덕,E,1,0,0,0,0,,1,0,청년,0.0,0.0,1.0,0.0,0.0,0.0,1.0,0.0,핸드폰,,,1,0,0,0,0,0,0,0,0,0
75,2019. 8. 2.,9:19:00,5,왕십리,공덕,E,1,0,0,0,1,11.0,0,0,,,,,,,,,,,,,0,0,0,0,0,0,0,0,0,0
76,2019. 8. 2.,17:29:00,5,공덕,신길,F,0,0,1,0,0,,0,1,중년,0.0,0.0,0.0,1.0,0.0,0.0,0.0,0.0,핸드폰,,,1,0,0,0,0,0,0,0,0,0
77,2019. 8. 2.,17:29:00,5,공덕,신길,F,0,0,1,0,1,4.0,0,0,,,,,,,,,,,,,0,0,0,0,0,0,0,0,0,0
78,2019. 8. 2.,17:48:00,1,신길,수원,F,0,0,1,0,0,,1,0,노년,0.0,0.0,0.0,0.0,1.0,0.0,0.0,0.0,잠,,,0,0,1,0,0,0,0,0,0,0
79,2019. 8. 2.,17:48:00,1,신길,수원,F,0,0,1,0,0,,1,0,노년,0.0,0.0,0.0,0.0,1.0,0.0,0.0,0.0,핸드폰,,,1,0,0,0,0,0,0,0,0,0
80,2019. 8. 2.,18:21:00,1,신길,수원,F,0,0,1,0,0,,1,0,청년,0.0,0.0,1.0,0.0,0.0,0.0,0.0,0.0,핸드폰,,,1,0,0,0,0,0,0,0,0,0
81,2019. 8. 2.,18:30:00,1,신길,수원,F,0,0,1,0,0,,1,0,중년,0.0,0.0,0.0,1.0,0.0,0.0,0.0,0.0,핸드폰,,,1,0,0,0,0,0,0,0,0,0
82,2019. 8. 2.,17:52:00,1,신길,영등포,E,1,0,0,1,1,1.0,0,0,,,,,,,,,,,,,0,0,0,0,0,0,0,0,0,0
83,2019. 8. 2.,17:52:00,1,신길,신도림,E,1,0,0,1,1,2.0,0,0,,,,,,,,,,,,,0,0,0,0,0,0,0,0,0,0
84,2019. 8. 2.,17:57:00,1,신길,병점,E,1,0,0,1,0,,0,1,노년,0.0,0.0,0.0,0.0,1.0,0.0,0.0,0.0,멍,,,0,1,0,0,0,0,0,0,0,0
85,2019. 8. 2.,17:59:00,1,신길,병점,N,0,1,0,1,0,,0,1,청년,0.0,0.0,1.0,0.0,0.0,0.0,0.0,1.0,핸드폰,,,1,0,0,0,0,0,0,0,0,0
86,2019. 8. 2.,18:18:00,1,신길,병점,N,0,1,0,1,0,,1,0,중년,0.0,0.0,0.0,1.0,0.0,0.0,0.0,1.0,핸드폰,,,1,0,0,0,0,0,0,0,0,0
87,2019. 8. 2.,18:22:00,1,신길,병점,N,0,1,0,1,0,,1,0,중년,0.0,0.0,0.0,1.0,0.0,0.0,0.0,1.0,핸드폰,,,1,0,0,0,0,0,0,0,0,0
88,2019. 8. 2.,18:27:00,1,금정,병점,N,0,1,0,1,1,8.0,0,0,,,,,,,,,,,,,0,0,0,0,0,0,0,0,0,0
89,2019. 8. 2.,17:29:00,5,공덕,왕십리,N,0,1,0,0,0,,0,1,중년,0.0,0.0,0.0,1.0,0.0,0.0,0.0,0.0,멍,,,0,1,0,0,0,0,0,0,0,0
90,2019. 8. 2.,17:29:00,5,공덕,왕십리,N,0,1,0,0,0,,1,0,청년,0.0,0.0,1.0,0.0,0.0,0.0,0.0,0.0,대화,,,0,0,0,0,1,0,0,0,0,0
91,2019. 8. 2.,17:30:00,5,충정로,광화문,N,0,1,0,0,1,2.0,0,0,,,,,,,,,,,,,0,0,0,0,0,0,0,0,0,0
92,2019. 8. 2.,17:35:00,5,공덕,왕십리,N,0,1,0,0,0,,1,0,청년,0.0,0.0,1.0,0.0,0.0,0.0,0.0,0.0,핸드폰,,,1,0,0,0,0,0,0,0,0,0
93,2019. 8. 2.,17:38:00,5,종로3가,동대문역사문화공원,N,0,1,0,0,1,2.0,0,0,,,,,,,,,,,,,0,0,0,0,0,0,0,0,0,0
94,2019. 8. 2.,17:42:00,5,공덕,왕십리,N,0,1,0,0,0,,1,0,중년,0.0,0.0,0.0,1.0,0.0,0.0,0.0,0.0,핸드폰,,,1,0,0,0,0,0,0,0,0,0
95,2019. 8. 2.,17:59:00,10,왕십리,야탑,E,1,0,0,0,1,16.0,0,0,,,,,,,,,,,,,0,0,0,0,0,0,0,0,0,0
96,2019. 8. 2.,17:59:00,10,왕십리,야탑,E,1,0,0,0,1,16.0,0,0,,,,,,,,,,,,,0,0,0,0,0,0,0,0,0,0
97,2019. 8. 2.,18:20:00,6,공덕,불광,F,0,0,1,0,0,,1,0,청년,0.0,0.0,1.0,0.0,0.0,0.0,0.0,0.0,핸드폰,,,1,0,0,0,0,0,0,0,0,0
98,2019. 8. 2.,18:32:00,6,공덕,응암,F,0,0,1,0,0,,0,1,중년,0.0,0.0,0.0,1.0,0.0,0.0,0.0,0.0,멍,,,0,1,0,0,0,0,0,0,0,0
99,2019. 8. 2.,18:45:00,6,응암,불광,N,0,1,0,1,1,2.0,0,0,,,,,,,,,,,,,0,0,0,0,0,0,0,0,0,0
100,2019. 8. 3.,9:19:00,1,병점,종각,E,1,0,0,1,0,,1,0,노년,0.0,0.0,0.0,0.0,1.0,0.0,0.0,0.0,멍,,,0,1,0,0,0,0,0,0,0,0
101,2019. 8. 3.,9:19:00,1,병점,종각,E,1,0,0,1,0,,1,0,노년,0.0,0.0,0.0,0.0,1.0,0.0,0.0,0.0,멍,,,0,1,0,0,0,0,0,0,0,0
102,2019. 8. 3.,9:24:00,1,의왕,종각,E,1,0,0,1,1,21.0,0,0,,,,,,,,,,,,,0,0,0,0,0,0,0,0,0,0
103,2019. 8. 3.,10:01:00,1,구로,노량진,E,1,0,0,1,1,5.0,0,0,,,,,,,,,,,,,0,0,0,0,0,0,0,0,0,0
104,2019. 8. 3.,10:13:00,1,병점 ,종각,E,1,0,0,1,0,,1,0,노년,0.0,0.0,0.0,0.0,1.0,0.0,0.0,0.0,멍,,,0,1,0,0,0,0,0,0,0,0
105,2019. 8. 3.,10:32:00,6,불광,경복궁,F,0,0,1,0,0,,1,0,청년,0.0,0.0,1.0,0.0,0.0,0.0,1.0,0.0,핸드폰,,,1,0,0,0,0,0,0,0,0,0
106,2019. 8. 3.,10:36:00,6,불광,경복궁,F,0,0,1,0,0,,1,0,중년,0.0,0.0,0.0,1.0,0.0,0.0,0.0,0.0,멍,,,0,1,0,0,0,0,0,0,0,0
107,2019. 8. 3.,18:10:00,1,종각,병점,N,0,1,0,1,0,,1,0,중년,0.0,0.0,0.0,1.0,0.0,0.0,0.0,0.0,멍,,,0,1,0,0,0,0,0,0,0,0
108,2019. 8. 3.,18:10:00,1,종각,병점,N,0,1,0,1,0,,1,0,노년,0.0,0.0,0.0,0.0,1.0,0.0,0.0,0.0,멍,,,0,1,0,0,0,0,0,0,0,0
109,2019. 8. 3.,18:19:00,1,종각,병점,N,0,1,0,1,0,,0,1,노년,0.0,0.0,0.0,0.0,1.0,0.0,0.0,1.0,멍,,,0,1,0,0,0,0,0,0,0,0
110,2019. 8. 3.,18:20:00,6,경복궁,불광,N,0,1,0,1,1,,0,0,,,,,,,,,,,,,0,0,0,0,0,0,0,0,0,0
111,2019. 8. 3.,18:21:00,1,종각,병점,F,0,0,1,0,0,,1,0,중년,0.0,0.0,0.0,1.0,0.0,0.0,0.0,0.0,핸드폰,,,1,0,0,0,0,0,0,0,0,0
112,2019. 8. 3.,18:23:00,1,노량진,신길,N,0,1,0,0,1,2.0,0,0,,,,,,,,,,,,,0,0,0,0,0,0,0,0,0,0
113,2019. 8. 3.,18:28:00,1,종각,병점,N,0,1,0,1,0,,1,0,중년,0.0,0.0,0.0,1.0,0.0,0.0,0.0,0.0,핸드폰,,,1,0,0,0,0,0,0,0,0,0
114,2019. 8. 3.,19:03:00,1,종각,병점,N,0,1,0,1,0,,1,0,중년,0.0,0.0,0.0,1.0,0.0,0.0,0.0,1.0,핸드폰,,,1,0,0,0,0,0,0,0,0,0
115,2019. 8. 3.,17:04:00,1,종각,병점,N,0,1,0,1,0,,1,0,청년,0.0,0.0,1.0,0.0,0.0,0.0,0.0,0.0,핸드폰,,,1,0,0,0,0,0,0,0,0,0
116,2019. 8. 3.,19:29:00,1,종각,수원,N,0,1,0,0,0,,1,0,중년,0.0,0.0,0.0,1.0,0.0,0.0,0.0,1.0,대화,,,0,0,0,0,1,0,0,0,0,0
117,2019. 8. 3.,19:29:00,1,종각,용산,N,0,1,0,0,1,4.0,0,0,,,,,,,,,,,,,0,0,0,0,0,0,0,0,0,0
118,2019. 8. 3.,19:38:00,1,종각,수원,N,0,1,0,0,0,,0,1,청소년,0.0,1.0,0.0,0.0,0.0,0.0,0.0,1.0,핸드폰,,,1,0,0,0,0,0,0,0,0,0
119,2019. 8. 3.,19:48:00,1,종각,수원,F,0,0,1,0,0,,1,0,청년,0.0,0.0,1.0,0.0,0.0,0.0,0.0,0.0,잠,,,0,0,1,0,0,0,0,0,0,0
120,2019. 8. 3.,20:11:00,1,종각,수원,F,0,0,1,0,0,,1,0,중년,0.0,0.0,0.0,1.0,0.0,0.0,0.0,1.0,핸드폰,,,1,0,0,0,0,0,0,0,0,0
121,2019. 8. 3.,20:11:00,1,종각,수원,F,0,0,1,0,0,,0,1,청년,0.0,0.0,1.0,0.0,0.0,0.0,0.0,1.0,핸드폰,,,1,0,0,0,0,0,0,0,0,0
122,2019. 8. 3.,20:28:00,1,종각,수원,F,0,0,1,0,0,,0,1,청년,0.0,0.0,1.0,0.0,0.0,0.0,0.0,1.0,멍,,,0,1,0,0,0,0,0,0,0,0
123,2019. 8. 3.,20:29:00,1,종각,수원,F,0,0,1,0,0,,0,1,어린이,1.0,0.0,0.0,0.0,0.0,0.0,0.0,0.0,핸드폰,,,1,0,0,0,0,0,0,0,0,0
124,2019. 8. 3.,20:40:00,1,종각,수원,F,0,0,1,0,0,,0,1,청년,0.0,0.0,1.0,0.0,0.0,0.0,0.0,1.0,대화,,,0,0,0,0,1,0,0,0,0,0
125,2019. 8. 3.,20:40:00,1,성균관대,수원,F,0,0,1,0,1,2.0,0,0,,,,,,,,,,,,,0,0,0,0,0,0,0,0,0,0
126,2019. 8. 3.,9:42:00,10,야탑,왕십리,N,0,1,0,0,0,,0,1,중년,0.0,0.0,0.0,1.0,0.0,0.0,0.0,1.0,핸드폰,,,1,0,0,0,0,0,0,0,0,0
127,2019. 8. 3.,9:54:00,10,야탑,왕십리,N,0,1,0,1,0,,1,0,청년,0.0,0.0,1.0,0.0,0.0,0.0,0.0,1.0,멍,,,0,1,0,0,0,0,0,0,0,0
128,2019. 8. 3.,9:54:00,10,야탑,왕십리,N,0,1,0,1,0,,1,0,중년,0.0,0.0,0.0,1.0,0.0,0.0,0.0,1.0,멍,,,0,1,0,0,0,0,0,0,0,0
129,2019. 8. 3.,10:14:00,10,압구정로데오,왕십리,E,1,0,0,1,1,2.0,0,0,,,,,,,,,,,,,0,0,0,0,0,0,0,0,0,0
130,2019. 8. 3.,10:14:00,10,압구정로데오,왕십리,E,1,0,0,1,1,2.0,0,0,,,,,,,,,,,,,0,0,0,0,0,0,0,0,0,0
131,2019. 8. 3.,10:32:00,5,왕십리,광화문,N,0,1,0,1,0,,1,0,중년,0.0,0.0,0.0,1.0,0.0,0.0,0.0,0.0,핸드폰,,,1,0,0,0,0,0,0,0,0,0
132,2019. 8. 3.,10:32:00,5,왕십리,광화문,N,0,1,0,1,0,,1,0,중년,0.0,0.0,0.0,1.0,0.0,0.0,0.0,0.0,핸드폰,,,1,0,0,0,0,0,0,0,0,0
133,2019. 8. 3.,18:06:00,5,광화문,왕십리,F,0,0,1,1,0,,1,0,중년,0.0,0.0,0.0,1.0,0.0,0.0,0.0,1.0,핸드폰,,,1,0,0,0,0,0,0,0,0,0
134,2019. 8. 3.,18:06:00,5,광화문,왕십리,F,0,0,1,1,0,,1,0,청년,0.0,0.0,1.0,0.0,0.0,0.0,0.0,0.0,핸드폰,,,1,0,0,0,0,0,0,0,0,0
135,2019. 8. 3.,18:11:00,5,광화문,왕십리,F,0,0,1,1,0,,1,0,중년,0.0,0.0,0.0,1.0,0.0,0.0,0.0,1.0,핸드폰,,,1,0,0,0,0,0,0,0,0,0
136,2019. 8. 3.,18:15:00,5,광화문,왕십리,F,0,0,1,1,0,,1,0,노년,0.0,0.0,0.0,0.0,1.0,0.0,0.0,0.0,멍,,,0,1,0,0,0,0,0,0,0,0
137,2019. 8. 3.,18:23:00,10,왕십리,야탑,N,0,1,0,0,0,,1,0,청년,0.0,0.0,1.0,0.0,0.0,0.0,1.0,0.0,핸드폰,,,1,0,0,0,0,0,0,0,0,0
138,2019. 8. 3.,18:23:00,10,왕십리,가천대,N,0,1,0,0,1,13.0,0,0,,,,,,,,,,,,,0,0,0,0,0,0,0,0,0,0
139,2019. 8. 3.,18:35:00,10,왕십리,야탑,F,0,0,1,0,0,,0,1,청년,0.0,0.0,1.0,0.0,0.0,0.0,0.0,0.0,핸드폰,,,1,0,0,0,0,0,0,0,0,0
140,2019. 8. 3.,18:49:00,10,왕십리,야탑,F,0,0,1,0,0,,1,0,노년,0.0,0.0,0.0,0.0,1.0,0.0,0.0,0.0,잠,,,0,0,1,0,0,0,0,0,0,0
141,2019. 8. 3.,19:01:00,10,왕십리,야탑,F,0,0,1,0,0,,1,0,노년,0.0,0.0,0.0,0.0,1.0,0.0,0.0,0.0,핸드폰,이어폰,,1,0,0,1,0,0,0,0,0,0
142,2019. 8. 3.,9:49:00,6,화랑대,태릉입구,N,0,1,0,1,1,1.0,0,0,,,,,,,,,,,,,0,0,0,0,0,0,0,0,0,0
143,2019. 8. 3.,9:49:00,6,화랑대,돌곶이,N,0,1,0,1,1,3.0,0,0,,,,,,,,,,,,,0,0,0,0,0,0,0,0,0,0
144,2019. 8. 3.,9:49:00,6,석계,돌곶이,N,0,1,0,1,1,1.0,0,0,,,,,,,,,,,,,0,0,0,0,0,0,0,0,0,0
145,2019. 8. 3.,9:50:00,6,안암,창신,N,0,1,0,1,1,2.0,0,0,,,,,,,,,,,,,0,0,0,0,0,0,0,0,0,0
146,2019. 8. 3.,9:50:00,6,보문,창신,N,0,1,0,1,1,1.0,0,0,,,,,,,,,,,,,0,0,0,0,0,0,0,0,0,0
147,2019. 8. 3.,9:50:00,6,화랑대,청구,E,1,0,0,1,0,,1,0,노년,0.0,0.0,0.0,0.0,1.0,0.0,0.0,0.0,멍,,,0,1,0,0,0,0,0,0,0,0
148,2019. 8. 3.,9:50:00,6,화랑대,청구,E,1,0,0,1,0,,1,0,노년,0.0,0.0,0.0,0.0,1.0,0.0,0.0,1.0,독서,,,0,0,0,0,0,0,1,0,0,0
149,2019. 8. 3.,9:50:00,6,화랑대,청구,N,0,1,0,1,0,,0,1,노년,0.0,0.0,0.0,0.0,1.0,0.0,0.0,0.0,멍,,,0,1,0,0,0,0,0,0,0,0
150,2019. 8. 3.,9:50:00,6,화랑대,청구,N,0,1,0,1,0,,1,0,노년,0.0,0.0,0.0,0.0,1.0,0.0,0.0,0.0,멍,,,0,1,0,0,0,0,0,0,0,0
151,2019. 8. 3.,9:50:00,6,화랑대,청구,N,0,1,0,1,0,,1,0,청년,0.0,0.0,1.0,0.0,0.0,0.0,0.0,0.0,멍,,,0,1,0,0,0,0,0,0,0,0
152,2019. 8. 3.,9:50:00,6,화랑대,청구,N,0,1,0,1,0,,1,0,청년,0.0,0.0,1.0,0.0,0.0,0.0,0.0,0.0,이어폰,,,0,0,0,1,0,0,0,0,0,0
153,2019. 8. 3.,9:50:00,6,화랑대,청구,N,0,1,0,1,0,,1,0,어린이,1.0,0.0,0.0,0.0,0.0,0.0,0.0,0.0,이어폰,,,0,0,0,1,0,0,0,0,0,0
154,2019. 8. 3.,10:13:00,5,청구,광화문,E,1,0,0,1,0,,1,0,노년,0.0,0.0,0.0,0.0,1.0,0.0,0.0,0.0,멍,,,0,1,0,0,0,0,0,0,0,0
155,2019. 8. 3.,10:13:00,5,청구,광화문,E,1,0,0,1,0,,0,1,노년,0.0,0.0,0.0,0.0,1.0,0.0,0.0,0.0,멍,멍,,0,2,0,0,0,0,0,0,0,0
156,2019. 8. 3.,10:20:00,5,청구,광화문,E,1,0,0,1,0,,1,0,중년,0.0,0.0,0.0,1.0,0.0,0.0,0.0,0.0,핸드폰,,,1,0,0,0,0,0,0,0,0,0
157,2019. 8. 3.,19:20:00,5,광화문,청구,E,1,0,0,1,1,12.0,0,0,,,,,,,,,,,,,0,0,0,0,0,0,0,0,0,0
158,2019. 8. 3.,19:20:00,6,청구,화랑대,E,1,0,0,1,1,12.0,0,0,,,,,,,,,,,,,0,0,0,0,0,0,0,0,0,0
159,2019. 8. 3.,19:30:00,6,청구,화랑대,E,1,0,0,1,0,,0,1,중년,0.0,0.0,0.0,1.0,0.0,0.0,0.0,0.0,통화,,,0,0,0,0,0,1,0,0,0,0
160,2019. 8. 3.,18:03:00,1,종각,온수,E,1,0,0,0,0,,0,1,노년,0.0,0.0,0.0,0.0,1.0,0.0,0.0,0.0,필기,,,0,0,0,0,0,0,0,0,0,1
161,2019. 8. 3.,18:03:00,1,종각,온수,E,1,0,0,0,0,,1,0,중년,0.0,0.0,0.0,1.0,0.0,0.0,0.0,0.0,대화,,,0,0,0,0,1,0,0,0,0,0
162,2019. 8. 3.,18:31:00,1,구로,온수,E,1,0,0,0,1,,0,0,,,,,,,,,,,,,0,0,0,0,0,0,0,0,0,0
163,2019. 8. 3.,18:43:00,7,온수,신중동,E,1,0,0,0,1,,0,0,,,,,,,,,,,,,0,0,0,0,0,0,0,0,0,0
164,2019. 8. 3.,18:43:00,7,온수,까치울,E,1,0,0,0,1,1.0,0,0,,,,,,,,,,,,,0,0,0,0,0,0,0,0,0,0
165,2019. 8. 3.,18:46:00,7,까치울,춘의,E,1,0,0,0,0,,1,0,중년,0.0,0.0,0.0,1.0,0.0,0.0,0.0,0.0,잠,,,0,0,1,0,0,0,0,0,0,0
166,2019. 8. 3.,18:50:00,7,춘의,신중동,E,1,0,0,0,1,,0,0,,,,,,,,,,,,,0,0,0,0,0,0,0,0,0,0
167,2019. 8. 3.,8:36:00,1,수원,신길,E,1,0,0,1,0,,0,1,중년,0.0,0.0,0.0,1.0,0.0,0.0,0.0,1.0,핸드폰,,,1,0,0,0,0,0,0,0,0,0
168,2019. 8. 5.,8:27:00,1,병점,신길,F,0,0,1,1,0,,0,1,중년,0.0,0.0,0.0,1.0,0.0,0.0,0.0,1.0,핸드폰,,,1,0,0,0,0,0,0,0,0,0
169,2019. 8. 5.,8:27:00,1,병점,신길,F,0,0,1,1,0,,1,0,청년,0.0,0.0,1.0,0.0,0.0,1.0,1.0,0.0,핸드폰,이어폰,,1,0,0,1,0,0,0,0,0,0
170,2019. 8. 5.,8:36:00,1,수원,군포,E,1,0,0,1,1,5.0,0,0,,,,,,,,,,,,,0,0,0,0,0,0,0,0,0,0
171,2019. 8. 5.,8:45:00,1,병점,수원,F,0,0,1,0,0,,0,1,노년,0.0,0.0,0.0,0.0,1.0,0.0,0.0,0.0,핸드폰,,,1,0,0,0,0,0,0,0,0,0
172,2019. 8. 5.,8:51:00,1,수원,신길,N,0,1,0,1,0,,0,1,중년,0.0,0.0,0.0,1.0,0.0,0.0,0.0,0.0,멍,,,0,1,0,0,0,0,0,0,0,0
173,2019. 8. 5.,8:53:00,1,수원,신길,N,0,1,0,1,0,,1,0,청년,0.0,0.0,1.0,0.0,0.0,0.0,0.0,1.0,핸드폰,,,1,0,0,0,0,0,0,0,0,0
174,2019. 8. 5.,8:53:00,1,금정,안양,N,0,1,0,1,1,2.0,0,0,,,,,,,,,,,,,0,0,0,0,0,0,0,0,0,0
175,2019. 8. 5.,9:00:00,1,병점,신길,F,0,0,1,0,0,,1,0,노년,0.0,0.0,0.0,0.0,1.0,0.0,0.0,0.0,핸드폰,,,1,0,0,0,0,0,0,0,0,0
176,2019. 8. 5.,9:00:00,1,수원,신길,F,0,0,1,0,0,,1,0,중년,0.0,0.0,0.0,1.0,0.0,0.0,0.0,0.0,멍,,,0,1,0,0,0,0,0,0,0,0
177,2019. 8. 5.,9:08:00,1,병점,신길,F,0,0,1,1,0,,1,0,중년,0.0,0.0,0.0,1.0,0.0,0.0,0.0,0.0,잠,,,0,0,1,0,0,0,0,0,0,0
178,2019. 8. 5.,9:12:00,1,신도림,영등포,F,0,0,1,1,1,1.0,0,0,,,,,,,,,,,,,0,0,0,0,0,0,0,0,0,0
179,2019. 8. 5.,9:13:00,1,수원,신길,F,0,0,1,0,0,,1,0,중년,0.0,0.0,0.0,1.0,0.0,0.0,0.0,0.0,핸드폰,,,1,0,0,0,0,0,0,0,0,0
180,2019. 8. 5.,9:15:00,1,병점,신길,F,0,0,1,1,0,,0,1,청년,0.0,0.0,1.0,0.0,0.0,0.0,0.0,1.0,핸드폰,,,1,0,0,0,0,0,0,0,0,0
181,2019. 8. 5.,9:20:00,5,신길,공덕,F,0,0,1,0,0,,0,1,노년,0.0,0.0,0.0,0.0,1.0,0.0,0.0,1.0,핸드폰,,,1,0,0,0,0,0,0,0,0,0
182,2019. 8. 5.,9:20:00,5,신길,공덕,N,0,1,0,0,0,,1,0,중년,0.0,0.0,0.0,1.0,0.0,0.0,0.0,0.0,멍,,,0,1,0,0,0,0,0,0,0,0
183,2019. 8. 5.,9:38:00,5,신길,공덕,F,0,0,1,0,0,,1,0,노년,0.0,0.0,0.0,0.0,1.0,0.0,0.0,1.0,멍,,,0,1,0,0,0,0,0,0,0,0
184,2019. 8. 5.,9:38:00,5,신길,공덕,F,0,0,1,0,0,,1,0,청년,0.0,0.0,1.0,0.0,0.0,0.0,0.0,0.0,핸드폰,,,1,0,0,0,0,0,0,0,0,0
185,2019. 8. 5.,8:29:00,10,야탑,왕십리,F,0,0,1,0,0,,1,0,청년,0.0,0.0,1.0,0.0,0.0,1.0,1.0,0.0,핸드폰,,,1,0,0,0,0,0,0,0,0,0
186,2019. 8. 5.,8:29:00,10,야탑,왕십리,F,0,0,1,0,0,,1,0,노년,0.0,0.0,0.0,0.0,1.0,0.0,0.0,0.0,핸드폰,,,1,0,0,0,0,0,0,0,0,0
187,2019. 8. 5.,8:38:00,10,복정,수서,F,0,0,1,0,1,1.0,0,0,,,,,,,,,,,,,0,0,0,0,0,0,0,0,0,0
188,2019. 8. 5.,8:40:00,10,야탑,왕십리,F,0,0,1,0,0,,0,1,청년,0.0,0.0,1.0,0.0,0.0,0.0,0.0,0.0,핸드폰,잠,,1,0,1,0,0,0,0,0,0,0
189,2019. 8. 5.,8:43:00,10,야탑,왕십리,F,0,0,1,0,0,,1,0,중년,0.0,0.0,0.0,1.0,0.0,0.0,0.0,0.0,먹기,,,0,0,0,0,0,0,0,0,1,0
190,2019. 8. 5.,8:59:00,10,압구정로데오,왕십리,E,1,0,0,1,1,2.0,0,0,,,,,,,,,,,,,0,0,0,0,0,0,0,0,0,0
191,2019. 8. 5.,9:13:00,5,왕십리,공덕,E,1,0,0,1,0,,1,0,청년,0.0,0.0,1.0,0.0,0.0,0.0,0.0,0.0,핸드폰,,,1,0,0,0,0,0,0,0,0,0
192,2019. 8. 5.,9:13:00,5,왕십리,공덕,E,1,0,0,1,1,11.0,0,0,,,,,,,,,,,,,0,0,0,0,0,0,0,0,0,0
193,2019. 8. 5.,9:26:00,5,광화문,공덕,E,1,0,0,1,1,11.0,0,0,,,,,,,,,,,,,0,0,0,0,0,0,0,0,0,0
194,2019. 8. 5.,9:20:00,6,불광,공덕,E,1,0,0,0,1,15.0,0,0,,,,,,,,,,,,,0,0,0,0,0,0,0,0,0,0
195,2019. 8. 5.,9:20:00,6,불광,합정,E,1,0,0,0,1,7.0,0,0,,,,,,,,,,,,,0,0,0,0,0,0,0,0,0,0
196,2019. 8. 5.,9:30:00,6,합정,공덕,E,1,0,0,0,0,,0,1,청년,0.0,0.0,1.0,0.0,0.0,0.0,0.0,0.0,핸드폰,,,1,0,0,0,0,0,0,0,0,0
197,2019. 8. 5.,18:35:00,5,공덕,신길,F,0,0,1,0,0,,1,0,중년,0.0,0.0,0.0,1.0,0.0,0.0,0.0,0.0,핸드폰,,,1,0,0,0,0,0,0,0,0,0
198,2019. 8. 5.,18:35:00,5,공덕,신길,F,0,0,1,0,0,,1,0,청년,0.0,0.0,1.0,0.0,0.0,0.0,0.0,0.0,핸드폰,,,1,0,0,0,0,0,0,0,0,0
199,2019. 8. 5.,18:48:00,1,신길,수원,N,0,1,0,0,0,,1,0,청년,0.0,0.0,1.0,0.0,0.0,1.0,1.0,0.0,핸드폰,,,1,0,0,0,0,0,0,0,0,0
200,2019. 8. 5.,18:48:00,1,신길,영등포,N,0,1,0,0,1,1.0,0,0,,,,,,,,,,,,,0,0,0,0,0,0,0,0,0,0
201,2019. 8. 5.,18:51:00,1,신길,수원,N,0,1,0,0,0,,1,0,청년,0.0,0.0,1.0,0.0,0.0,0.0,0.0,1.0,핸드폰,,,1,0,0,0,0,0,0,0,0,0
202,2019. 8. 5.,8:53:00,6,화랑대,돌곶이,N,0,1,0,0,1,3.0,0,0,,,,,,,,,,,,,0,0,0,0,0,0,0,0,0,0
203,2019. 8. 5.,8:53:00,6,화랑대,상월곡,N,0,1,0,0,1,4.0,0,0,,,,,,,,,,,,,0,0,0,0,0,0,0,0,0,0
204,2019. 8. 5.,9:18:00,6,한강진,삼각지,N,0,1,0,1,1,3.0,0,0,,,,,,,,,,,,,0,0,0,0,0,0,0,0,0,0
205,2019. 8. 5.,8:55:00,6,화랑대,공덕,N,0,1,0,0,0,,1,0,청년,0.0,0.0,1.0,0.0,0.0,1.0,1.0,0.0,핸드폰,,,1,0,0,0,0,0,0,0,0,0
206,2019. 8. 5.,8:55:00,6,화랑대,공덕,N,0,1,0,0,0,,1,0,노년,0.0,0.0,0.0,0.0,1.0,0.0,0.0,0.0,잠,,,0,0,1,0,0,0,0,0,0,0
207,2019. 8. 5.,8:58:00,6,화랑대,공덕,F,0,0,1,0,0,,1,0,청년,0.0,0.0,1.0,0.0,0.0,0.0,0.0,1.0,핸드폰,,,1,0,0,0,0,0,0,0,0,0
208,2019. 8. 5.,18:45:00,11,공덕,회기,F,0,0,1,0,0,,1,0,중년,0.0,0.0,0.0,1.0,0.0,0.0,0.0,0.0,핸드폰,,,1,0,0,0,0,0,0,0,0,0
209,2019. 8. 5.,18:45:00,11,공덕,회기,F,0,0,1,0,0,,1,0,중년,0.0,0.0,0.0,1.0,0.0,0.0,0.0,0.0,핸드폰,,,1,0,0,0,0,0,0,0,0,0
210,2019. 8. 5.,18:50:00,11,공덕,회기,F,0,0,1,0,0,,1,0,중년,0.0,0.0,0.0,1.0,0.0,0.0,0.0,0.0,핸드폰,이어폰,잠,1,0,1,1,0,0,0,0,0,0
211,2019. 8. 5.,20:44:00,5,공덕,신길,N,0,1,0,1,0,,1,0,중년,0.0,0.0,0.0,1.0,0.0,0.0,0.0,0.0,핸드폰,,,1,0,0,0,0,0,0,0,0,0
212,2019. 8. 5.,20:45:00,5,공덕,신길,N,0,1,0,1,1,4.0,0,0,,,,,,,,,,,,,0,0,0,0,0,0,0,0,0,0
213,2019. 8. 5.,20:49:00,5,여의나루,신길,N,0,1,0,1,1,2.0,0,0,,,,,,,,,,,,,0,0,0,0,0,0,0,0,0,0
214,2019. 8. 5.,21:02:00,1,신길,구로,N,0,1,0,1,1,3.0,0,0,,,,,,,,,,,,,0,0,0,0,0,0,0,0,0,0
215,2019. 8. 5.,21:02:00,1,신길,독산,N,0,1,0,1,1,5.0,0,0,,,,,,,,,,,,,0,0,0,0,0,0,0,0,0,0
216,2019. 8. 5.,21:10:00,1,신길,병점,N,0,1,0,1,0,,1,0,청년,0.0,0.0,1.0,0.0,0.0,0.0,0.0,1.0,핸드폰,,,1,0,0,0,0,0,0,0,0,0
217,2019. 8. 5.,21:16:00,1,신길,병점,N,0,1,0,1,0,,1,0,중년,0.0,0.0,0.0,1.0,0.0,0.0,0.0,1.0,멍,,,0,1,0,0,0,0,0,0,0,0
218,2019. 8. 5.,21:18:00,1,금천구청,병점,N,0,1,0,1,1,13.0,0,0,,,,,,,,,,,,,0,0,0,0,0,0,0,0,0,0
219,2019. 8. 5.,21:41:00,1,의왕,병점,N,0,1,0,1,1,5.0,0,0,,,,,,,,,,,,,0,0,0,0,0,0,0,0,0,0
220,2019. 8. 5.,20:58:00,6,공덕,불광,E,1,0,0,1,1,13.0,0,0,,,,,,,,,,,,,0,0,0,0,0,0,0,0,0,0
221,2019. 8. 5.,20:59:00,6,공덕,디엠씨,E,1,0,0,1,1,6.0,0,0,,,,,,,,,,,,,0,0,0,0,0,0,0,0,0,0
222,2019. 8. 5.,21:10:00,6,디엠씨,불광,N,0,1,0,1,0,,0,1,청년,0.0,0.0,1.0,0.0,0.0,0.0,0.0,0.0,멍,,,0,1,0,0,0,0,0,0,0,0
223,2019. 8. 5.,21:06:00,5,공덕,왕십리,E,1,0,0,1,1,11.0,0,0,,,,,,,,,,,,,0,0,0,0,0,0,0,0,0,0
224,2019. 8. 5.,21:06:00,5,공덕,왕십리,E,1,0,0,1,1,11.0,0,0,,,,,,,,,,,,,0,0,0,0,0,0,0,0,0,0
225,2019. 8. 5.,21:31:00,10,왕십리,야탑,E,1,0,0,1,1,16.0,0,0,,,,,,,,,,,,,0,0,0,0,0,0,0,0,0,0
226,2019. 8. 5.,21:31:00,10,왕십리,서울숲,E,1,0,0,1,1,1.0,0,0,,,,,,,,,,,,,0,0,0,0,0,0,0,0,0,0
227,2019. 8. 5.,21:37:00,10,서울숲,강남구청,E,1,0,0,1,0,,1,0,청년,0.0,0.0,1.0,0.0,0.0,0.0,1.0,0.0,핸드폰,,,1,0,0,0,0,0,0,0,0,0
228,2019. 8. 5.,21:41:00,10,강남구청,야탑,E,1,0,0,1,1,13.0,0,0,,,,,,,,,,,,,0,0,0,0,0,0,0,0,0,0
229,2019. 8. 5.,8:36:00,7,신중동,온수,F,0,0,1,0,0,,1,0,청년,0.0,0.0,1.0,0.0,0.0,0.0,0.0,1.0,핸드폰,,,1,0,0,0,0,0,0,0,0,0
230,2019. 8. 5.,8:36:00,7,신중동,온수,F,0,0,1,0,0,,1,0,청년,0.0,0.0,1.0,0.0,0.0,0.0,0.0,0.0,핸드폰,,,1,0,0,0,0,0,0,0,0,0
231,2019. 8. 5.,8:46:00,1,온수,신길,N,0,1,0,0,0,,1,0,중년,0.0,0.0,0.0,1.0,0.0,0.0,0.0,0.0,핸드폰,,,1,0,0,0,0,0,0,0,0,0
232,2019. 8. 5.,8:46:00,1,온수,신길,N,0,1,0,0,0,,0,1,노년,0.0,0.0,0.0,0.0,1.0,0.0,0.0,0.0,멍,,,0,1,0,0,0,0,0,0,0,0
233,2019. 8. 5.,8:51:00,1,개봉,구로,N,0,1,0,0,1,2.0,0,0,,,,,,,,,,,,,0,0,0,0,0,0,0,0,0,0
234,2019. 8. 5.,8:57:00,1,온수,신길,N,0,1,0,0,0,,1,0,중년,0.0,0.0,0.0,1.0,0.0,0.0,0.0,0.0,핸드폰,,,1,0,0,0,0,0,0,0,0,0
235,2019. 8. 5.,9:03:00,1,온수,신길,N,0,1,0,0,0,,1,0,중년,0.0,0.0,0.0,1.0,0.0,0.0,0.0,1.0,잠,,,0,0,1,0,0,0,0,0,0,0
236,2019. 8. 5.,9:10:00,5,신길,공덕,E,1,0,0,0,1,4.0,0,0,,,,,,,,,,,,,0,0,0,0,0,0,0,0,0,0
237,2019. 8. 5.,9:10:00,5,신길,공덕,E,1,0,0,0,0,,1,0,청년,0.0,0.0,1.0,0.0,0.0,0.0,0.0,0.0,잠,,,0,0,1,0,0,0,0,0,0,0
238,2019. 8. 5.,9:17:00,5,마포,공덕,E,1,0,0,0,1,1.0,0,0,,,,,,,,,,,,,0,0,0,0,0,0,0,0,0,0
239,2019. 8. 5.,18:40:00,5,공덕,신길,F,0,0,1,0,0,,1,0,청년,0.0,0.0,1.0,0.0,0.0,0.0,0.0,0.0,잠,,,0,0,1,0,0,0,0,0,0,0
240,2019. 8. 5.,18:40:00,5,공덕,신길,F,0,0,1,0,0,,0,1,청년,0.0,0.0,1.0,0.0,0.0,0.0,0.0,1.0,핸드폰,,,1,0,0,0,0,0,0,0,0,0
241,2019. 8. 5.,18:56:00,1,신길,부천,F,0,0,1,0,0,,1,0,청년,0.0,0.0,1.0,0.0,0.0,0.0,0.0,0.0,핸드폰,,,1,0,0,0,0,0,0,0,0,0
242,2019. 8. 5.,18:56:00,1,신길,부천,F,0,0,1,0,0,,1,0,중년,0.0,0.0,0.0,1.0,0.0,0.0,0.0,1.0,잠,,,0,0,1,0,0,0,0,0,0,0
243,2019. 8. 5.,19:11:00,1,역곡,부천,F,0,0,1,0,0,,1,0,청년,0.0,0.0,1.0,0.0,0.0,0.0,0.0,0.0,핸드폰,,,1,0,0,0,0,0,0,0,0,0
244,2019. 8. 5.,19:11:00,1,역곡,부천,F,0,0,1,0,0,,1,0,청년,0.0,0.0,1.0,0.0,0.0,0.0,0.0,0.0,핸드폰,,,1,0,0,0,0,0,0,0,0,0
245,2019. 8. 5.,17:57:00,6,동묘앞,화랑대,F,0,0,1,0,1,7.0,0,0,,,,,,,,,,,,,0,0,0,0,0,0,0,0,0,0
246,2019. 8. 5.,8:58:00,6,화랑대,공덕,N,0,1,0,0,0,,1,0,청년,0.0,0.0,1.0,0.0,0.0,0.0,0.0,0.0,이어폰,,,0,0,0,1,0,0,0,0,0,0
247,2019. 8. 7.,8:18:00,1,병점,수원,E,1,0,0,1,1,2.0,0,0,,,,,,,,,,,,,0,0,0,0,0,0,0,0,0,0
248,2019. 8. 7.,8:18:00,1,병점,금정,F,0,0,1,1,1,8.0,0,0,,,,,,,,,,,,,0,0,0,0,0,0,0,0,0,0
249,2019. 8. 7.,8:23:00,1,수원,신길,F,0,0,1,0,0,,0,1,중년,0.0,0.0,0.0,1.0,0.0,0.0,0.0,1.0,핸드폰,이어폰,,1,0,0,1,0,0,0,0,0,0
250,2019. 8. 7.,8:23:00,1,수원,신길,F,0,0,1,0,0,,1,0,노년,0.0,0.0,0.0,0.0,1.0,0.0,0.0,0.0,대화,,,0,0,0,0,1,0,0,0,0,0
251,2019. 8. 7.,8:29:00,1,병점,신길,N,0,1,0,1,0,,1,0,중년,0.0,0.0,0.0,1.0,0.0,0.0,0.0,0.0,핸드폰,,,1,0,0,0,0,0,0,0,0,0
252,2019. 8. 7.,8:44:00,1,병점,신길,F,0,0,1,0,0,,1,0,중년,0.0,0.0,0.0,1.0,0.0,0.0,0.0,0.0,핸드폰,,,1,0,0,0,0,0,0,0,0,0
253,2019. 8. 7.,8:46:00,1,수원,신길,F,0,0,1,0,0,,1,0,중년,0.0,0.0,0.0,1.0,0.0,0.0,0.0,0.0,잠,,,0,0,1,0,0,0,0,0,0,0
254,2019. 8. 7.,8:57:00,1,수원,신길,F,0,0,1,0,0,,1,0,중년,0.0,0.0,0.0,1.0,0.0,0.0,0.0,0.0,핸드폰,,,1,0,0,0,0,0,0,0,0,0
255,2019. 8. 7.,9:07:00,5,신길,공덕,F,0,0,1,0,1,4.0,0,0,,,,,,,,,,,,,0,0,0,0,0,0,0,0,0,0
256,2019. 8. 7.,9:08:00,1,병점,신길,F,0,0,1,1,0,,1,0,청년,0.0,0.0,1.0,0.0,0.0,1.0,1.0,0.0,이어폰,잠,,0,0,1,1,0,0,0,0,0,0
257,2019. 8. 7.,9:07:00,5,신길,공덕,F,0,0,1,0,0,,1,0,중년,0.0,0.0,0.0,1.0,0.0,0.0,0.0,1.0,핸드폰,,,1,0,0,0,0,0,0,0,0,0
258,2019. 8. 7.,9:10:00,5,신길,공덕,F,0,0,1,0,0,,1,0,중년,0.0,0.0,0.0,1.0,0.0,0.0,0.0,0.0,잠,,,0,0,1,0,0,0,0,0,0,0
259,2019. 8. 7.,9:16:00,6,화랑대,공덕,N,0,1,0,0,0,,1,0,청년,0.0,0.0,1.0,0.0,0.0,0.0,1.0,1.0,핸드폰,,,1,0,0,0,0,0,0,0,0,0
260,2019. 8. 7.,9:16:00,6,화랑대,공덕,N,0,1,0,0,0,,1,0,노년,0.0,0.0,0.0,0.0,1.0,0.0,0.0,1.0,멍,,,0,1,0,0,0,0,0,0,0,0
261,2019. 8. 7.,9:19:00,1,병점,신길,F,0,0,1,1,0,,1,0,노년,0.0,0.0,0.0,0.0,1.0,0.0,0.0,1.0,멍,,,0,1,0,0,0,0,0,0,0,0
262,2019. 8. 7.,9:26:00,5,신길,공덕,F,0,0,1,0,0,,1,0,중년,0.0,0.0,0.0,1.0,0.0,0.0,0.0,0.0,이어폰,핸드폰,,1,0,0,1,0,0,0,0,0,0
263,2019. 8. 7.,9:32:00,6,화랑대,공덕,F,0,0,1,0,0,,1,0,중년,0.0,0.0,0.0,1.0,0.0,0.0,0.0,0.0,멍,,,0,1,0,0,0,0,0,0,0,0
264,2019. 8. 7.,9:34:00,6,동묘앞,약수,E,1,0,0,1,1,3.0,0,0,,,,,,,,,,,,,0,0,0,0,0,0,0,0,0,0
265,2019. 8. 7.,9:34:00,6,동묘앞,공덕,E,1,0,0,1,1,10.0,0,0,,,,,,,,,,,,,0,0,0,0,0,0,0,0,0,0
266,2019. 8. 7.,9:39:00,6,화랑대,공덕,E,1,0,0,1,0,,1,0,중년,0.0,0.0,0.0,1.0,0.0,0.0,0.0,0.0,멍,,,0,1,0,0,0,0,0,0,0,0
267,2019. 8. 7.,9:42:00,6,한강진,공덕,N,0,1,0,1,1,5.0,0,0,,,,,,,,,,,,,0,0,0,0,0,0,0,0,0,0
268,2019. 8. 7.,8:36:00,10,야탑,왕십리,F,0,0,1,0,0,,1,0,청년,0.0,0.0,1.0,0.0,0.0,0.0,0.0,0.0,잠,,,0,0,1,0,0,0,0,0,0,0
269,2019. 8. 7.,8:36:00,10,야탑,왕십리,F,0,0,1,0,0,,1,0,노년,0.0,0.0,0.0,0.0,1.0,0.0,0.0,0.0,잠,,,0,0,1,0,0,0,0,0,0,0
270,2019. 8. 7.,8:52:00,10,야탑,왕십리,F,0,0,1,0,0,,1,0,중년,0.0,0.0,0.0,1.0,0.0,0.0,0.0,0.0,핸드폰,,,1,0,0,0,0,0,0,0,0,0
271,2019. 8. 7.,9:06:00,10,강남구청,왕십리,E,1,0,0,1,1,3.0,0,0,,,,,,,,,,,,,0,0,0,0,0,0,0,0,0,0
272,2019. 8. 7.,9:23:00,5,왕십리,공덕,N,0,1,0,0,0,,1,0,청년,0.0,0.0,1.0,0.0,0.0,0.0,0.0,0.0,핸드폰,,,1,0,0,0,0,0,0,0,0,0
273,2019. 8. 7.,9:23:00,5,왕십리,공덕,N,0,1,0,0,0,,1,0,청년,0.0,0.0,1.0,0.0,0.0,0.0,0.0,0.0,잠,,,0,0,1,0,0,0,0,0,0,0
274,2019. 8. 7.,9:28:00,5,왕십리,공덕,N,0,1,0,0,0,,1,0,중년,0.0,0.0,0.0,1.0,0.0,0.0,0.0,0.0,핸드폰,,,1,0,0,0,0,0,0,0,0,0
275,2019. 8. 7.,9:42:00,5,왕십리,공덕,N,0,1,0,0,0,,1,0,중년,0.0,0.0,0.0,1.0,0.0,0.0,0.0,0.0,핸드폰,,,1,0,0,0,0,0,0,0,0,0
276,2019. 8. 7.,9:43:00,5,애오개,공덕,N,0,1,0,0,1,1.0,0,0,,,,,,,,,,,,,0,0,0,0,0,0,0,0,0,0
277,2019. 8. 7.,18:55:00,1,신길,병점,F,0,0,1,0,0,,1,0,중년,0.0,0.0,0.0,1.0,0.0,0.0,0.0,0.0,대화,,,0,0,0,0,1,0,0,0,0,0
278,2019. 8. 7.,18:55:00,1,신길,병점,F,0,0,1,0,0,,1,0,중년,0.0,0.0,0.0,1.0,0.0,0.0,0.0,0.0,이어폰,핸드폰,,1,0,0,1,0,0,0,0,0,0
279,2019. 8. 7.,19:34:00,1,당정,병점,N,0,1,0,1,1,6.0,0,0,,,,,,,,,,,,,0,0,0,0,0,0,0,0,0,0
280,2019. 8. 7.,19:38:00,1,의왕,병점,N,0,1,0,1,1,5.0,0,0,,,,,,,,,,,,,0,0,0,0,0,0,0,0,0,0
281,2019. 8. 7.,18:28:00,6,공덕,합정,E,1,0,0,1,1,4.0,0,0,,,,,,,,,,,,,0,0,0,0,0,0,0,0,0,0
282,2019. 8. 7.,18:29:00,6,공덕,합정,E,1,0,0,1,1,4.0,0,0,,,,,,,,,,,,,0,0,0,0,0,0,0,0,0,0
283,2019. 8. 7.,18:34:00,6,상수,합정,N,0,1,0,1,0,,0,1,중년,0.0,0.0,0.0,1.0,0.0,0.0,0.0,0.0,핸드폰,,,1,0,0,0,0,0,0,0,0,0
284,2019. 8. 7.,20:19:00,5,공덕,신길,N,0,1,0,1,0,,1,0,청년,0.0,0.0,1.0,0.0,0.0,0.0,0.0,0.0,핸드폰,,,1,0,0,0,0,0,0,0,0,0
285,2019. 8. 7.,20:19:00,5,공덕,신길,N,0,1,0,1,1,4.0,0,0,,,,,,,,,,,,,0,0,0,0,0,0,0,0,0,0
286,2019. 8. 7.,20:33:00,1,신길,수원,N,0,1,0,1,0,,0,1,중년,0.0,0.0,0.0,1.0,0.0,0.0,0.0,1.0,멍,,,0,1,0,0,0,0,0,0,0,0
287,2019. 8. 7.,20:33:00,1,신길,영등포,N,0,1,0,1,1,1.0,0,0,,,,,,,,,,,,,0,0,0,0,0,0,0,0,0,0
288,2019. 8. 7.,20:36:00,1,신길,수원,N,0,1,0,1,0,,0,1,노년,0.0,0.0,0.0,0.0,1.0,0.0,0.0,0.0,멍,,,0,1,0,0,0,0,0,0,0,0
289,2019. 8. 7.,20:47:00,1,가산디지털단지,금정,F,0,0,1,0,1,7.0,0,0,,,,,,,,,,,,,0,0,0,0,0,0,0,0,0,0
290,2019. 8. 7.,21:09:00,1,신길,수원,N,0,1,0,0,0,,1,0,중년,0.0,0.0,0.0,1.0,0.0,0.0,0.0,1.0,멍,,,0,1,0,0,0,0,0,0,0,0
291,2019. 8. 7.,21:09:00,1,신길,수원,N,0,1,0,0,0,,0,1,청년,0.0,0.0,1.0,0.0,0.0,0.0,0.0,0.0,핸드폰,,,1,0,0,0,0,0,0,0,0,0
292,2019. 8. 7.,21:17:00,1,의왕,수원,E,1,0,0,1,1,3.0,0,0,,,,,,,,,,,,,0,0,0,0,0,0,0,0,0,0
293,2019. 8. 7.,21:12:00,6,합정,디엠씨,F,0,0,1,1,0,,0,1,청년,0.0,0.0,1.0,0.0,0.0,0.0,0.0,0.0,핸드폰,,,1,0,0,0,0,0,0,0,0,0
294,2019. 8. 7.,21:13:00,6,합정,디엠씨,F,0,0,1,1,0,,1,0,중년,0.0,0.0,0.0,1.0,0.0,0.0,0.0,0.0,멍,,,0,1,0,0,0,0,0,0,0,0
295,2019. 8. 7.,21:24:00,6,디엠씨,불광,N,0,1,0,1,1,5.0,0,0,,,,,,,,,,,,,0,0,0,0,0,0,0,0,0,0
296,2019. 8. 7.,21:26:00,6,디엠씨,불광,N,0,1,0,1,1,5.0,0,0,,,,,,,,,,,,,0,0,0,0,0,0,0,0,0,0
297,2019. 8. 7.,21:04:00,6,공덕,약수,E,1,0,0,1,1,7.0,0,0,,,,,,,,,,,,,0,0,0,0,0,0,0,0,0,0
298,2019. 8. 7.,21:04:00,6,공덕,효창공원,E,1,0,0,1,1,1.0,0,0,,,,,,,,,,,,,0,0,0,0,0,0,0,0,0,0
299,2019. 8. 7.,21:04:00,6,공덕,화랑대,N,0,1,0,1,0,,0,1,청년,0.0,0.0,1.0,0.0,0.0,0.0,0.0,0.0,이어폰,핸드폰,,1,0,0,1,0,0,0,0,0,0
300,2019. 8. 7.,21:15:00,6,공덕,화랑대,N,0,1,0,1,0,,1,0,청년,0.0,0.0,1.0,0.0,0.0,0.0,0.0,0.0,핸드폰,,,1,0,0,0,0,0,0,0,0,0
301,2019. 8. 7.,21:15:00,6,공덕,화랑대,N,0,1,0,1,0,,1,0,청년,0.0,0.0,1.0,0.0,0.0,0.0,0.0,1.0,핸드폰,,,1,0,0,0,0,0,0,0,0,0
302,2019. 8. 7.,21:55:00,6,창신,화랑대,N,0,1,0,0,1,9.0,0,0,,,,,,,,,,,,,0,0,0,0,0,0,0,0,0,0
303,2019. 8. 7.,21:35:00,6,석계,화랑대,E,1,0,0,1,1,2.0,0,0,,,,,,,,,,,,,0,0,0,0,0,0,0,0,0,0
304,2019. 8. 7.,21:19:00,5,공덕,왕십리,E,1,0,0,1,0,,0,1,청년,0.0,0.0,1.0,0.0,0.0,0.0,0.0,0.0,핸드폰,,,1,0,0,0,0,0,0,0,0,0
305,2019. 8. 7.,21:19:00,5,공덕,종로3가,E,1,0,0,1,1,5.0,0,0,,,,,,,,,,,,,0,0,0,0,0,0,0,0,0,0
306,2019. 8. 7.,21:28:00,5,공덕,왕십리,N,0,1,0,0,0,,0,1,중년,0.0,0.0,0.0,1.0,0.0,0.0,0.0,0.0,핸드폰,,,1,0,0,0,0,0,0,0,0,0
307,2019. 8. 7.,21:46:00,10,왕십리,야탑,E,1,0,0,1,0,,1,0,중년,0.0,0.0,0.0,1.0,0.0,0.0,0.0,1.0,핸드폰,독서,,1,0,0,0,0,0,1,0,0,0
308,2019. 8. 7.,21:46:00,10,왕십리,선릉,E,1,0,0,1,1,5.0,0,0,,,,,,,,,,,,,0,0,0,0,0,0,0,0,0,0
309,2019. 8. 7.,21:59:00,10,왕십리,야탑,F,0,0,1,0,0,,1,0,청년,0.0,0.0,1.0,0.0,0.0,0.0,0.0,0.0,핸드폰,이어폰,,1,0,0,1,0,0,0,0,0,0
310,2019. 8. 7.,8:48:00,1,온수,신길,F,0,0,1,0,0,,0,1,청년,0.0,0.0,1.0,0.0,0.0,0.0,0.0,1.0,잠,,,0,0,1,0,0,0,0,0,0,0
311,2019. 8. 7.,8:48:00,1,온수,신길,F,0,0,1,0,0,,0,1,중년,0.0,0.0,0.0,1.0,0.0,0.0,0.0,0.0,대화,,,0,0,0,0,1,0,0,0,0,0
312,2019. 8. 7.,9:03:00,1,온수,신길,F,0,0,1,0,0,,0,1,중년,0.0,0.0,0.0,1.0,0.0,0.0,0.0,1.0,핸드폰,,,1,0,0,0,0,0,0,0,0,0
313,2019. 8. 7.,9:10:00,5,신길,공덕,N,0,1,0,1,0,,1,0,청년,0.0,0.0,1.0,0.0,0.0,0.0,0.0,1.0,핸드폰,,,1,0,0,0,0,0,0,0,0,0
314,2019. 8. 7.,9:10:00,5,신길,공덕,N,0,1,0,1,0,,1,0,청년,0.0,0.0,1.0,0.0,0.0,0.0,0.0,0.0,핸드폰,,,1,0,0,0,0,0,0,0,0,0
315,2019. 8. 7.,18:56:00,5,공덕,신길,F,0,0,1,0,0,,1,0,청년,0.0,0.0,1.0,0.0,0.0,0.0,0.0,1.0,핸드폰,,,1,0,0,0,0,0,0,0,0,0
316,2019. 8. 7.,18:56:00,5,공덕,신길,F,0,0,1,0,0,,1,0,청년,0.0,0.0,1.0,0.0,0.0,0.0,0.0,1.0,핸드폰,,,1,0,0,0,0,0,0,0,0,0
317,2019. 8. 7.,19:12:00,1,신길,온수,F,0,0,1,0,0,,1,0,청년,0.0,0.0,1.0,0.0,0.0,0.0,0.0,0.0,핸드폰,,,1,0,0,0,0,0,0,0,0,0
318,2019. 8. 7.,19:12:00,1,신길,온수,F,0,0,1,0,0,,0,1,중년,0.0,0.0,0.0,1.0,0.0,0.0,0.0,0.0,핸드폰,,,1,0,0,0,0,0,0,0,0,0
319,2019. 8. 7.,19:17:00,1,신길,온수,F,0,0,1,0,0,,1,0,청년,0.0,0.0,1.0,0.0,0.0,1.0,1.0,0.0,통화,,,0,0,0,0,0,1,0,0,0,0
320,2019. 8. 7.,19:28:00,1,오류동,온수,F,0,0,1,0,1,1.0,0,0,,,,,,,,,,,,,0,0,0,0,0,0,0,0,0,0
321,2019. 8. 7.,19:34:00,7,온수,신중동,F,0,0,1,0,0,,1,0,청년,0.0,0.0,1.0,0.0,0.0,0.0,0.0,1.0,핸드폰,,,1,0,0,0,0,0,0,0,0,0
322,2019. 8. 7.,19:34:00,7,온수,신중동,F,0,0,1,0,1,4.0,0,0,,,,,,,,,,,,,0,0,0,0,0,0,0,0,0,0
323,2019. 8. 8.,8:15:00,1,병점,수원,E,1,0,0,1,1,2.0,0,0,,,,,,,,,,,,,0,0,0,0,0,0,0,0,0,0
324,2019. 8. 8.,8:15:00,1,병점,수원,E,1,0,0,1,1,2.0,0,0,,,,,,,,,,,,,0,0,0,0,0,0,0,0,0,0
325,2019. 8. 8.,8:28:00,1,병점,신길,N,0,1,0,1,0,,0,1,중년,0.0,0.0,0.0,1.0,0.0,0.0,0.0,1.0,핸드폰,이어폰,,1,0,0,1,0,0,0,0,0,0
326,2019. 8. 8.,8:28:00,1,병점,신길,N,0,1,0,1,0,,0,1,청년,0.0,0.0,1.0,0.0,0.0,0.0,0.0,1.0,핸드폰,,,1,0,0,0,0,0,0,0,0,0
327,2019. 8. 8.,8:38:00,1,수원,신길,N,0,1,0,1,0,,0,1,중년,0.0,0.0,0.0,1.0,0.0,0.0,0.0,1.0,핸드폰,,,1,0,0,0,0,0,0,0,0,0
328,2019. 8. 8.,8:38:00,1,수원,신길,N,0,1,0,1,0,,1,0,중년,0.0,0.0,0.0,1.0,0.0,0.0,0.0,0.0,핸드폰,,,1,0,0,0,0,0,0,0,0,0
329,2019. 8. 8.,8:46:00,1,병점,신길,N,0,1,0,1,0,,0,1,청년,0.0,0.0,1.0,0.0,0.0,0.0,0.0,0.0,핸드폰,,,1,0,0,0,0,0,0,0,0,0
330,2019. 8. 8.,8:52:00,1,수원,신길,N,0,1,0,0,0,,1,0,중년,0.0,0.0,0.0,1.0,0.0,0.0,0.0,1.0,멍,,,0,1,0,0,0,0,0,0,0,0
331,2019. 8. 8.,8:52:00,6,화랑대,공덕,N,0,1,0,1,0,,1,0,노년,0.0,0.0,0.0,0.0,1.0,0.0,0.0,0.0,멍,,,0,1,0,0,0,0,0,0,0,0
332,2019. 8. 8.,8:52:00,6,화랑대,공덕,N,0,1,0,1,0,,1,0,청년,0.0,0.0,1.0,0.0,0.0,0.0,0.0,0.0,통화,,,0,0,0,0,0,1,0,0,0,0
333,2019. 8. 8.,8:56:00,1,수원,신길,F,0,0,1,0,0,,1,0,중년,0.0,0.0,0.0,1.0,0.0,0.0,0.0,0.0,핸드폰,,,1,0,0,0,0,0,0,0,0,0
334,2019. 8. 8.,9:04:00,1,수원,신길,F,0,0,1,0,0,,1,0,중년,0.0,0.0,0.0,1.0,0.0,0.0,0.0,1.0,핸드폰,,,1,0,0,0,0,0,0,0,0,0
335,2019. 8. 8.,9:10:00,6,화랑대,공덕,N,0,1,0,0,0,,1,0,청년,0.0,0.0,1.0,0.0,0.0,0.0,0.0,0.0,잠,,,0,0,1,0,0,0,0,0,0,0
336,2019. 8. 8.,9:11:00,6,화랑대,공덕,N,0,1,0,0,0,,1,0,중년,0.0,0.0,0.0,1.0,0.0,0.0,0.0,0.0,멍,,,0,1,0,0,0,0,0,0,0,0
337,2019. 8. 8.,9:15:00,6,화랑대,공덕,N,0,1,0,1,0,,1,0,중년,0.0,0.0,0.0,1.0,0.0,0.0,0.0,1.0,잠,,,0,0,1,0,0,0,0,0,0,0
338,2019. 8. 8.,9:18:00,6,한강진,삼각지,N,0,1,0,1,1,3.0,0,0,,,,,,,,,,,,,0,0,0,0,0,0,0,0,0,0
339,2019. 8. 8.,9:19:00,1,병점,신길,F,0,0,1,0,0,,0,1,중년,0.0,0.0,0.0,1.0,0.0,0.0,0.0,0.0,핸드폰,,,1,0,0,0,0,0,0,0,0,0
340,2019. 8. 8.,9:25:00,6,화랑대,공덕,N,0,1,0,1,0,,1,0,청년,0.0,0.0,1.0,0.0,0.0,0.0,0.0,1.0,핸드폰,,,1,0,0,0,0,0,0,0,0,0
341,2019. 8. 8.,9:27:00,5,신길,공덕,F,0,0,1,0,0,,1,0,중년,0.0,0.0,0.0,1.0,0.0,0.0,0.0,1.0,핸드폰,,,1,0,0,0,0,0,0,0,0,0
342,2019. 8. 8.,9:28:00,5,신길,공덕,F,0,0,1,0,0,,0,1,중년,0.0,0.0,0.0,1.0,0.0,0.0,0.0,0.0,이어폰,핸드폰,,1,0,0,1,0,0,0,0,0,0
343,2019. 8. 8.,9:28:00,5,여의도,공덕,F,0,0,1,0,1,3.0,0,0,,,,,,,,,,,,,0,0,0,0,0,0,0,0,0,0
344,2019. 8. 8.,9:39:00,5,신길,공덕,F,0,0,1,0,1,4.0,0,0,,,,,,,,,,,,,0,0,0,0,0,0,0,0,0,0
345,2019. 8. 8.,9:39:00,5,신길,마포,F,0,0,1,0,1,3.0,0,0,,,,,,,,,,,,,0,0,0,0,0,0,0,0,0,0
346,2019. 8. 8.,9:45:00,5,신길,공덕,F,0,0,1,0,0,,0,1,청소년,0.0,1.0,0.0,0.0,0.0,0.0,0.0,0.0,핸드폰,,,1,0,0,0,0,0,0,0,0,0
347,2019. 8. 8.,8:35:00,10,야탑,왕십리,F,0,0,1,0,0,,1,0,청년,0.0,0.0,1.0,0.0,0.0,0.0,0.0,0.0,이어폰,,,0,0,0,1,0,0,0,0,0,0
348,2019. 8. 8.,8:35:00,10,야탑,왕십리,F,0,0,1,0,0,,1,0,청년,0.0,0.0,1.0,0.0,0.0,0.0,0.0,0.0,먹기,,,0,0,0,0,0,0,0,0,1,0
349,2019. 8. 8.,8:55:00,10,야탑,왕십리,F,0,0,1,0,0,,1,0,청년,0.0,0.0,1.0,0.0,0.0,0.0,0.0,0.0,핸드폰,멍,,1,1,0,0,0,0,0,0,0,0
350,2019. 8. 8.,9:01:00,10,선릉,왕십리,N,0,1,0,0,1,5.0,0,0,,,,,,,,,,,,,0,0,0,0,0,0,0,0,0,0
351,2019. 8. 8.,9:05:00,10,강남구청,왕십리,E,1,0,0,1,1,3.0,0,0,,,,,,,,,,,,,0,0,0,0,0,0,0,0,0,0
352,2019. 8. 8.,9:23:00,5,왕십리,행당,N,0,1,0,0,1,1.0,0,0,,,,,,,,,,,,,0,0,0,0,0,0,0,0,0,0
353,2019. 8. 8.,9:23:00,5,왕십리,공덕,N,0,1,0,0,0,,1,0,청년,0.0,0.0,1.0,0.0,0.0,0.0,1.0,0.0,핸드폰,이어폰,,1,0,0,1,0,0,0,0,0,0
354,2019. 8. 8.,9:24:00,5,왕십리,공덕,N,0,1,0,0,0,,1,0,청년,0.0,0.0,1.0,0.0,0.0,0.0,0.0,1.0,멍,,,0,1,0,0,0,0,0,0,0,0
355,2019. 8. 8.,9:29:00,5,동대문역사문화공원,공덕,N,0,1,0,0,1,7.0,0,0,,,,,,,,,,,,,0,0,0,0,0,0,0,0,0,0
356,2019. 8. 8.,9:38:00,5,서대문,공덕,E,1,0,0,1,1,3.0,0,0,,,,,,,,,,,,,0,0,0,0,0,0,0,0,0,0
357,2019. 8. 8.,9:10:00,6,불광,월드컵경기장,E,1,0,0,1,1,7.0,0,0,,,,,,,,,,,,,0,0,0,0,0,0,0,0,0,0
358,2019. 8. 8.,9:12:00,6,불광,공덕,E,1,0,0,1,1,14.0,0,0,,,,,,,,,,,,,0,0,0,0,0,0,0,0,0,0
359,2019. 8. 8.,9:26:00,6,합정,공덕,E,1,0,0,1,0,,0,1,청년,0.0,0.0,1.0,0.0,0.0,0.0,0.0,0.0,핸드폰,,,1,0,0,0,0,0,0,0,0,0
360,2019. 8. 8.,17:39:00,5,공덕,신길,F,0,0,1,0,0,,1,0,노년,0.0,0.0,0.0,0.0,1.0,0.0,0.0,0.0,핸드폰,,,1,0,0,0,0,0,0,0,0,0
361,2019. 8. 8.,17:40:00,6,공덕,화랑대,N,0,1,0,1,0,,1,0,중년,0.0,0.0,0.0,1.0,0.0,0.0,0.0,1.0,핸드폰,,,1,0,0,0,0,0,0,0,0,0
362,2019. 8. 8.,17:40:00,6,공덕,화랑대,N,0,1,0,1,0,,1,0,중년,0.0,0.0,0.0,1.0,0.0,0.0,0.0,0.0,멍,,,0,1,0,0,0,0,0,0,0,0
363,2019. 8. 8.,17:39:00,5,공덕,신길,F,0,0,1,0,0,,1,0,중년,0.0,0.0,0.0,1.0,0.0,0.0,0.0,0.0,잠,,,0,0,1,0,0,0,0,0,0,0
364,2019. 8. 8.,17:44:00,6,삼각지,약수,N,0,1,0,1,1,5.0,0,0,,,,,,,,,,,,,0,0,0,0,0,0,0,0,0,0
365,2019. 8. 8.,17:51:00,6,약수,청구,N,0,1,0,1,1,1.0,0,0,,,,,,,,,,,,,0,0,0,0,0,0,0,0,0,0
366,2019. 8. 8.,17:52:00,6,공덕,화랑대,N,0,1,0,1,0,,1,0,청년,0.0,0.0,1.0,0.0,0.0,0.0,0.0,0.0,잠,,,0,0,0,1,0,0,0,0,0,0
367,2019. 8. 8.,17:53:00,6,공덕,화랑대,N,0,1,0,1,0,,1,0,청년,0.0,0.0,1.0,0.0,0.0,1.0,1.0,1.0,핸드폰,,,1,0,0,0,0,0,0,0,0,0
368,2019. 8. 8.,17:55:00,1,신길,수원,F,0,0,1,0,0,,1,0,청년,0.0,0.0,1.0,0.0,0.0,0.0,0.0,0.0,핸드폰,,,1,0,0,0,0,0,0,0,0,0
369,2019. 8. 8.,17:55:00,1,신길,수원,F,0,0,1,0,0,,0,1,중년,0.0,0.0,0.0,1.0,0.0,0.0,0.0,0.0,잠,,,0,0,1,0,0,0,0,0,0,0
370,2019. 8. 8.,18:09:00,1,신길,수원,F,0,0,1,0,0,,0,1,중년,0.0,0.0,0.0,1.0,0.0,0.0,0.0,0.0,멍,,,0,1,0,0,0,0,0,0,0,0
371,2019. 8. 8.,18:26:00,1,신길,수원,F,0,0,1,0,0,,1,0,중년,0.0,0.0,0.0,1.0,0.0,0.0,0.0,0.0,핸드폰,,,1,0,0,0,0,0,0,0,0,0
372,2019. 8. 8.,18:26:00,1,신길,수원,F,0,0,1,0,0,,1,0,청년,0.0,0.0,1.0,0.0,0.0,0.0,0.0,0.0,핸드폰,,,1,0,0,0,0,0,0,0,0,0
373,2019. 8. 8.,18:34:00,1,금정,수원,F,0,0,1,0,1,6.0,0,0,,,,,,,,,,,,,0,0,0,0,0,0,0,0,0,0
374,2019. 8. 8.,8:39:00,7,신중동,춘의,N,0,1,0,1,1,1.0,0,0,,,,,,,,,,,,,0,0,0,0,0,0,0,0,0,0
375,2019. 8. 8.,8:39:00,7,신중동,온수,N,0,1,0,1,0,,1,0,중년,0.0,0.0,0.0,1.0,0.0,0.0,0.0,0.0,핸드폰,,,1,0,0,0,0,0,0,0,0,0
376,2019. 8. 8.,8:41:00,7,신중동,온수,N,0,1,0,1,0,,0,1,청년,0.0,0.0,1.0,0.0,0.0,0.0,0.0,1.0,잠,,,0,0,1,0,0,0,0,0,0,0
377,2019. 8. 8.,8:56:00,1,온수,신길,N,0,1,0,0,0,,0,1,청년,0.0,0.0,1.0,0.0,0.0,0.0,0.0,1.0,잠,,,0,0,1,0,0,0,0,0,0,0
378,2019. 8. 8.,8:56:00,1,온수,신길,N,0,1,0,0,0,,1,0,중년,0.0,0.0,0.0,1.0,0.0,0.0,0.0,1.0,잠,,,0,0,1,0,0,0,0,0,0,0
379,2019. 8. 8.,9:05:00,1,온수,신길,N,0,1,0,0,0,,1,0,중년,0.0,0.0,0.0,1.0,0.0,0.0,0.0,1.0,잠,,,0,0,1,0,0,0,0,0,0,0
380,2019. 8. 8.,9:16:00,5,신길,공덕,F,0,0,1,0,0,,1,0,노년,0.0,0.0,0.0,0.0,1.0,0.0,0.0,1.0,핸드폰,,,1,0,0,0,0,0,0,0,0,0
381,2019. 8. 8.,9:16:00,5,신길,여의도,F,0,0,1,0,1,1.0,0,0,,,,,,,,,,,,,0,0,0,0,0,0,0,0,0,0
382,2019. 8. 8.,9:18:00,5,신길,공덕,F,0,0,1,0,0,,1,0,중년,0.0,0.0,0.0,1.0,0.0,0.0,0.0,1.0,핸드폰,,,1,0,0,0,0,0,0,0,0,0
383,2019. 8. 8.,17:40:00,5,공덕,신길,N,0,1,0,1,0,,0,1,중년,0.0,0.0,0.0,1.0,0.0,0.0,0.0,0.0,핸드폰,,,1,0,0,0,0,0,0,0,0,0
384,2019. 8. 8.,17:40:00,5,공덕,여의나루,N,0,1,0,1,1,2.0,0,0,,,,,,,,,,,,,0,0,0,0,0,0,0,0,0,0
385,2019. 8. 8.,17:43:00,5,공덕,신길,N,0,1,0,1,0,,1,0,노년,0.0,0.0,0.0,0.0,1.0,0.0,0.0,0.0,대화,,,0,0,0,0,1,0,0,0,0,0
386,2019. 8. 8.,17:46:00,5,여의도,신길,N,0,1,0,1,1,1.0,0,0,,,,,,,,,,,,,0,0,0,0,0,0,0,0,0,0
387,2019. 8. 8.,17:54:00,1,신길,부천,N,0,1,0,0,0,,1,0,중년,0.0,0.0,0.0,1.0,0.0,0.0,0.0,0.0,대화,,,0,0,0,0,1,0,0,0,0,0
388,2019. 8. 8.,17:54:00,1,신길,부천,N,0,1,0,0,0,,1,0,중년,0.0,0.0,0.0,1.0,0.0,0.0,0.0,0.0,대화,,,0,0,0,0,1,0,0,0,0,0
389,2019. 8. 8.,17:56:00,1,신길,부천,N,0,1,0,0,0,,1,0,중년,0.0,0.0,0.0,1.0,0.0,0.0,0.0,1.0,핸드폰,,,1,0,0,0,0,0,0,0,0,0
390,2019. 8. 8.,17:59:00,1,신길,부천,N,0,1,0,0,0,,1,0,노년,0.0,0.0,0.0,0.0,1.0,0.0,0.0,1.0,멍,,,0,1,0,0,0,0,0,0,0,0
391,2019. 8. 8.,17:39:00,5,공덕,답십리,N,0,1,0,1,0,,1,0,중년,0.0,0.0,0.0,1.0,0.0,0.0,0.0,0.0,잠,,,0,0,1,0,0,0,0,0,0,0
392,2019. 8. 8.,17:39:00,5,공덕,답십리,N,0,1,0,1,0,,1,0,노년,0.0,0.0,0.0,0.0,1.0,0.0,0.0,1.0,핸드폰,,,1,0,0,0,0,0,0,0,0,0
393,2019. 8. 8.,17:54:00,5,공덕,답십리,F,0,0,1,0,0,,1,0,청년,0.0,0.0,1.0,0.0,0.0,0.0,0.0,0.0,핸드폰,,,1,0,0,0,0,0,0,0,0,0
394,2019. 8. 8.,18:08:00,5,답십리,왕십리,N,0,1,0,1,1,2.0,0,0,,,,,,,,,,,,,0,0,0,0,0,0,0,0,0,0
395,2019. 8. 8.,18:08:00,5,답십리,왕십리,N,0,1,0,1,0,,1,0,중년,0.0,0.0,0.0,1.0,0.0,0.0,0.0,1.0,멍,,,0,1,0,0,0,0,0,0,0,0
396,2019. 8. 8.,18:21:00,10,왕십리,야탑,F,0,0,1,0,0,,1,0,중년,0.0,0.0,0.0,1.0,0.0,0.0,0.0,0.0,핸드폰,,,1,0,0,0,0,0,0,0,0,0
397,2019. 8. 8.,18:21:00,10,왕십리,야탑,F,0,0,1,0,0,,1,0,중년,0.0,0.0,0.0,1.0,0.0,0.0,0.0,0.0,핸드폰,,,1,0,0,0,0,0,0,0,0,0
398,2019. 8. 9.,8:09:00,1,수원,신길,N,0,1,0,1,0,,0,1,청년,0.0,0.0,1.0,0.0,0.0,0.0,0.0,1.0,멍,,,0,1,0,0,0,0,0,0,0,0
399,2019. 8. 9.,8:09:00,1,수원,신길,N,0,1,0,1,0,,1,0,중년,0.0,0.0,0.0,1.0,0.0,0.0,0.0,0.0,잠,,,0,0,1,0,0,0,0,0,0,0
400,2019. 8. 9.,8:13:00,1,병점,세류,E,1,0,0,1,1,1.0,0,0,,,,,,,,,,,,,0,0,0,0,0,0,0,0,0,0
401,2019. 8. 9.,8:13:00,1,병점,수원,E,1,0,0,1,1,2.0,0,0,,,,,,,,,,,,,0,0,0,0,0,0,0,0,0,0
402,2019. 8. 9.,8:23:00,1,병점,신길,E,1,0,0,1,0,,1,0,청년,0.0,0.0,1.0,0.0,0.0,0.0,0.0,1.0,핸드폰,,,1,0,0,0,0,0,0,0,0,0
403,2019. 8. 9.,8:26:00,1,병점,신길,N,0,1,0,1,0,,0,1,청년,0.0,0.0,1.0,0.0,0.0,0.0,0.0,1.0,핸드폰,이어폰,,1,0,0,1,0,0,0,0,0,0
404,2019. 8. 9.,8:26:00,1,병점,신길,N,0,1,0,1,0,,0,1,청년,0.0,0.0,1.0,0.0,0.0,0.0,0.0,1.0,핸드폰,이어폰,,1,0,0,1,0,0,0,0,0,0
405,2019. 8. 9.,8:28:00,1,수원,신길,N,0,1,0,1,0,,0,1,청년,0.0,0.0,1.0,0.0,0.0,0.0,0.0,0.0,핸드폰,,,1,0,0,0,0,0,0,0,0,0
406,2019. 8. 9.,8:33:00,1,수원,신길,F,0,0,1,0,0,,1,0,청년,0.0,0.0,1.0,0.0,0.0,0.0,0.0,0.0,핸드폰,,,1,0,0,0,0,0,0,0,0,0
407,2019. 8. 9.,8:37:00,3,수원,신길,F,0,0,1,0,0,,1,0,중년,0.0,0.0,0.0,1.0,0.0,0.0,0.0,0.0,핸드폰,,,1,0,0,0,0,0,0,0,0,0
408,2019. 8. 9.,8:50:00,6,화랑대,공덕,F,0,0,1,1,0,,1,0,중년,0.0,0.0,0.0,1.0,0.0,0.0,0.0,0.0,멍,,,0,1,0,0,0,0,0,0,0,0
409,2019. 8. 9.,8:52:00,6,화랑대,공덕,F,0,0,1,1,0,,1,0,청년,0.0,0.0,1.0,0.0,0.0,0.0,0.0,0.0,먹기,,,0,0,0,0,0,0,0,0,1,0
410,2019. 8. 9.,8:52:00,6,화랑대,공덕,F,0,0,1,1,0,,1,0,중년,0.0,0.0,0.0,1.0,0.0,0.0,0.0,0.0,잠,,,0,0,1,0,0,0,0,0,0,0
411,2019. 8. 9.,8:55:00,1,병점,신길,F,0,0,1,0,0,,1,0,노년,0.0,0.0,0.0,0.0,1.0,0.0,0.0,0.0,멍,,,0,1,0,0,0,0,0,0,0,0
412,2019. 8. 9.,8:57:00,6,화랑대,공덕,F,0,0,1,0,0,,1,0,중년,0.0,0.0,0.0,1.0,0.0,0.0,0.0,0.0,이어폰,잠,,0,0,1,1,0,0,0,0,0,0
413,2019. 8. 9.,8:59:00,1,병점,신길,F,0,0,1,0,0,,1,0,중년,0.0,0.0,0.0,1.0,0.0,0.0,0.0,1.0,핸드폰,,,1,0,0,0,0,0,0,0,0,0
414,2019. 8. 9.,9:10:00,6,화랑대,공덕,F,0,0,1,0,0,,1,0,청년,0.0,0.0,1.0,0.0,0.0,0.0,0.0,0.0,핸드폰,,,1,0,0,0,0,0,0,0,0,0
415,2019. 8. 9.,9:10:00,5,신길,공덕,F,0,0,1,0,0,,1,0,중년,0.0,0.0,0.0,1.0,0.0,0.0,0.0,1.0,핸드폰,,,1,0,0,0,0,0,0,0,0,0
416,2019. 8. 9.,9:10:00,5,신길,공덕,F,0,0,1,0,0,,1,0,청년,0.0,0.0,1.0,0.0,0.0,0.0,0.0,1.0,핸드폰,,,1,0,0,0,0,0,0,0,0,0
417,2019. 8. 9.,9:20:00,6,약수,공덕,N,0,1,0,1,1,7.0,0,0,,,,,,,,,,,,,0,0,0,0,0,0,0,0,0,0
418,2019. 8. 9.,9:16:00,1,병점,신길,F,0,0,1,0,0,,1,0,중년,0.0,0.0,0.0,1.0,0.0,0.0,0.0,0.0,잠,,,0,0,1,0,0,0,0,0,0,0
419,2019. 8. 9.,9:21:00,5,신길,공덕,F,0,0,1,1,0,,1,0,중년,0.0,0.0,0.0,1.0,0.0,0.0,0.0,1.0,멍,,,0,1,0,0,0,0,0,0,0,0
420,2019. 8. 9.,9:22:00,5,여의도,마포,F,0,0,1,1,1,2.0,0,0,,,,,,,,,,,,,0,0,0,0,0,0,0,0,0,0
421,2019. 8. 9.,9:27:00,5,신길,공덕,N,0,1,0,1,0,,1,0,중년,0.0,0.0,0.0,1.0,0.0,0.0,0.0,1.0,대화,,,0,0,0,0,1,0,0,0,0,0
422,2019. 8. 9.,8:39:00,10,야탑,왕십리,F,0,0,1,0,0,,1,0,청년,0.0,0.0,1.0,0.0,0.0,0.0,0.0,0.0,핸드폰,,,1,0,0,0,0,0,0,0,0,0
423,2019. 8. 9.,8:39:00,10,야탑,왕십리,F,0,0,1,0,0,,1,0,중년,0.0,0.0,0.0,1.0,0.0,0.0,0.0,0.0,핸드폰,이어폰,,1,0,0,1,0,0,0,0,0,0
424,2019. 8. 9.,8:48:00,10,야탑,왕십리,F,0,0,1,0,0,,1,0,청년,0.0,0.0,1.0,0.0,0.0,0.0,0.0,0.0,핸드폰,,,1,0,0,0,0,0,0,0,0,0
425,2019. 8. 9.,8:48:00,10,복정,강남구청,F,0,0,1,0,1,9.0,0,0,,,,,,,,,,,,,0,0,0,0,0,0,0,0,0,0
426,2019. 8. 9.,9:09:00,10,강남구청,왕십리,E,1,0,0,1,1,3.0,0,0,,,,,,,,,,,,,0,0,0,0,0,0,0,0,0,0
427,2019. 8. 9.,9:09:00,10,야탑,왕십리,E,1,0,0,1,0,,1,0,중년,0.0,0.0,0.0,1.0,0.0,0.0,0.0,0.0,멍,,,0,1,0,0,0,0,0,0,0,0
428,2019. 8. 9.,9:11:00,10,압구정로데오,왕십리,E,1,0,0,1,1,2.0,0,0,,,,,,,,,,,,,0,0,0,0,0,0,0,0,0,0
429,2019. 8. 9.,9:24:00,5,왕십리,공덕,F,0,0,1,0,0,,1,0,청년,0.0,0.0,1.0,0.0,0.0,0.0,0.0,0.0,잠,,,0,0,1,0,0,0,0,0,0,0
430,2019. 8. 9.,9:24:00,5,왕십리,공덕,F,0,0,1,0,0,,1,0,청년,0.0,0.0,1.0,0.0,0.0,0.0,0.0,0.0,핸드폰,,,1,0,0,0,0,0,0,0,0,0
431,2019. 8. 9.,9:33:00,5,을지로4가,공덕,N,0,1,0,1,1,6.0,0,0,,,,,,,,,,,,,0,0,0,0,0,0,0,0,0,0
432,2019. 8. 9.,9:15:00,6,불광,디엠씨,E,1,0,0,1,1,7.0,0,0,,,,,,,,,,,,,0,0,0,0,0,0,0,0,0,0
433,2019. 8. 9.,9:26:00,6,불광,공덕,E,1,0,0,1,1,15.0,0,0,,,,,,,,,,,,,0,0,0,0,0,0,0,0,0,0
434,2019. 8. 9.,9:26:00,6,디엠씨,공덕,N,0,1,0,1,0,,1,0,노년,0.0,0.0,0.0,0.0,1.0,0.0,0.0,1.0,멍,,,0,1,0,0,0,0,0,0,0,0
435,2019. 8. 9.,19:00:00,5,공덕,신길,N,0,1,0,0,0,,1,0,노년,0.0,0.0,0.0,0.0,1.0,0.0,0.0,0.0,핸드폰,이어폰,,1,0,0,1,0,0,0,0,0,0
436,2019. 8. 9.,19:00:00,5,공덕,신길,N,0,1,0,0,0,,1,0,노년,0.0,0.0,0.0,0.0,1.0,0.0,0.0,1.0,핸드폰,이어폰,,1,0,0,1,0,0,0,0,0,0
437,2019. 8. 9.,19:21:00,1,신길,병점,F,0,0,1,1,0,,1,0,중년,0.0,0.0,0.0,1.0,0.0,0.0,0.0,1.0,대화,,,0,0,0,0,1,0,0,0,0,0
438,2019. 8. 9.,19:22:00,1,신길,병점,F,0,0,1,1,0,,1,0,노년,0.0,0.0,0.0,0.0,1.0,0.0,0.0,1.0,멍,,,0,1,0,0,0,0,0,0,0,0
439,2019. 8. 9.,19:25:00,1,신길,병점,F,0,0,1,1,0,,1,0,중년,0.0,0.0,0.0,1.0,0.0,0.0,0.0,1.0,핸드폰,,,1,0,0,0,0,0,0,0,0,0
440,2019. 8. 9.,19:41:00,1,신길,병점,N,0,1,0,1,0,,1,0,중년,0.0,0.0,0.0,1.0,0.0,0.0,0.0,0.0,이어폰,잠,,0,0,1,1,0,0,0,0,0,0
441,2019. 8. 9.,19:44:00,1,석수,안양,N,0,1,0,1,1,2.0,0,0,,,,,,,,,,,,,0,0,0,0,0,0,0,0,0,0
442,2019. 8. 9.,19:47:00,1,신길,병점,N,0,1,0,1,0,,1,0,청년,0.0,0.0,1.0,0.0,0.0,0.0,0.0,0.0,핸드폰,이어폰,,1,0,0,1,0,0,0,0,0,0
443,2019. 8. 9.,19:51:00,1,신길,병점,N,0,1,0,1,0,,1,0,청년,0.0,0.0,1.0,0.0,0.0,0.0,0.0,0.0,핸드폰,이어폰,,1,0,0,1,0,0,0,0,0,0
444,2019. 8. 9.,19:53:00,1,신길,병점,N,0,1,0,1,0,,1,0,노년,0.0,0.0,0.0,0.0,1.0,0.0,0.0,0.0,핸드폰,,,1,0,0,0,0,0,0,0,0,0
445,2019. 8. 9.,19:54:00,1,신길,병점,E,1,0,0,1,0,,0,1,중년,0.0,0.0,0.0,1.0,0.0,0.0,0.0,0.0,핸드폰,,,1,0,0,0,0,0,0,0,0,0
446,2019. 8. 9.,19:55:00,1,신길,병점,N,0,1,0,1,0,,0,1,노년,0.0,0.0,0.0,0.0,1.0,0.0,0.0,0.0,핸드폰,,,1,0,0,0,0,0,0,0,0,0
447,2019. 8. 9.,21:48:00,5,공덕,신길,F,0,0,1,0,0,,1,0,중년,0.0,0.0,0.0,1.0,0.0,0.0,0.0,0.0,멍,,,0,1,0,0,0,0,0,0,0,0
448,2019. 8. 9.,21:48:00,5,공덕,신길,F,0,0,1,0,0,,1,0,어린이,1.0,0.0,0.0,0.0,0.0,0.0,0.0,1.0,멍,,,0,1,0,0,0,0,0,0,0,0
449,2019. 8. 9.,22:12:00,1,신길,구로,N,0,1,0,1,1,3.0,0,0,,,,,,,,,,,,,0,0,0,0,0,0,0,0,0,0
450,2019. 8. 9.,22:12:00,1,신길,가산디지털단지,N,0,1,0,1,1,4.0,0,0,,,,,,,,,,,,,0,0,0,0,0,0,0,0,0,0
451,2019. 8. 9.,22:18:00,1,신길,수원,F,0,0,1,1,0,,0,1,청년,0.0,0.0,1.0,0.0,0.0,0.0,0.0,0.0,핸드폰,,,1,0,0,0,0,0,0,0,0,0
452,2019. 8. 9.,22:20:00,1,신길,수원,F,0,0,1,1,0,,1,0,청소년,0.0,1.0,0.0,0.0,0.0,0.0,0.0,0.0,핸드폰,,,1,0,0,0,0,0,0,0,0,0
453,2019. 8. 9.,22:40:00,1,금정,수원,N,0,1,0,1,1,6.0,0,0,,,,,,,,,,,,,0,0,0,0,0,0,0,0,0,0
454,2019. 8. 9.,21:50:00,5,공덕,왕십리,E,1,0,0,1,1,11.0,0,0,,,,,,,,,,,,,0,0,0,0,0,0,0,0,0,0
455,2019. 8. 9.,21:50:00,5,공덕,동대문역사문화공원,E,1,0,0,1,1,7.0,0,0,,,,,,,,,,,,,0,0,0,0,0,0,0,0,0,0
456,2019. 8. 9.,22:03:00,5,공덕,왕십리,N,0,1,0,1,0,,1,0,중년,0.0,0.0,0.0,1.0,0.0,0.0,0.0,1.0,핸드폰,,,1,0,0,0,0,0,0,0,0,0
457,2019. 8. 9.,22:06:00,5,신금호,왕십리,N,0,1,0,1,1,2.0,0,0,,,,,,,,,,,,,0,0,0,0,0,0,0,0,0,0
458,2019. 8. 9.,22:15:00,10,왕십리,강남구청,E,1,0,0,1,1,3.0,0,0,,,,,,,,,,,,,0,0,0,0,0,0,0,0,0,0
459,2019. 8. 9.,22:15:00,10,왕십리,압구정로데오,E,1,0,0,1,1,2.0,0,0,,,,,,,,,,,,,0,0,0,0,0,0,0,0,0,0
460,2019. 8. 9.,22:25:00,10,왕십리,야탑,N,0,1,0,1,0,,1,0,노년,0.0,0.0,0.0,0.0,1.0,0.0,0.0,1.0,멍,,,0,1,0,0,0,0,0,0,0,0
461,2019. 8. 9.,22:27:00,10,왕십리,야탑,N,0,1,0,1,0,,1,0,청년,0.0,0.0,1.0,0.0,0.0,0.0,0.0,0.0,핸드폰,이어폰,,1,0,0,1,0,0,0,0,0,0
462,2019. 8. 9.,22:34:00,10,왕십리,야탑,F,0,0,1,0,0,,0,1,청년,0.0,0.0,1.0,0.0,0.0,0.0,0.0,1.0,핸드폰,이어폰,,1,0,0,1,0,0,0,0,0,0
463,2019. 8. 9.,22:44:00,10,왕십리,야탑,F,0,0,1,0,0,,0,1,중년,0.0,0.0,0.0,1.0,0.0,0.0,0.0,0.0,잠,이어폰,,0,0,1,1,0,0,0,0,0,0
464,2019. 8. 9.,19:05:00,5,공덕,여의도,N,0,1,0,1,0,,1,0,청년,0.0,0.0,1.0,0.0,0.0,0.0,0.0,0.0,대화,,,0,0,0,0,1,0,0,0,0,0
465,2019. 8. 9.,19:05:00,5,공덕,여의도,N,0,1,0,1,0,,1,0,중년,0.0,0.0,0.0,1.0,0.0,0.0,0.0,0.0,핸드폰,,,1,0,0,0,0,0,0,0,0,0
466,2019. 8. 9.,19:18:00,9,여의도,샛강,N,0,1,0,0,1,1.0,0,0,,,,,,,,,,,,,0,0,0,0,0,0,0,0,0,0
467,2019. 8. 9.,19:18:00,9,여의도,노량진,N,0,1,0,0,0,,1,0,청년,0.0,0.0,1.0,0.0,0.0,0.0,0.0,1.0,핸드폰,,,1,0,0,0,0,0,0,0,0,0
468,2019. 8. 9.,19:20:00,9,샛강,노량진,N,0,1,0,0,0,,1,0,중년,0.0,0.0,0.0,1.0,0.0,0.0,0.0,0.0,핸드폰,,,1,0,0,0,0,0,0,0,0,0
469,2019. 8. 9.,19:26:00,9,노량진,노들,E,1,0,0,0,0,,1,0,청년,0.0,0.0,1.0,0.0,0.0,0.0,0.0,0.0,핸드폰,,,1,0,0,0,0,0,0,0,0,0
470,2019. 8. 9.,19:24:00,9,노량진,흑석,N,0,1,0,0,1,2.0,0,0,,,,,,,,,,,,,0,0,0,0,0,0,0,0,0,0
471,2019. 8. 9.,19:28:00,9,노들,흑석,N,0,1,0,0,1,1.0,0,0,,,,,,,,,,,,,0,0,0,0,0,0,0,0,0,0
472,2019. 8. 9.,19:31:00,9,흑석,고속터미널,F,0,0,1,0,0,,1,0,중년,0.0,0.0,0.0,1.0,0.0,0.0,0.0,0.0,멍,,,0,1,0,0,0,0,0,0,0,0
473,2019. 8. 9.,19:31:00,9,흑석,동작,F,0,0,1,0,0,,0,1,노년,0.0,0.0,0.0,0.0,1.0,0.0,0.0,0.0,멍,,,0,1,0,0,0,0,0,0,0,0
474,2019. 8. 9.,19:35:00,9,동작,고속터미널,F,0,0,1,0,0,,1,0,노년,0.0,0.0,0.0,0.0,1.0,0.0,0.0,0.0,멍,,,0,1,0,0,0,0,0,0,0,0
475,2019. 8. 9.,19:55:00,7,고속터미널,학동,F,0,0,1,0,1,3.0,0,0,,,,,,,,,,,,,0,0,0,0,0,0,0,0,0,0
476,2019. 8. 9.,19:55:00,7,고속터미널,상봉,F,0,0,1,0,0,,0,1,청년,0.0,0.0,1.0,0.0,0.0,0.0,0.0,0.0,핸드폰,,,1,0,0,0,0,0,0,0,0,0
477,2019. 8. 9.,20:00:00,7,학동,태릉입구,F,0,0,1,1,0,,1,0,청년,0.0,0.0,1.0,0.0,0.0,0.0,0.0,1.0,통화,,,0,0,0,0,0,1,0,0,0,0
478,2019. 8. 9.,20:22:00,7,상봉,먹골,N,0,1,0,1,0,,1,0,노년,0.0,0.0,0.0,0.0,1.0,0.0,0.0,0.0,대화,,,0,0,0,0,1,0,0,0,0,0
479,2019. 8. 9.,20:26:00,7,먹골,태릉입구,E,1,0,0,1,1,1.0,0,0,,,,,,,,,,,,,0,0,0,0,0,0,0,0,0,0
480,2019. 8. 9.,8:36:00,7,신중동,까치울,N,0,1,0,0,1,3.0,0,0,,,,,,,,,,,,,0,0,0,0,0,0,0,0,0,0
481,2019. 8. 9.,8:36:00,7,신중동,온수,N,0,1,0,0,0,,1,0,노년,0.0,0.0,0.0,0.0,1.0,0.0,0.0,1.0,핸드폰,,,1,0,0,0,0,0,0,0,0,0
482,2019. 8. 9.,8:40:00,7,신중동,온수,N,0,1,0,0,0,,0,1,청년,0.0,0.0,1.0,0.0,0.0,0.0,0.0,0.0,핸드폰,,,1,0,0,0,0,0,0,0,0,0
483,2019. 8. 9.,8:40:00,7,부천종합운동장,온수,N,0,1,0,0,1,,0,0,,,,,,,,,,,,,0,0,0,0,0,0,0,0,0,0
484,2019. 8. 9.,8:48:00,1,온수,신길,N,0,1,0,0,0,,1,0,청년,0.0,0.0,1.0,0.0,0.0,0.0,0.0,1.0,잠,,,0,0,1,0,0,0,0,0,0,0
485,2019. 8. 9.,8:48:00,1,온수,신길,N,0,1,0,0,0,,1,0,중년,0.0,0.0,0.0,1.0,0.0,0.0,0.0,1.0,핸드폰,,,1,0,0,0,0,0,0,0,0,0
486,2019. 8. 9.,9:11:00,5,신길,공덕,N,0,1,0,0,0,,1,0,청년,0.0,0.0,1.0,0.0,0.0,0.0,0.0,1.0,핸드폰,,,1,0,0,0,0,0,0,0,0,0
487,2019. 8. 9.,9:11:00,5,신길,공덕,N,0,1,0,0,0,,1,0,노년,0.0,0.0,0.0,0.0,1.0,0.0,0.0,0.0,멍,,,0,1,0,0,0,0,0,0,0,0
488,2019. 8. 9.,9:12:00,5,신길,공덕,N,0,1,0,0,0,,1,0,노년,0.0,0.0,0.0,0.0,1.0,0.0,0.0,1.0,핸드폰,,,1,0,0,0,0,0,0,0,0,0
489,2019. 8. 9.,9:12:00,5,신길,공덕,N,0,1,0,0,0,,1,0,청년,0.0,0.0,1.0,0.0,0.0,0.0,0.0,0.0,핸드폰,,,1,0,0,0,0,0,0,0,0,0
490,2019. 8. 9.,19:00:00,5,공덕,신길,E,1,0,0,1,0,,1,0,청년,0.0,0.0,1.0,0.0,0.0,0.0,0.0,0.0,대화,,,0,0,0,0,1,0,0,0,0,0
491,2019. 8. 9.,19:00:00,5,공덕,여의도,E,1,0,0,1,1,3.0,0,0,,,,,,,,,,,,,0,0,0,0,0,0,0,0,0,0
492,2019. 8. 9.,19:05:00,5,공덕,신길,E,1,0,0,1,0,,1,0,청년,0.0,0.0,1.0,0.0,0.0,0.0,0.0,1.0,핸드폰,,,1,0,0,0,0,0,0,0,0,0
493,2019. 8. 9.,19:16:00,1,신길,온수,N,0,1,0,0,0,,1,0,청년,0.0,0.0,1.0,0.0,0.0,0.0,0.0,1.0,멍,,,0,1,0,0,0,0,0,0,0,0
494,2019. 8. 9.,19:16:00,1,신길,온수,N,0,1,0,0,0,,1,0,청년,0.0,0.0,1.0,0.0,0.0,0.0,0.0,0.0,멍,,,0,1,0,0,0,0,0,0,0,0
495,2019. 8. 9.,19:18:00,1,신길,온수,N,0,1,0,0,0,,1,0,중년,0.0,0.0,0.0,1.0,0.0,0.0,0.0,1.0,핸드폰,,,1,0,0,0,0,0,0,0,0,0
496,2019. 8. 9.,19:19:00,1,영등포,신도림,N,0,1,0,0,1,1.0,0,0,,,,,,,,,,,,,0,0,0,0,0,0,0,0,0,0
497,2019. 8. 9.,19:21:00,1,신길,온수,N,0,1,0,0,0,,1,0,노년,0.0,0.0,0.0,0.0,1.0,0.0,0.0,0.0,핸드폰,,,1,0,0,0,0,0,0,0,0,0
498,2019. 8. 9.,19:40:00,7,온수,신중동,N,0,1,0,0,0,,1,0,청년,0.0,0.0,1.0,0.0,0.0,0.0,0.0,0.0,핸드폰,,,1,0,0,0,0,0,0,0,0,0
499,2019. 8. 9.,19:40:00,7,온수,신중동,N,0,1,0,0,0,,1,0,중년,0.0,0.0,0.0,1.0,0.0,0.0,0.0,0.0,핸드폰,,,1,0,0,0,0,0,0,0,0,0
500,2019. 8. 9.,19:42:00,7,까치울,신중동,N,0,1,0,0,1,3.0,0,0,,,,,,,,,,,,,0,0,0,0,0,0,0,0,0,0
501,2019. 8. 9.,19:46:00,7,춘의,신중동,N,0,1,0,0,1,1.0,0,0,,,,,,,,,,,,,0,0,0,0,0,0,0,0,0,0
502,2019. 8. 10.,15:07:00,7,신중동,대림,E,1,0,0,0,0,,1,0,중년,0.0,0.0,0.0,1.0,0.0,0.0,0.0,1.0,핸드폰,,,1,0,0,0,0,0,0,0,0,0
503,2019. 8. 10.,15:07:00,7,신중동,대림,E,1,0,0,0,0,,1,0,청년,0.0,0.0,1.0,0.0,0.0,0.0,0.0,1.0,핸드폰,,,1,0,0,0,0,0,0,0,0,0
504,2019. 8. 10.,15:16:00,7,신중동,대림,E,1,0,0,0,0,,1,0,중년,0.0,0.0,0.0,1.0,0.0,0.0,0.0,1.0,멍,,,0,1,0,0,0,0,0,0,0,0
505,2019. 8. 10.,22:49:00,7,대림,신중동,E,1,0,0,1,0,,0,1,노년,0.0,0.0,0.0,0.0,1.0,0.0,0.0,0.0,대화,,,0,0,0,0,1,0,0,0,0,0
506,2019. 8. 10.,22:49:00,7,대림,신중동,E,1,0,0,1,0,,1,0,청년,0.0,0.0,1.0,0.0,0.0,0.0,0.0,0.0,핸드폰,,,1,0,0,0,0,0,0,0,0,0
507,2019. 8. 10.,22:52:00,7,가산디지털단지,철산,E,1,0,0,1,1,1.0,0,0,,,,,,,,,,,,,0,0,0,0,0,0,0,0,0,0
508,2019. 8. 10.,22:52:00,7,대림,신중동,E,1,0,0,1,0,,0,1,노년,0.0,0.0,0.0,0.0,1.0,0.0,0.0,0.0,멍,,,0,1,0,0,0,0,0,0,0,0
509,2019. 8. 10.,23:02:00,7,대림,신중동,E,1,0,0,1,0,,1,0,중년,0.0,0.0,0.0,1.0,0.0,0.0,0.0,0.0,대화,,,0,0,0,0,1,0,0,0,0,0
510,2019. 8. 11.,10:51:00,10,야탑,왕십리,F,0,0,1,1,0,,0,1,청년,0.0,0.0,1.0,0.0,0.0,0.0,0.0,0.0,핸드폰,,,1,0,0,0,0,0,0,0,0,0
511,2019. 8. 11.,10:51:00,10,야탑,왕십리,F,0,0,1,1,0,,1,0,청년,0.0,0.0,1.0,0.0,0.0,0.0,0.0,0.0,핸드폰,,,1,0,0,0,0,0,0,0,0,0
512,2019. 8. 11.,10:59:00,10,복정,수서,N,0,1,0,1,1,1.0,0,0,,,,,,,,,,,,,0,0,0,0,0,0,0,0,0,0
513,2019. 8. 11.,10:59:00,10,복정,수서,N,0,1,0,1,1,1.0,0,0,,,,,,,,,,,,,0,0,0,0,0,0,0,0,0,0
514,2019. 8. 11.,11:04:00,10,야탑,왕십리,N,0,1,0,1,0,,1,0,중년,0.0,0.0,0.0,1.0,0.0,0.0,0.0,0.0,핸드폰,,,1,0,0,0,0,0,0,0,0,0
515,2019. 8. 11.,11:04:00,10,야탑,왕십리,N,0,1,0,1,0,,1,0,어린이,1.0,0.0,0.0,0.0,0.0,0.0,0.0,0.0,대화,,,0,0,0,0,1,0,0,0,0,0
516,2019. 8. 11.,11:20:00,10,강남구청,왕십리,E,1,0,0,1,1,3.0,0,0,,,,,,,,,,,,,0,0,0,0,0,0,0,0,0,0
517,2019. 8. 11.,11:23:00,10,압구정로데오,왕십리,E,1,0,0,1,1,2.0,0,0,,,,,,,,,,,,,0,0,0,0,0,0,0,0,0,0
518,2019. 8. 11.,11:37:00,5,왕십리,마포,E,1,0,0,1,0,,1,0,노년,0.0,0.0,0.0,0.0,1.0,0.0,0.0,0.0,잠,,,0,0,1,0,0,0,0,0,0,0
519,2019. 8. 11.,11:37:00,5,왕십리,마포,E,1,0,0,1,0,,1,0,중년,0.0,0.0,0.0,1.0,0.0,0.0,0.0,1.0,핸드폰,,,1,0,0,0,0,0,0,0,0,0
520,2019. 8. 11.,11:46:00,5,을지로4가,마포,E,1,0,0,1,1,7.0,0,0,,,,,,,,,,,,,0,0,0,0,0,0,0,0,0,0
521,2019. 8. 11.,11:48:00,5,종로3가,마포,E,1,0,0,1,1,6.0,0,0,,,,,,,,,,,,,0,0,0,0,0,0,0,0,0,0
522,2019. 8. 11.,19:42:00,5,마포,왕십리,E,1,0,0,1,1,12.0,0,0,,,,,,,,,,,,,0,0,0,0,0,0,0,0,0,0
523,2019. 8. 11.,19:42:00,5,마포,왕십리,E,1,0,0,1,1,12.0,0,0,,,,,,,,,,,,,0,0,0,0,0,0,0,0,0,0
524,2019. 8. 11.,20:12:00,10,왕십리,강남구청,E,1,0,0,1,1,3.0,0,0,,,,,,,,,,,,,0,0,0,0,0,0,0,0,0,0
525,2019. 8. 11.,20:12:00,10,왕십리,야탑,E,1,0,0,1,0,,1,0,중년,0.0,0.0,0.0,1.0,0.0,0.0,0.0,0.0,잠,,,0,0,1,0,0,0,0,0,0,0
526,2019. 8. 11.,20:20:00,10,왕십리,야탑,E,1,0,0,1,0,,1,0,노년,0.0,0.0,0.0,0.0,1.0,0.0,0.0,0.0,통화,,,0,0,0,0,0,1,0,0,0,0
527,2019. 8. 11.,20:31:00,10,대모산입구,수서,E,1,0,0,1,1,1.0,0,0,,,,,,,,,,,,,0,0,0,0,0,0,0,0,0,0
528,2019. 8. 11.,20:36:00,10,왕십리,야탑,N,0,1,0,0,0,,1,0,중년,0.0,0.0,0.0,1.0,0.0,0.0,0.0,0.0,대화,,,0,0,0,0,1,0,0,0,0,0
529,2019. 8. 12.,8:00:00,1,병점,수원,E,1,0,0,1,1,2.0,0,0,,,,,,,,,,,,,0,0,0,0,0,0,0,0,0,0
530,2019. 8. 12.,8:00:00,1,병점,신길,E,1,0,0,1,0,,1,0,중년,0.0,0.0,0.0,1.0,0.0,0.0,0.0,0.0,핸드폰,,,1,0,0,0,0,0,0,0,0,0
531,2019. 8. 12.,8:12:00,1,수원 ,병점,E,1,0,0,1,0,,1,0,중년,0.0,0.0,0.0,1.0,0.0,0.0,0.0,0.0,핸드폰,,,1,0,0,0,0,0,0,0,0,0
532,2019. 8. 12.,8:12:00,1,수원,병점,E,1,0,0,1,1,2.0,0,0,,,,,,,,,,,,,0,0,0,0,0,0,0,0,0,0
533,2019. 8. 12.,8:44:00,1,수원,신길,E,1,0,0,1,0,,1,0,청년,0.0,0.0,1.0,0.0,0.0,1.0,1.0,0.0,핸드폰,,,1,0,0,0,0,0,0,0,0,0
534,2019. 8. 12.,8:44:00,1,수원,화서,E,1,0,0,1,1,1.0,0,0,,,,,,,,,,,,,0,0,0,0,0,0,0,0,0,0
535,2019. 8. 12.,8:44:00,1,수원,신길,E,1,0,0,1,0,,1,0,중년,0.0,0.0,0.0,1.0,0.0,0.0,0.0,0.0,멍,,,0,1,0,0,0,0,0,0,0,0
536,2019. 8. 12.,9:02:00,1,수원,신길,N,0,1,0,0,0,,1,0,청년,0.0,0.0,1.0,0.0,0.0,0.0,0.0,0.0,핸드폰,,,1,0,0,0,0,0,0,0,0,0
537,2019. 8. 12.,9:27:00,1,수원,신길,N,0,1,0,0,0,,1,0,중년,0.0,0.0,0.0,1.0,0.0,0.0,0.0,1.0,핸드폰,,,1,0,0,0,0,0,0,0,0,0
538,2019. 8. 12.,9:44:00,5,신길,공덕,F,0,0,1,0,0,,1,0,중년,0.0,0.0,0.0,1.0,0.0,0.0,0.0,0.0,핸드폰,,,1,0,0,0,0,0,0,0,0,0
539,2019. 8. 12.,9:44:00,5,신길,공덕,F,0,0,1,0,0,,1,0,중년,0.0,0.0,0.0,1.0,0.0,0.0,0.0,0.0,핸드폰,,,1,0,0,0,0,0,0,0,0,0
540,2019. 8. 12.,9:45:00,5,여의도,공덕,F,0,0,1,0,1,3.0,0,0,,,,,,,,,,,,,0,0,0,0,0,0,0,0,0,0
541,2019. 8. 12.,18:15:00,5,공덕,신길,F,0,0,1,0,0,,1,0,중년,0.0,0.0,0.0,1.0,0.0,0.0,0.0,0.0,핸드폰,,,1,0,0,0,0,0,0,0,0,0
542,2019. 8. 12.,18:15:00,5,공덕,신길,F,0,0,1,0,0,,1,0,중년,0.0,0.0,0.0,1.0,0.0,0.0,0.0,0.0,핸드폰,,,1,0,0,0,0,0,0,0,0,0
543,2019. 8. 12.,18:56:00,1,신길,병점,F,0,0,1,1,0,,0,1,노년,0.0,0.0,0.0,0.0,1.0,0.0,0.0,0.0,멍,,,0,1,0,0,0,0,0,0,0,0
544,2019. 8. 12.,18:57:00,1,명학,성균관대,F,0,0,1,1,1,5.0,0,0,,,,,,,,,,,,,0,0,0,0,0,0,0,0,0,0
545,2019. 8. 12.,19:05:00,1,금정,성균관대,N,0,1,0,1,1,4.0,0,0,,,,,,,,,,,,,0,0,0,0,0,0,0,0,0,0
546,2019. 8. 12.,19:10:00,1,신길,병점,E,1,0,0,1,0,,1,0,중년,0.0,0.0,0.0,1.0,0.0,0.0,0.0,0.0,대화,,,0,0,0,0,1,0,0,0,0,0
547,2019. 8. 12.,19:10:00,1,신길,병점,E,1,0,0,1,0,,0,1,어린이,1.0,0.0,0.0,0.0,0.0,0.0,0.0,0.0,핸드폰,대화,,1,0,0,0,1,0,0,0,0,0
548,2019. 8. 12.,21:15:00,5,공덕,신길,F,0,0,1,1,0,,1,0,청년,0.0,0.0,1.0,0.0,0.0,1.0,1.0,0.0,핸드폰,,,1,0,0,0,0,0,0,0,0,0
549,2019. 8. 12.,21:15:00,5,공덕,신길,F,0,0,1,1,1,4.0,0,0,,,,,,,,,,,,,0,0,0,0,0,0,0,0,0,0
550,2019. 8. 12.,21:33:00,1,신길,수원,F,0,0,1,0,0,,1,0,중년,0.0,0.0,0.0,1.0,0.0,0.0,0.0,0.0,핸드폰,,,1,0,0,0,0,0,0,0,0,0
551,2019. 8. 12.,21:33:00,1,신길,수원,F,0,0,1,0,0,,1,0,중년,0.0,0.0,0.0,1.0,0.0,0.0,0.0,0.0,잠,,,0,0,1,0,0,0,0,0,0,0
552,2019. 8. 12.,21:45:00,1,신길,수원,F,0,0,1,0,0,,1,0,청년,0.0,0.0,1.0,0.0,0.0,0.0,0.0,1.0,통화,,,0,0,0,0,0,1,0,0,0,0
553,2019. 8. 12.,21:45:00,1,가산디지털단지,금정,F,0,0,1,0,1,7.0,0,0,,,,,,,,,,,,,0,0,0,0,0,0,0,0,0,0
554,2019. 8. 12.,22:05:00,1,신길,수원,N,0,1,0,1,0,,1,0,중년,0.0,0.0,0.0,1.0,0.0,0.0,0.0,1.0,핸드폰,,,1,0,0,0,0,0,0,0,0,0
555,2019. 8. 12.,22:17:00,1,성균관대역,수원,E,1,0,0,1,1,2.0,0,0,,,,,,,,,,,,,0,0,0,0,0,0,0,0,0,0
556,2019. 8. 12.,21:17:00,1,성균관대역,수원,E,1,0,0,1,1,2.0,0,0,,,,,,,,,,,,,0,0,0,0,0,0,0,0,0,0
557,2019. 8. 12.,8:47:00,10,야탑,복정,F,0,0,1,0,1,4.0,0,0,,,,,,,,,,,,,0,0,0,0,0,0,0,0,0,0
558,2019. 8. 12.,8:47:00,10,야탑,왕십리,F,0,0,1,0,0,,1,0,청년,0.0,0.0,1.0,0.0,0.0,0.0,1.0,1.0,핸드폰,,,1,0,0,0,0,0,0,0,0,0
559,2019. 8. 12.,8:57:00,10,야탑,왕십리,F,0,0,1,0,0,,1,0,청년,0.0,0.0,1.0,0.0,0.0,0.0,0.0,0.0,화장,,,0,0,0,0,0,0,0,1,0,0
560,2019. 8. 12.,8:57:00,10,복정,강남구청,F,0,0,1,0,1,9.0,0,0,,,,,,,,,,,,,0,0,0,0,0,0,0,0,0,0
561,2019. 8. 12.,9:17:00,10,야탑,왕십리,E,1,0,0,1,0,,1,0,중년,0.0,0.0,0.0,1.0,0.0,0.0,0.0,0.0,멍,,,0,1,0,0,0,0,0,0,0,0
562,2019. 8. 12.,9:17:00,10,강남구청,왕십리,E,1,0,0,1,1,3.0,0,0,,,,,,,,,,,,,0,0,0,0,0,0,0,0,0,0
563,2019. 8. 12.,9:19:00,10,압구정로데오,왕십리,E,1,0,0,1,1,2.0,0,0,,,,,,,,,,,,,0,0,0,0,0,0,0,0,0,0
564,2019. 8. 12.,9:36:00,5,왕십리,공덕,F,0,0,1,0,0,,1,0,청년,0.0,0.0,1.0,0.0,0.0,0.0,0.0,0.0,핸드폰,,,1,0,0,0,0,0,0,0,0,0
565,2019. 8. 12.,9:36:00,5,왕십리,공덕,F,0,0,1,0,0,,1,0,청년,0.0,0.0,1.0,0.0,0.0,0.0,0.0,0.0,잠,,,0,0,1,0,0,0,0,0,0,0
566,2019. 8. 12.,9:45:00,5,을지로4가,종로3가,N,0,1,0,1,1,1.0,0,0,,,,,,,,,,,,,0,0,0,0,0,0,0,0,0,0
567,2019. 8. 12.,9:48:00,5,왕십리,공덕,N,0,1,0,1,0,,0,1,청소년,0.0,1.0,0.0,0.0,0.0,0.0,0.0,1.0,핸드폰,,,1,0,0,0,0,0,0,0,0,0
568,2019. 8. 12.,9:51:00,5,서대문,공덕,N,0,1,0,1,1,3.0,0,0,,,,,,,,,,,,,0,0,0,0,0,0,0,0,0,0
569,2019. 8. 12.,21:19:00,5,공덕,왕십리,E,1,0,0,1,1,11.0,0,0,,,,,,,,,,,,,0,0,0,0,0,0,0,0,0,0
570,2019. 8. 12.,21:19:00,5,공덕,충정로,E,1,0,0,1,1,2.0,0,0,,,,,,,,,,,,,0,0,0,0,0,0,0,0,0,0
571,2019. 8. 12.,21:22:00,5,공덕,왕십리,E,1,0,0,1,0,,1,0,청년,0.0,0.0,1.0,0.0,0.0,0.0,0.0,0.0,핸드폰,,,1,0,0,0,0,0,0,0,0,0
572,2019. 8. 12.,21:44:00,10,왕십리,선릉,E,1,0,0,1,1,5.0,0,0,,,,,,,,,,,,,0,0,0,0,0,0,0,0,0,0
573,2019. 8. 12.,21:44:00,10,왕십리,선정릉,E,1,0,0,1,1,4.0,0,0,,,,,,,,,,,,,0,0,0,0,0,0,0,0,0,0
574,2019. 8. 12.,21:57:00,10,왕십리,야탑,N,0,1,0,1,0,,1,0,중년,0.0,0.0,0.0,1.0,0.0,0.0,0.0,0.0,대화,,,0,0,0,0,1,0,0,0,0,0
575,2019. 8. 12.,21:59:00,10,왕십리,야탑,F,0,0,1,1,0,,1,0,청년,0.0,0.0,1.0,0.0,0.0,0.0,0.0,0.0,핸드폰,,,1,0,0,0,0,0,0,0,0,0
576,2019. 8. 12.,22:11:00,10,왕십리,야탑,F,0,0,1,1,0,,1,0,청년,0.0,0.0,1.0,0.0,0.0,0.0,0.0,1.0,핸드폰,이어폰,,1,0,0,1,0,0,0,0,0,0
577,2019. 8. 12.,22:20:00,10,왕십리,야탑,F,0,0,1,1,0,,0,1,중년,0.0,0.0,0.0,1.0,0.0,0.0,0.0,0.0,핸드폰,,,1,0,0,0,0,0,0,0,0,0
578,2019. 8. 12.,21:24:00,6,공덕,동묘앞,E,1,0,0,1,1,10.0,0,0,,,,,,,,,,,,,0,0,0,0,0,0,0,0,0,0
579,2019. 8. 12.,21:25:00,6,공덕,동묘앞,E,1,0,0,1,0,,1,0,청년,0.0,0.0,1.0,0.0,0.0,1.0,1.0,0.0,핸드폰,,,1,0,0,0,0,0,0,0,0,0
580,2019. 8. 12.,21:42:00,6,동묘앞,화랑대,N,0,1,0,0,0,,1,0,중년,0.0,0.0,0.0,1.0,0.0,0.0,0.0,0.0,멍,,,0,1,0,0,0,0,0,0,0,0
581,2019. 8. 12.,21:42:00,6,동묘앞,돌곶이,N,0,1,0,0,0,,0,1,노년,0.0,0.0,0.0,0.0,1.0,0.0,0.0,0.0,멍,,,0,1,0,0,0,0,0,0,0,0
582,2019. 8. 12.,21:56:00,6,돌곶이,화랑대,N,0,1,0,1,1,3.0,0,0,,,,,,,,,,,,,0,0,0,0,0,0,0,0,0,0
583,2019. 8. 12.,8:36:00,7,신중동,온수,N,0,1,0,0,0,,1,0,청년,0.0,0.0,1.0,0.0,0.0,0.0,0.0,1.0,핸드폰,,,1,0,0,0,0,0,0,0,0,0
584,2019. 8. 12.,8:36:00,7,신중동,온수,N,0,1,0,0,0,,0,1,청년,0.0,0.0,1.0,0.0,0.0,0.0,0.0,1.0,잠,,,0,0,1,0,0,0,0,0,0,0
585,2019. 8. 12.,8:49:00,1,온수,신길,N,0,1,0,0,0,,1,0,청년,0.0,0.0,1.0,0.0,0.0,0.0,0.0,1.0,핸드폰,,,1,0,0,0,0,0,0,0,0,0
586,2019. 8. 12.,8:49:00,1,온수,개봉,N,0,1,0,0,1,2.0,0,0,,,,,,,,,,,,,0,0,0,0,0,0,0,0,0,0
587,2019. 8. 12.,8:54:00,1,온수,신길,N,0,1,0,0,0,,1,0,노년,0.0,0.0,0.0,0.0,1.0,0.0,0.0,0.0,핸드폰,,,1,0,0,0,0,0,0,0,0,0
588,2019. 8. 12.,9:14:00,5,신길,공덕,N,0,1,0,0,0,,1,0,노년,0.0,0.0,0.0,0.0,1.0,0.0,0.0,1.0,잠,,,0,0,1,0,0,0,0,0,0,0
589,2019. 8. 12.,9:14:00,5,신길,공덕,N,0,1,0,0,0,,1,0,중년,0.0,0.0,0.0,1.0,0.0,0.0,0.0,1.0,핸드폰,,,1,0,0,0,0,0,0,0,0,0
590,2019. 8. 12.,18:13:00,5,공덕,신길,N,0,1,0,0,0,,1,0,청년,0.0,0.0,1.0,0.0,0.0,0.0,0.0,1.0,핸드폰,,,1,0,0,0,0,0,0,0,0,0
591,2019. 8. 12.,18:13:00,5,공덕,신길,N,0,1,0,0,0,,1,0,노년,0.0,0.0,0.0,0.0,1.0,0.0,0.0,0.0,잠,,,0,0,1,0,0,0,0,0,0,0
592,2019. 8. 12.,18:34:00,1,신길,온수,F,0,0,1,0,0,,1,0,청년,0.0,0.0,1.0,0.0,0.0,0.0,0.0,0.0,핸드폰,,,1,0,0,0,0,0,0,0,0,0
593,2019. 8. 12.,18:34:00,1,신길,온수,F,0,0,1,0,0,,1,0,중년,0.0,0.0,0.0,1.0,0.0,0.0,0.0,1.0,핸드폰,,,1,0,0,0,0,0,0,0,0,0
594,2019. 8. 12.,19:00:00,7,온수,신중동,F,0,0,1,0,0,,1,0,중년,0.0,0.0,0.0,1.0,0.0,0.0,0.0,0.0,핸드폰,,,1,0,0,0,0,0,0,0,0,0
595,2019. 8. 12.,19:00:00,7,온수,신중동,F,0,0,1,0,0,,1,0,청년,0.0,0.0,1.0,0.0,0.0,0.0,0.0,0.0,잠,,,0,0,1,0,0,0,0,0,0,0
596,2019. 8. 13.,8:00:00,1,병점,신길,N,0,1,0,1,0,,0,1,청년,0.0,0.0,1.0,0.0,0.0,0.0,0.0,1.0,이어폰,잠,,0,0,1,1,0,0,0,0,0,0
597,2019. 8. 13.,8:00:00,1,병점,신길,N,0,1,0,1,0,,1,0,노년,0.0,0.0,0.0,0.0,1.0,0.0,0.0,1.0,잠,,,0,0,1,0,0,0,0,0,0,0
598,2019. 8. 13.,8:21:00,1,병점,신길,F,0,0,1,0,0,,0,1,중년,0.0,0.0,0.0,1.0,0.0,0.0,0.0,0.0,이어폰,잠,,0,0,1,1,0,0,0,0,0,0
599,2019. 8. 13.,8:24:00,1,수원,신길,F,0,0,1,0,0,,0,1,중년,0.0,0.0,0.0,1.0,0.0,0.0,0.0,1.0,핸드폰,,,1,0,0,0,0,0,0,0,0,0
600,2019. 8. 13.,8:24:00,1,수원,신길,F,0,0,1,0,0,,1,0,중년,0.0,0.0,0.0,1.0,0.0,0.0,0.0,0.0,핸드폰,,,1,0,0,0,0,0,0,0,0,0
601,2019. 8. 13.,8:28:00,1,병점,신길,F,0,0,1,0,0,,1,0,청년,0.0,0.0,1.0,0.0,0.0,0.0,0.0,1.0,핸드폰,,,1,0,0,0,0,0,0,0,0,0
602,2019. 8. 13.,8:32:00,1,수원,신길,F,0,0,1,0,0,,1,0,노년,0.0,0.0,0.0,0.0,1.0,0.0,0.0,0.0,잠,,,0,0,1,0,0,0,0,0,0,0
603,2019. 8. 13.,8:46:00,1,독산,가산디지털단지,F,0,0,1,0,1,1.0,0,0,,,,,,,,,,,,,0,0,0,0,0,0,0,0,0,0
604,2019. 8. 13.,8:49:00,1,병점,신길,F,0,0,1,0,0,,1,0,청년,0.0,0.0,1.0,0.0,0.0,0.0,0.0,0.0,핸드폰,이어폰,,1,0,0,1,0,0,0,0,0,0
605,2019. 8. 13.,8:59:00,1,수원,신길,F,0,0,1,0,0,,0,1,중년,0.0,0.0,0.0,1.0,0.0,0.0,0.0,1.0,핸드폰,,,1,0,0,0,0,0,0,0,0,0
606,2019. 8. 13.,8:59:00,1,수원,신길,F,0,0,1,0,0,,1,0,중년,0.0,0.0,0.0,1.0,0.0,0.0,0.0,0.0,잠,,,0,0,1,0,0,0,0,0,0,0
607,2019. 8. 13.,9:11:00,5,신길,공덕,F,0,0,1,0,0,,1,0,중년,0.0,0.0,0.0,1.0,0.0,0.0,0.0,0.0,핸드폰,이어폰,,1,0,0,1,0,0,0,0,0,0
608,2019. 8. 13.,9:12:00,5,신길,공덕,F,0,0,1,0,0,,1,0,중년,0.0,0.0,0.0,1.0,0.0,0.0,0.0,1.0,핸드폰,이어폰,,1,0,0,1,0,0,0,0,0,0
609,2019. 8. 13.,9:10:00,5,신길,공덕,F,0,0,1,0,0,,1,0,중년,0.0,0.0,0.0,1.0,0.0,0.0,0.0,0.0,멍,,,0,1,0,0,0,0,0,0,0,0
610,2019. 8. 13.,9:10:00,5,신길,공덕,F,0,0,1,0,0,,0,1,중년,0.0,0.0,0.0,1.0,0.0,0.0,0.0,0.0,멍,,,0,1,0,0,0,0,0,0,0,0
611,2019. 8. 13.,9:18:00,5,마포,공덕,F,0,0,1,0,1,1.0,0,0,,,,,,,,,,,,,0,0,0,0,0,0,0,0,0,0
612,2019. 8. 13.,8:42:00,10,야탑,왕십리,F,0,0,1,0,0,,1,0,중년,0.0,0.0,0.0,1.0,0.0,0.0,0.0,0.0,멍,,,0,1,0,0,0,0,0,0,0,0
613,2019. 8. 13.,8:42:00,10,야탑,왕십리,F,0,0,1,0,0,,1,0,청년,0.0,0.0,1.0,0.0,0.0,0.0,0.0,0.0,핸드폰,,,1,0,0,0,0,0,0,0,0,0
614,2019. 8. 13.,9:13:00,10,강남구청,왕십리,E,1,0,0,1,1,3.0,0,0,,,,,,,,,,,,,0,0,0,0,0,0,0,0,0,0
615,2019. 8. 13.,9:28:00,5,왕십리,공덕,N,0,1,0,0,0,,1,0,중년,0.0,0.0,0.0,1.0,0.0,0.0,0.0,0.0,핸드폰,,,1,0,0,0,0,0,0,0,0,0
616,2019. 8. 13.,9:28:00,5,왕십리,공덕,N,0,1,0,0,0,,1,0,중년,0.0,0.0,0.0,1.0,0.0,0.0,0.0,1.0,멍,,,0,1,0,0,0,0,0,0,0,0
617,2019. 8. 13.,9:40:00,5,종로3가,공덕,E,1,0,0,0,1,5.0,0,0,,,,,,,,,,,,,0,0,0,0,0,0,0,0,0,0
618,2019. 8. 13.,9:44:00,5,왕십리,공덕,E,1,0,0,1,0,,1,0,청년,0.0,0.0,1.0,0.0,0.0,1.0,1.0,0.0,핸드폰,,,1,0,0,0,0,0,0,0,0,0
619,2019. 8. 13.,9:47:00,5,왕십리,공덕,E,1,0,0,1,0,,0,1,청년,0.0,0.0,1.0,0.0,0.0,0.0,0.0,1.0,대화,,,0,0,0,0,1,0,0,0,0,0
620,2019. 8. 13.,9:01:00,6,불광,새절,E,1,0,0,1,1,5.0,0,0,,,,,,,,,,,,,0,0,0,0,0,0,0,0,0,0
621,2019. 8. 13.,9:01:00,6,불광,새절,E,1,0,0,1,1,5.0,0,0,,,,,,,,,,,,,0,0,0,0,0,0,0,0,0,0
622,2019. 8. 13.,9:13:00,6,새절,마포구청,N,0,1,0,1,0,,1,0,청년,0.0,0.0,1.0,0.0,0.0,0.0,0.0,0.0,핸드폰,,,1,0,0,0,0,0,0,0,0,0
623,2019. 8. 13.,9:13:00,6,새절,마포구청,N,0,1,0,1,0,,1,0,청년,0.0,0.0,1.0,0.0,0.0,0.0,0.0,0.0,멍,,,0,1,0,0,0,0,0,0,0,0
624,2019. 8. 13.,9:21:00,6,마포구청,공덕,N,0,1,0,1,1,6.0,0,0,,,,,,,,,,,,,0,0,0,0,0,0,0,0,0,0
625,2019. 8. 13.,9:21:00,6,마포구청,공덕,N,0,1,0,1,1,6.0,0,0,,,,,,,,,,,,,0,0,0,0,0,0,0,0,0,0
626,2019. 8. 13.,18:56:00,5,공덕,신길,N,0,1,0,1,0,,0,1,청년,0.0,0.0,1.0,0.0,0.0,0.0,0.0,0.0,이어폰,핸드폰,,1,0,0,1,0,0,0,0,0,0
627,2019. 8. 13.,18:57:00,5,공덕,신길,N,0,1,0,1,0,,1,0,청년,0.0,0.0,1.0,0.0,0.0,0.0,0.0,0.0,핸드폰,,,1,0,0,0,0,0,0,0,0,0
628,2019. 8. 13.,19:13:00,1,신길,병점,N,0,1,0,1,0,,1,0,청년,0.0,0.0,1.0,0.0,0.0,0.0,0.0,1.0,핸드폰,,,1,0,0,0,0,0,0,0,0,0
629,2019. 8. 13.,19:25:00,1,신길,병점,F,0,0,1,1,0,,1,0,청년,0.0,0.0,1.0,0.0,0.0,0.0,0.0,0.0,잠,,,0,0,1,0,0,0,0,0,0,0
630,2019. 8. 13.,19:45:00,1,금정,화서,N,0,1,0,1,1,5.0,0,0,,,,,,,,,,,,,0,0,0,0,0,0,0,0,0,0
631,2019. 8. 13.,20:05:00,1,신길,병점,E,1,0,0,1,0,,0,1,청년,0.0,0.0,1.0,0.0,0.0,0.0,0.0,1.0,이어폰,핸드폰,,1,0,0,1,0,0,0,0,0,0
632,2019. 8. 13.,20:07:00,1,신길,병점,E,1,0,0,1,0,,1,0,청년,0.0,0.0,1.0,0.0,0.0,0.0,0.0,0.0,핸드폰,이어폰,,1,0,0,1,0,0,0,0,0,0
633,2019. 8. 13.,20:55:00,5,공덕,신길,N,0,1,0,1,1,4.0,0,0,,,,,,,,,,,,,0,0,0,0,0,0,0,0,0,0
634,2019. 8. 13.,20:55:00,5,공덕,신길,N,0,1,0,1,1,4.0,0,0,,,,,,,,,,,,,0,0,0,0,0,0,0,0,0,0
635,2019. 8. 13.,21:09:00,1,신길,수원,F,0,0,1,0,0,,0,1,노년,0.0,0.0,0.0,0.0,1.0,0.0,0.0,0.0,핸드폰,멍,,1,1,0,0,0,0,0,0,0,0
636,2019. 8. 13.,21:09:00,1,신길,신도림,F,0,0,1,0,1,2.0,0,0,,,,,,,,,,,,,0,0,0,0,0,0,0,0,0,0
637,2019. 8. 13.,21:15:00,1,신길,수원,F,0,0,1,0,0,,1,0,중년,0.0,0.0,0.0,1.0,0.0,0.0,0.0,0.0,핸드폰,,,1,0,0,0,0,0,0,0,0,0
638,2019. 8. 13.,21:24:00,1,신길,수원,F,0,0,1,0,0,,1,0,중년,0.0,0.0,0.0,1.0,0.0,0.0,0.0,0.0,핸드폰,,,1,0,0,0,0,0,0,0,0,0
639,2019. 8. 13.,21:24:00,1,독산,안양,F,0,0,1,0,1,4.0,0,0,,,,,,,,,,,,,0,0,0,0,0,0,0,0,0,0
640,2019. 8. 13.,21:33:00,1,관악,안양,F,0,0,1,0,1,1.0,0,0,,,,,,,,,,,,,0,0,0,0,0,0,0,0,0,0
641,2019. 8. 13.,21:36:00,1,신길,수원,F,0,0,1,0,0,,1,0,청소년,0.0,1.0,0.0,0.0,0.0,0.0,0.0,1.0,대화,,,0,0,0,0,1,0,0,0,0,0
642,2019. 8. 13.,21:36:00,1,신길,수원,F,0,0,1,0,0,,1,0,중년,0.0,0.0,0.0,1.0,0.0,0.0,0.0,1.0,멍,,,0,1,0,0,0,0,0,0,0,0
643,2019. 8. 13.,20:55:00,5,공덕,왕십리,E,1,0,0,1,0,,1,0,노년,0.0,0.0,0.0,0.0,1.0,0.0,0.0,1.0,잠,,,0,0,1,0,0,0,0,0,0,0
644,2019. 8. 13.,20:55:00,5,공덕,왕십리,E,1,0,0,1,0,,0,1,중년,0.0,0.0,0.0,1.0,0.0,0.0,0.0,1.0,필기,,,0,0,0,0,0,0,0,0,0,1
645,2019. 8. 13.,20:59:00,5,서대문,행당,N,0,1,0,1,1,7.0,0,0,,,,,,,,,,,,,0,0,0,0,0,0,0,0,0,0
646,2019. 8. 13.,21:04:00,5,종로3가,왕십리,N,0,1,0,1,1,6.0,0,0,,,,,,,,,,,,,0,0,0,0,0,0,0,0,0,0
647,2019. 8. 13.,21:15:00,5,공덕,왕십리,F,0,0,1,1,0,,1,0,노년,0.0,0.0,0.0,0.0,1.0,0.0,0.0,1.0,핸드폰,,,1,0,0,0,0,0,0,0,0,0
648,2019. 8. 13.,21:23:00,10,왕십리,선릉,E,1,0,0,1,1,5.0,0,0,,,,,,,,,,,,,0,0,0,0,0,0,0,0,0,0
649,2019. 8. 13.,21:23:00,10,왕십리,압구정로데오,E,1,0,0,1,1,3.0,0,0,,,,,,,,,,,,,0,0,0,0,0,0,0,0,0,0
650,2019. 8. 13.,21:29:00,10,왕십리,야탑,E,1,0,0,1,0,,0,1,노년,0.0,0.0,0.0,0.0,1.0,0.0,0.0,0.0,잠,,,0,0,1,0,0,0,0,0,0,0
651,2019. 8. 13.,21:30:00,10,왕십리,야탑,N,0,1,0,1,0,,1,0,중년,0.0,0.0,0.0,1.0,0.0,0.0,0.0,1.0,핸드폰,,,1,0,0,0,0,0,0,0,0,0
652,2019. 8. 13.,21:34:00,10,왕십리,야탑,N,0,1,0,1,0,,0,1,중년,0.0,0.0,0.0,1.0,0.0,0.0,0.0,1.0,멍,,,0,1,0,0,0,0,0,0,0,0
653,2019. 8. 13.,20:50:00,6,공덕,불광,E,1,0,0,1,1,4.0,0,0,,,,,,,,,,,,,0,0,0,0,0,0,0,0,0,0
654,2019. 8. 13.,20:50:00,6,공덕,합정,E,1,0,0,1,1,4.0,0,0,,,,,,,,,,,,,0,0,0,0,0,0,0,0,0,0
655,2019. 8. 13.,21:03:00,6,합정,증산,N,0,1,0,1,0,,0,1,중년,0.0,0.0,0.0,1.0,0.0,0.0,0.0,0.0,핸드폰,,,1,0,0,0,0,0,0,0,0,0
656,2019. 8. 13.,21:11:00,6,증산,불광,N,0,1,0,1,1,4.0,0,0,,,,,,,,,,,,,0,0,0,0,0,0,0,0,0,0
657,2019. 8. 13.,8:40:00,6,화랑대,태릉입구,E,1,0,0,1,1,1.0,0,0,,,,,,,,,,,,,0,0,0,0,0,0,0,0,0,0
658,2019. 8. 13.,8:40:00,6,화랑대,태릉입구,E,1,0,0,1,1,1.0,0,0,,,,,,,,,,,,,0,0,0,0,0,0,0,0,0,0
659,2019. 8. 13.,8:41:00,6,태릉입구,한강진,N,0,1,0,1,0,,1,0,중년,0.0,0.0,0.0,1.0,0.0,0.0,0.0,0.0,핸드폰,,,1,0,0,0,0,0,0,0,0,0
660,2019. 8. 13.,8:41:00,6,태릉입구,공덕,N,0,1,0,1,0,,1,0,청년,0.0,0.0,1.0,0.0,0.0,0.0,0.0,0.0,핸드폰,잠,,1,0,1,0,0,0,0,0,0,0
661,2019. 8. 13.,9:07:00,6,한강진,공덕,E,1,0,0,1,1,5.0,0,0,,,,,,,,,,,,,0,0,0,0,0,0,0,0,0,0
662,2019. 8. 13.,20:36:00,6,공덕,삼각지,N,0,1,0,1,0,,1,0,청년,0.0,0.0,1.0,0.0,0.0,0.0,0.0,0.0,핸드폰,,,1,0,0,0,0,0,0,0,0,0
663,2019. 8. 13.,20:36:00,6,공덕,삼각지,N,0,1,0,1,0,,0,1,노년,0.0,0.0,0.0,0.0,1.0,0.0,0.0,0.0,멍,,,0,1,0,0,0,0,0,0,0,0
664,2019. 8. 13.,20:38:00,6,삼각지,동묘앞,E,1,0,0,1,1,8.0,0,0,,,,,,,,,,,,,0,0,0,0,0,0,0,0,0,0
665,2019. 8. 13.,20:38:00,6,삼각지,화랑대,E,1,0,0,1,1,18.0,0,0,,,,,,,,,,,,,0,0,0,0,0,0,0,0,0,0
666,2019. 8. 13.,20:52:00,6,동묘앞,고려대,N,0,1,0,1,0,,0,1,중년,0.0,0.0,0.0,1.0,0.0,0.0,0.0,0.0,통화,,,0,0,0,0,0,1,0,0,0,0
667,2019. 8. 13.,21:00:00,6,고려대,화랑대,N,0,1,0,1,1,6.0,0,0,,,,,,,,,,,,,0,0,0,0,0,0,0,0,0,0
668,2019. 8. 13.,8:46:00,7,신중동,온수,F,0,0,1,0,0,,1,0,청년,0.0,0.0,1.0,0.0,0.0,0.0,0.0,0.0,핸드폰,,,1,0,0,0,0,0,0,0,0,0
669,2019. 8. 13.,8:46:00,7,신중동,온수,F,0,0,1,0,0,,0,1,청년,0.0,0.0,1.0,0.0,0.0,0.0,0.0,0.0,잠,,,0,0,1,0,0,0,0,0,0,0
670,2019. 8. 13.,9:05:00,1,온수,신길,E,1,0,0,1,0,,1,0,청년,0.0,0.0,1.0,0.0,0.0,0.0,0.0,0.0,핸드폰,,,1,0,0,0,0,0,0,0,0,0
671,2019. 8. 13.,9:05:00,1,온수,신길,E,1,0,0,1,0,,1,0,청년,0.0,0.0,1.0,0.0,0.0,0.0,0.0,1.0,핸드폰,,,1,0,0,0,0,0,0,0,0,0
672,2019. 8. 13.,9:13:00,1,온수,신길,E,1,0,0,1,0,,1,0,청년,0.0,0.0,1.0,0.0,0.0,0.0,0.0,0.0,핸드폰,,,1,0,0,0,0,0,0,0,0,0
673,2019. 8. 13.,9:25:00,5,신길,공덕,N,0,1,0,0,0,,1,0,중년,0.0,0.0,0.0,1.0,0.0,0.0,0.0,0.0,잠,,,0,0,1,0,0,0,0,0,0,0
674,2019. 8. 13.,9:25:00,5,신길,공덕,N,0,1,0,0,1,4.0,0,0,,,,,,,,,,,,,0,0,0,0,0,0,0,0,0,0
675,2019. 8. 13.,18:53:00,5,공덕,신길,N,0,1,0,0,0,,1,0,노년,0.0,0.0,0.0,0.0,1.0,0.0,0.0,1.0,핸드폰,,,1,0,0,0,0,0,0,0,0,0
676,2019. 8. 13.,18:53:00,5,공덕,신길,N,0,1,0,0,0,,1,0,청년,0.0,0.0,1.0,0.0,0.0,0.0,0.0,1.0,핸드폰,,,1,0,0,0,0,0,0,0,0,0
677,2019. 8. 13.,18:58:00,5,여의나루,신길,N,0,1,0,0,1,2.0,0,0,,,,,,,,,,,,,0,0,0,0,0,0,0,0,0,0
678,2019. 8. 13.,19:08:00,1,신길,온수,N,0,1,0,1,0,,1,0,청년,0.0,0.0,1.0,0.0,0.0,1.0,1.0,1.0,핸드폰,,,1,0,0,0,0,0,0,0,0,0
679,2019. 8. 13.,19:08:00,1,신길,온수,N,0,1,0,1,0,,0,1,청년,0.0,0.0,1.0,0.0,0.0,0.0,0.0,0.0,핸드폰,,,1,0,0,0,0,0,0,0,0,0
680,2019. 8. 13.,19:16:00,1,구로,온수,N,0,1,0,1,1,4.0,0,0,,,,,,,,,,,,,0,0,0,0,0,0,0,0,0,0
681,2019. 8. 13.,19:16:00,1,신길,온수,N,0,1,0,1,0,,1,0,중년,0.0,0.0,0.0,1.0,0.0,0.0,0.0,1.0,핸드폰,,,1,0,0,0,0,0,0,0,0,0
682,2019. 8. 13.,19:36:00,7,온수,신중동,F,0,0,1,0,1,4.0,0,0,,,,,,,,,,,,,0,0,0,0,0,0,0,0,0,0
683,2019. 8. 13.,19:36:00,7,온수,신중동,F,0,0,1,0,1,4.0,0,0,,,,,,,,,,,,,0,0,0,0,0,0,0,0,0,0
684,2019. 8. 14.,8:30:00,10,야탑,왕십리,F,0,0,1,0,0,,1,0,노년,0.0,0.0,0.0,0.0,1.0,0.0,0.0,1.0,멍,,,0,1,0,0,0,0,0,0,0,0
685,2019. 8. 14.,8:30:00,10,야탑,왕십리,F,0,0,1,0,0,,1,0,청년,0.0,0.0,1.0,0.0,0.0,0.0,0.0,0.0,핸드폰,이어폰,,1,0,0,1,0,0,0,0,0,0
686,2019. 8. 14.,8:37:00,10,야탑,왕십리,F,0,0,1,0,0,,1,0,청년,0.0,0.0,1.0,0.0,0.0,0.0,0.0,0.0,핸드폰,이어폰,,1,0,0,1,0,0,0,0,0,0
687,2019. 8. 14.,8:53:00,10,야탑,왕십리,F,0,0,1,0,0,,1,0,청년,0.0,0.0,1.0,0.0,0.0,0.0,0.0,0.0,핸드폰,이어폰,,1,0,0,1,0,0,0,0,0,0
688,2019. 8. 14.,8:56:00,10,강남구청,왕십리,E,1,0,0,1,1,3.0,0,0,,,,,,,,,,,,,0,0,0,0,0,0,0,0,0,0
689,2019. 8. 14.,8:59:00,10,압구정로데오,왕십리,E,1,0,0,1,1,2.0,0,0,,,,,,,,,,,,,0,0,0,0,0,0,0,0,0,0
690,2019. 8. 14.,9:10:00,5,왕십리,공덕,N,0,1,0,0,0,,1,0,청년,0.0,0.0,1.0,0.0,0.0,0.0,0.0,0.0,핸드폰,,,1,0,0,0,0,0,0,0,0,0
691,2019. 8. 14.,9:10:00,5,왕십리,공덕,N,0,1,0,0,0,,1,0,청년,0.0,0.0,1.0,0.0,0.0,0.0,0.0,1.0,독서,,,0,0,0,0,0,0,1,0,0,0
692,2019. 8. 14.,9:20:00,5,을지로4가,공덕,E,1,0,0,1,1,6.0,0,0,,,,,,,,,,,,,0,0,0,0,0,0,0,0,0,0
693,2019. 8. 14.,9:26:00,5,광화문,공덕,E,1,0,0,1,1,4.0,0,0,,,,,,,,,,,,,0,0,0,0,0,0,0,0,0,0
694,2019. 8. 14.,9:23:00,6,불광,합정,E,1,0,0,1,1,4.0,0,0,,,,,,,,,,,,,0,0,0,0,0,0,0,0,0,0
695,2019. 8. 14.,9:23:00,6,불광,응암,E,1,0,0,1,1,4.0,0,0,,,,,,,,,,,,,0,0,0,0,0,0,0,0,0,0
696,2019. 8. 14.,9:36:00,6,응암,새절,E,1,0,0,1,0,,0,1,청년,0.0,0.0,1.0,0.0,0.0,0.0,0.0,0.0,핸드폰,,,1,0,0,0,0,0,0,0,0,0
697,2019. 8. 14.,9:43:00,6,새절,합정,N,0,1,0,1,1,6.0,0,0,,,,,,,,,,,,,0,0,0,0,0,0,0,0,0,0
698,2019. 8. 14.,9:48:00,6,합정,광흥창,N,0,1,0,1,0,,1,0,중년,0.0,0.0,0.0,1.0,0.0,0.0,0.0,0.0,멍,,,0,1,0,0,0,0,0,0,0,0
699,2019. 8. 14.,9:50:00,6,광흥창,공덕,N,0,1,0,1,1,2.0,0,0,,,,,,,,,,,,,0,0,0,0,0,0,0,0,0,0
700,2019. 8. 14.,8:00:00,1,병점,신길,E,1,0,0,1,0,,0,1,청년,0.0,0.0,1.0,0.0,0.0,0.0,0.0,1.0,핸드폰,이어폰,,1,0,0,1,0,0,0,0,0,0
701,2019. 8. 14.,8:00:00,1,병점,수원,E,1,0,0,1,1,2.0,0,0,,,,,,,,,,,,,0,0,0,0,0,0,0,0,0,0
702,2019. 8. 14.,8:09:00,1,병점,신길,N,0,1,0,1,0,,1,0,중년,0.0,0.0,0.0,1.0,0.0,0.0,0.0,0.0,핸드폰,,,1,0,0,0,0,0,0,0,0,0
703,2019. 8. 14.,8:37:00,1,수원,신길,E,1,0,0,1,0,,1,0,중년,0.0,0.0,0.0,1.0,0.0,0.0,0.0,0.0,잠,,,0,0,1,0,0,0,0,0,0,0
704,2019. 8. 14.,8:37:00,1,수원,성균관대,E,1,0,0,1,1,2.0,0,0,,,,,,,,,,,,,0,0,0,0,0,0,0,0,0,0
705,2019. 8. 14.,8:43:00,1,수원,신길,N,0,1,0,1,0,,1,0,청년,0.0,0.0,1.0,0.0,0.0,0.0,0.0,1.0,핸드폰,,,1,0,0,0,0,0,0,0,0,0
706,2019. 8. 14.,8:52:00,1,병점,신길,N,0,1,0,1,0,,0,1,노년,0.0,0.0,0.0,0.0,1.0,0.0,0.0,0.0,핸드폰,이어폰,,1,0,0,1,0,0,0,0,0,0
707,2019. 8. 14.,9:06:00,5,신길,공덕,F,0,0,1,0,0,,1,0,중년,0.0,0.0,0.0,1.0,0.0,0.0,0.0,0.0,핸드폰,이어폰,,1,0,0,1,0,0,0,0,0,0
708,2019. 8. 14.,9:07:00,5,신길,공덕,F,0,0,1,0,0,,1,0,노년,0.0,0.0,0.0,0.0,1.0,0.0,0.0,1.0,핸드폰,,,1,0,0,0,0,0,0,0,0,0
709,2019. 8. 14.,9:08:00,5,신길,공덕,F,0,0,1,1,0,,1,0,중년,0.0,0.0,0.0,1.0,0.0,0.0,0.0,0.0,핸드폰,,,1,0,0,0,0,0,0,0,0,0
710,2019. 8. 14.,9:33:00,5,신길,공덕,F,0,0,1,0,0,,1,0,중년,0.0,0.0,0.0,1.0,0.0,0.0,0.0,0.0,잠,,,0,0,1,0,0,0,0,0,0,0
711,2019. 8. 14.,9:33:00,5,신길,공덕,F,0,0,1,0,0,,1,0,중년,0.0,0.0,0.0,1.0,0.0,0.0,0.0,0.0,잠,,,0,0,1,0,0,0,0,0,0,0
712,2019. 8. 14.,9:40:00,5,신길,공덕,F,0,0,1,0,0,,1,0,청년,0.0,0.0,1.0,0.0,0.0,0.0,0.0,0.0,핸드폰,,,1,0,0,0,0,0,0,0,0,0
713,2019. 8. 14.,18:28:00,5,공덕,신길,F,0,0,1,0,1,4.0,0,0,,,,,,,,,,,,,0,0,0,0,0,0,0,0,0,0
714,2019. 8. 14.,18:28:00,5,공덕,신길,F,0,0,1,0,0,,1,0,청년,0.0,0.0,1.0,0.0,0.0,0.0,0.0,0.0,잠,,,0,0,1,0,0,0,0,0,0,0
715,2019. 8. 14.,18:47:00,1,신길,병점,F,0,0,1,1,0,,0,1,중년,0.0,0.0,0.0,1.0,0.0,0.0,0.0,1.0,멍,,,0,1,0,0,0,0,0,0,0,0
716,2019. 8. 14.,18:48:00,1,신길,병점,F,0,0,1,1,0,,0,1,중년,0.0,0.0,0.0,1.0,0.0,0.0,0.0,0.0,핸드폰,,,1,0,0,0,0,0,0,0,0,0
717,2019. 8. 14.,18:47:00,1,신길,수원,F,0,0,1,0,0,,1,0,청년,0.0,0.0,1.0,0.0,0.0,0.0,0.0,1.0,핸드폰,,,1,0,0,0,0,0,0,0,0,0
718,2019. 8. 14.,18:47:00,1,신길,수원,F,0,0,1,0,0,,1,0,청년,0.0,0.0,1.0,0.0,0.0,0.0,0.0,1.0,핸드폰,,,1,0,0,0,0,0,0,0,0,0
719,2019. 8. 14.,18:26:00,5,공덕,신길,F,0,0,1,0,1,4.0,0,0,,,,,,,,,,,,,0,0,0,0,0,0,0,0,0,0
720,2019. 8. 14.,18:51:00,1,신길,병점,F,0,0,1,1,0,,1,0,중년,0.0,0.0,0.0,1.0,0.0,0.0,0.0,1.0,핸드폰,,,1,0,0,0,0,0,0,0,0,0
721,2019. 8. 14.,19:06:00,1,신길,병점,F,0,0,1,0,0,,0,1,청년,0.0,0.0,1.0,0.0,0.0,0.0,0.0,1.0,이어폰,잠,,0,0,1,1,0,0,0,0,0,0
722,2019. 8. 14.,19:14:00,1,신길,병점,F,0,0,1,0,0,,1,0,청년,0.0,0.0,1.0,0.0,0.0,0.0,0.0,0.0,이어폰,핸드폰,,1,0,0,1,0,0,0,0,0,0
723,2019. 8. 14.,19:16:00,1,신길,수원,F,0,0,1,0,0,,1,0,중년,0.0,0.0,0.0,1.0,0.0,0.0,0.0,0.0,핸드폰,,,1,0,0,0,0,0,0,0,0,0
724,2019. 8. 14.,19:29:00,1,화서,병점,E,1,0,0,1,1,3.0,0,0,,,,,,,,,,,,,0,0,0,0,0,0,0,0,0,0
725,2019. 8. 14.,19:35:00,1,화서,수원,E,1,0,0,1,1,1.0,0,0,,,,,,,,,,,,,0,0,0,0,0,0,0,0,0,0
726,2019. 8. 14.,19:35:00,1,수원,병점,E,1,0,0,1,1,2.0,0,0,,,,,,,,,,,,,0,0,0,0,0,0,0,0,0,0
727,2019. 8. 14.,18:23:00,5,공덕,애오개,F,0,0,1,0,1,1.0,0,0,,,,,,,,,,,,,0,0,0,0,0,0,0,0,0,0
728,2019. 8. 14.,18:23:00,5,공덕,왕십리,F,0,0,1,0,0,,1,0,노년,0.0,0.0,0.0,0.0,1.0,0.0,0.0,0.0,멍,,,0,1,0,0,0,0,0,0,0,0
729,2019. 8. 14.,18:26:00,5,공덕,왕십리,F,0,0,1,0,0,,0,1,노년,0.0,0.0,0.0,0.0,1.0,0.0,0.0,0.0,멍,,,0,1,0,0,0,0,0,0,0,0
730,2019. 8. 14.,18:26:00,5,충정로,왕십리,F,0,0,1,0,1,9.0,0,0,,,,,,,,,,,,,0,0,0,0,0,0,0,0,0,0
731,2019. 8. 14.,18:54:00,10,왕십리,도곡,F,0,0,1,0,1,7.0,0,0,,,,,,,,,,,,,0,0,0,0,0,0,0,0,0,0
732,2019. 8. 14.,19:04:00,10,강남구청,도곡,F,0,0,1,0,1,4.0,0,0,,,,,,,,,,,,,0,0,0,0,0,0,0,0,0,0
733,2019. 8. 14.,19:10:00,10,왕십리,야탑,F,0,0,1,0,0,,1,0,청년,0.0,0.0,1.0,0.0,0.0,0.0,0.0,0.0,이어폰,,,0,0,0,1,0,0,0,0,0,0
734,2019. 8. 14.,19:10:00,10,왕십리,야탑,F,0,0,1,0,0,,1,0,중년,0.0,0.0,0.0,1.0,0.0,0.0,0.0,0.0,독서,,,0,0,0,0,0,0,1,0,0,0
735,2019. 8. 14.,19:26:00,10,태평,모란,F,0,0,1,0,1,1.0,0,0,,,,,,,,,,,,,0,0,0,0,0,0,0,0,0,0
736,2019. 8. 14.,19:29:00,10,왕십리,야탑,F,0,0,1,0,0,,0,1,중년,0.0,0.0,0.0,1.0,0.0,0.0,0.0,0.0,잠,,,0,0,1,0,0,0,0,0,0,0
737,2019. 8. 14.,18:48:00,6,공덕,합정,N,0,1,0,0,0,,1,0,어린이,1.0,0.0,0.0,0.0,0.0,0.0,0.0,0.0,핸드폰,,,1,0,0,0,0,0,0,0,0,0
738,2019. 8. 14.,18:48:00,6,공덕,합정,N,0,1,0,0,0,,0,1,중년,0.0,0.0,0.0,1.0,0.0,0.0,0.0,1.0,핸드폰,,,1,0,0,0,0,0,0,0,0,0
739,2019. 8. 14.,18:56:00,6,합정,증산,N,0,1,0,1,0,,1,0,중년,0.0,0.0,0.0,1.0,0.0,0.0,0.0,0.0,핸드폰,,,1,0,0,0,0,0,0,0,0,0
740,2019. 8. 14.,18:56:00,6,합정,증산,N,0,1,0,1,0,,1,0,노년,0.0,0.0,0.0,0.0,1.0,0.0,0.0,1.0,멍,,,0,1,0,0,0,0,0,0,0,0
741,2019. 8. 14.,19:12:00,6,새절,불광,E,1,0,0,1,1,3.0,0,0,,,,,,,,,,,,,0,0,0,0,0,0,0,0,0,0
742,2019. 8. 14.,19:12:00,6,증산,불광,E,1,0,0,1,1,4.0,0,0,,,,,,,,,,,,,0,0,0,0,0,0,0,0,0,0
743,2019. 8. 14.,8:27:00,7,신중동,온수,N,0,1,0,0,0,,1,0,청년,0.0,0.0,1.0,0.0,0.0,0.0,0.0,1.0,핸드폰,,,1,0,0,0,0,0,0,0,0,0
744,2019. 8. 14.,8:27:00,7,신중동,온수,N,0,1,0,0,0,,1,0,노년,0.0,0.0,0.0,0.0,1.0,0.0,0.0,1.0,잠,,,0,0,1,0,0,0,0,0,0,0
745,2019. 8. 14.,8:40:00,1,온수,신길,F,0,0,1,0,0,,1,0,청년,0.0,0.0,1.0,0.0,0.0,0.0,0.0,0.0,잠,,,0,0,1,0,0,0,0,0,0,0
746,2019. 8. 14.,8:40:00,1,온수,신길,F,0,0,1,0,0,,1,0,노년,0.0,0.0,0.0,0.0,1.0,0.0,0.0,1.0,독서,,,0,0,0,0,0,0,1,0,0,0
747,2019. 8. 14.,9:03:00,5,신길,공덕,N,0,1,0,0,0,,1,0,노년,0.0,0.0,0.0,0.0,1.0,0.0,0.0,1.0,멍,,,0,1,0,0,0,0,0,0,0,0
748,2019. 8. 14.,9:03:00,5,신길,공덕,N,0,1,0,0,0,,1,0,청년,0.0,0.0,1.0,0.0,0.0,0.0,0.0,1.0,핸드폰,,,1,0,0,0,0,0,0,0,0,0
749,2019. 8. 14.,9:06:00,5,신길,공덕,N,0,1,0,0,0,,1,0,노년,0.0,0.0,0.0,0.0,1.0,0.0,0.0,1.0,멍,,,0,1,0,0,0,0,0,0,0,0
750,2019. 8. 14.,9:08:00,5,신길,공덕,N,0,1,0,0,0,,1,0,청년,0.0,0.0,1.0,0.0,0.0,0.0,0.0,1.0,핸드폰,,,1,0,0,0,0,0,0,0,0,0
751,2019. 8. 14.,18:22:00,5,공덕,신길,F,0,0,1,0,0,,1,0,청년,0.0,0.0,1.0,0.0,0.0,0.0,0.0,1.0,핸드폰,,,1,0,0,0,0,0,0,0,0,0
752,2019. 8. 14.,18:22:00,5,공덕,여의도,F,0,0,1,0,1,3.0,0,0,,,,,,,,,,,,,0,0,0,0,0,0,0,0,0,0
753,2019. 8. 14.,18:30:00,5,공덕,신길,F,0,0,1,0,0,,1,0,청년,0.0,0.0,1.0,0.0,0.0,0.0,0.0,0.0,핸드폰,,,1,0,0,0,0,0,0,0,0,0
754,2019. 8. 14.,18:43:00,1,신길,온수,F,0,0,1,0,0,,0,1,청년,0.0,0.0,1.0,0.0,0.0,0.0,0.0,1.0,잠,,,0,0,1,0,0,0,0,0,0,0
755,2019. 8. 14.,18:43:00,1,신길,온수,F,0,0,1,0,0,,1,0,노년,0.0,0.0,0.0,0.0,1.0,0.0,0.0,1.0,잠,,,0,0,1,0,0,0,0,0,0,0
756,2019. 8. 14.,19:06:00,7,온수,신중동,F,0,0,1,0,0,,1,0,중년,0.0,0.0,0.0,1.0,0.0,0.0,0.0,1.0,잠,,,0,0,1,0,0,0,0,0,0,0
757,2019. 8. 14.,19:06:00,7,온수,신중동,F,0,0,1,0,0,,1,0,청년,0.0,0.0,1.0,0.0,0.0,0.0,0.0,1.0,잠,,,0,0,1,0,0,0,0,0,0,0
758,2019. 8. 15.,12:30:00,2,잠실,잠실새내,N,0,1,0,1,1,,0,0,,,,,,,,,,,,,0,0,0,0,0,0,0,0,0,0
759,2019. 8. 15.,12:30:00,2,잠실,선릉,N,0,1,0,1,0,,1,0,중년,0.0,0.0,0.0,1.0,0.0,0.0,0.0,0.0,멍,,,0,1,0,0,0,0,0,0,0,0
760,2019. 8. 15.,12:32:00,2,잠실새내,역삼,N,0,1,0,1,0,,1,0,청년,0.0,0.0,1.0,0.0,0.0,0.0,0.0,0.0,핸드폰,,,1,0,0,0,0,0,0,0,0,0
761,2019. 8. 15.,12:38:00,2,선릉,역삼,N,0,1,0,1,0,,1,0,중년,0.0,0.0,0.0,1.0,0.0,0.0,0.0,0.0,잠,,,0,0,1,0,0,0,0,0,0,0
762,2019. 8. 15.,19:16:00,2,역삼,잠실새내,N,0,1,0,1,1,,0,0,,,,,,,,,,,,,0,0,0,0,0,0,0,0,0,0
763,2019. 8. 15.,19:16:00,2,역삼,잠실,N,0,1,0,1,1,,0,0,,,,,,,,,,,,,0,0,0,0,0,0,0,0,0,0
764,2019. 8. 15.,19:24:00,2,잠실새내,잠실,N,0,1,0,1,0,,1,0,중년,0.0,0.0,0.0,1.0,0.0,0.0,0.0,0.0,멍,,,0,1,0,0,0,0,0,0,0,0
765,2019. 8. 15.,14:39:00,1,중동,동암,E,1,0,0,1,1,5.0,0,0,,,,,,,,,,,,,0,0,0,0,0,0,0,0,0,0
766,2019. 8. 15.,14:39:00,1,중동,주안,E,1,0,0,1,0,,1,0,노년,0.0,0.0,0.0,0.0,1.0,0.0,0.0,1.0,대화,,,0,0,0,0,1,0,0,0,0,0
767,2019. 8. 15.,14:52:00,1,중동,주안,E,1,0,0,1,0,,1,0,노년,0.0,0.0,0.0,0.0,1.0,0.0,0.0,0.0,멍,,,0,1,0,0,0,0,0,0,0,0
768,2019. 8. 16.,8:23:00,1,수원,신길,F,0,0,1,0,0,,1,0,중년,0.0,0.0,0.0,1.0,0.0,0.0,0.0,1.0,잠,,,0,0,1,0,0,0,0,0,0,0
769,2019. 8. 16.,8:23:00,1,수원,신길,F,0,0,1,0,0,,0,1,중년,0.0,0.0,0.0,1.0,0.0,0.0,0.0,1.0,핸드폰,,,1,0,0,0,0,0,0,0,0,0
770,2019. 8. 16.,8:16:00,1,병점,수원,E,1,0,0,1,1,2.0,0,0,,,,,,,,,,,,,0,0,0,0,0,0,0,0,0,0
771,2019. 8. 16.,8:16:00,1,병점,수원,E,1,0,0,1,1,2.0,0,0,,,,,,,,,,,,,0,0,0,0,0,0,0,0,0,0
772,2019. 8. 16.,8:28:00,1,병점,신길,N,0,1,0,1,0,,0,1,청년,0.0,0.0,1.0,0.0,0.0,0.0,0.0,0.0,이어폰,핸드폰,,1,0,0,1,0,0,0,0,0,0
773,2019. 8. 16.,9:10:00,1,수원,신길,F,0,0,1,0,0,,1,0,청년,0.0,0.0,1.0,0.0,0.0,1.0,1.0,1.0,이어폰,핸드폰,,1,0,0,1,0,0,0,0,0,0
774,2019. 8. 16.,9:10:00,1,수원,신길,F,0,0,1,0,0,,1,0,중년,0.0,0.0,0.0,1.0,0.0,0.0,0.0,1.0,독서,,,0,0,0,0,0,0,1,0,0,0
775,2019. 8. 16.,9:18:00,5,신길,공덕,F,0,0,1,0,0,,1,0,청년,0.0,0.0,1.0,0.0,0.0,0.0,0.0,0.0,잠,,,0,0,1,0,0,0,0,0,0,0
776,2019. 8. 16.,9:18:00,5,신길,공덕,F,0,0,1,0,0,,1,0,노년,0.0,0.0,0.0,0.0,1.0,0.0,0.0,0.0,핸드폰,,,1,0,0,0,0,0,0,0,0,0
777,2019. 8. 16.,9:12:00,1,병점,신길,F,0,0,1,0,0,,1,0,청년,0.0,0.0,1.0,0.0,0.0,0.0,0.0,0.0,잠,,,0,0,1,0,0,0,0,0,0,0
778,2019. 8. 16.,9:25:00,5,신길,공덕,N,0,1,0,1,0,,1,0,중년,0.0,0.0,0.0,1.0,0.0,0.0,0.0,1.0,핸드폰,먹기,,1,0,0,0,0,0,0,0,1,0
779,2019. 8. 16.,9:25:00,5,신길,공덕,N,0,1,0,1,0,,1,0,중년,0.0,0.0,0.0,1.0,0.0,0.0,0.0,1.0,핸드폰,이어폰,,1,0,0,1,0,0,0,0,0,0
780,2019. 8. 16.,9:38:00,5,신길,공덕,N,0,1,0,1,0,,0,1,노년,0.0,0.0,0.0,0.0,1.0,0.0,0.0,1.0,멍,,,0,1,0,0,0,0,0,0,0,0
781,2019. 8. 16.,17:57:00,5,공덕,신길,F,0,0,1,1,0,,0,1,어린이,1.0,0.0,0.0,0.0,0.0,0.0,0.0,0.0,대화,,,0,0,0,0,1,0,0,0,0,0
782,2019. 8. 16.,17:57:00,5,공덕,신길,F,0,0,1,1,0,,1,0,청년,0.0,0.0,1.0,0.0,0.0,0.0,0.0,1.0,핸드폰,,,1,0,0,0,0,0,0,0,0,0
783,2019. 8. 16.,17:58:00,5,공덕,여의도,F,0,0,1,1,1,3.0,0,0,,,,,,,,,,,,,0,0,0,0,0,0,0,0,0,0
784,2019. 8. 16.,18:02:00,5,공덕,신길,F,0,0,1,1,0,,1,0,청년,0.0,0.0,1.0,0.0,0.0,0.0,1.0,1.0,핸드폰,,,1,0,0,0,0,0,0,0,0,0
785,2019. 8. 16.,18:14:00,1,신길,금정,F,0,0,1,0,1,11.0,0,0,,,,,,,,,,,,,0,0,0,0,0,0,0,0,0,0
786,2019. 8. 16.,18:14:00,1,신길,병점,N,0,1,0,1,0,,1,0,청년,0.0,0.0,1.0,0.0,0.0,0.0,0.0,1.0,이어폰,핸드폰,,1,0,0,1,0,0,0,0,0,0
787,2019. 8. 16.,18:14:00,1,신길,수원,F,0,0,1,0,0,,1,0,노년,0.0,0.0,0.0,0.0,1.0,0.0,0.0,0.0,잠,,,0,0,1,0,0,0,0,0,0,0
788,2019. 8. 16.,18:16:00,1,신길,병점,N,0,1,0,1,0,,1,0,노년,0.0,0.0,0.0,0.0,1.0,0.0,0.0,1.0,잠,,,0,0,1,0,0,0,0,0,0,0
789,2019. 8. 16.,18:16:00,1,영등포,안양,F,0,0,1,1,1,8.0,0,0,,,,,,,,,,,,,0,0,0,0,0,0,0,0,0,0
790,2019. 8. 16.,18:38:00,1,신길,수원,F,0,0,1,0,0,,1,0,노년,0.0,0.0,0.0,0.0,1.0,0.0,0.0,1.0,멍,,,0,1,0,0,0,0,0,0,0,0
791,2019. 8. 16.,18:42:00,1,명학,의왕,F,0,0,1,0,1,4.0,0,0,,,,,,,,,,,,,0,0,0,0,0,0,0,0,0,0
792,2019. 8. 16.,18:44:00,1,신길,수원,F,0,0,1,0,0,,0,1,청소년,0.0,1.0,0.0,0.0,0.0,0.0,0.0,0.0,핸드폰,,,1,0,0,0,0,0,0,0,0,0
793,2019. 8. 16.,18:45:00,1,신길,병점,N,0,1,0,1,0,,0,1,노년,0.0,0.0,0.0,0.0,1.0,0.0,0.0,0.0,멍,,,0,1,0,0,0,0,0,0,0,0
794,2019. 8. 16.,18:50:00,1,당정,수원,N,0,1,0,1,1,4.0,0,0,,,,,,,,,,,,,0,0,0,0,0,0,0,0,0,0
795,2019. 8. 16.,18:55:00,1,신길,수원,N,0,1,0,1,0,,0,1,중년,0.0,0.0,0.0,1.0,0.0,0.0,0.0,1.0,핸드폰,,,1,0,0,0,0,0,0,0,0,0
796,2019. 8. 16.,18:59:00,1,화서,수원,E,1,0,0,1,1,1.0,0,0,,,,,,,,,,,,,0,0,0,0,0,0,0,0,0,0
797,2019. 8. 16.,21:03:00,6,공덕,합정,E,1,0,0,0,0,,0,1,중년,0.0,0.0,0.0,1.0,0.0,0.0,0.0,0.0,핸드폰,,,1,0,0,0,0,0,0,0,0,0
798,2019. 8. 16.,21:03:00,6,공덕,합정,E,1,0,0,0,1,4.0,0,0,,,,,,,,,,,,,0,0,0,0,0,0,0,0,0,0
799,2019. 8. 16.,21:11:00,6,합정,마포구청,N,0,1,0,0,1,2.0,0,0,,,,,,,,,,,,,0,0,0,0,0,0,0,0,0,0
800,2019. 8. 16.,21:14:00,6,마포구청,불광,N,0,1,0,0,1,7.0,0,0,,,,,,,,,,,,,0,0,0,0,0,0,0,0,0,0
801,2019. 8. 16.,21:14:00,6,마포구청,불광,N,0,1,0,0,0,,1,0,중년,0.0,0.0,0.0,1.0,0.0,0.0,0.0,0.0,통화,,,0,0,0,0,0,1,0,0,0,0
802,2019. 8. 16.,9:16:00,6,화랑대,신당,E,1,0,0,1,0,,1,0,청년,0.0,0.0,1.0,0.0,0.0,1.0,1.0,0.0,핸드폰,,,1,0,0,0,0,0,0,0,0,0
803,2019. 8. 16.,9:16:00,6,화랑대,태릉입구,E,1,0,0,1,1,1.0,0,0,,,,,,,,,,,,,0,0,0,0,0,0,0,0,0,0
804,2019. 8. 16.,9:19:00,6,태릉입구,보문,N,0,1,0,0,0,,0,1,청년,0.0,0.0,1.0,0.0,0.0,0.0,0.0,0.0,핸드폰,,,1,0,0,0,0,0,0,0,0,0
805,2019. 8. 16.,9:30:00,6,보문,창신,F,0,0,1,0,1,1.0,0,0,,,,,,,,,,,,,0,0,0,0,0,0,0,0,0,0
806,2019. 8. 16.,9:31:00,6,창신,이태원,F,0,0,1,1,0,,1,0,어린이,1.0,0.0,0.0,0.0,0.0,0.0,0.0,0.0,핸드폰,,,1,0,0,0,0,0,0,0,0,0
807,2019. 8. 16.,9:35:00,6,신당,약수,N,0,1,0,1,0,,0,1,중년,0.0,0.0,0.0,1.0,0.0,0.0,0.0,1.0,멍,,,0,1,0,0,0,0,0,0,0,0
808,2019. 8. 16.,9:38:00,6,약수,공덕,N,0,1,0,1,1,7.0,0,0,,,,,,,,,,,,,0,0,0,0,0,0,0,0,0,0
809,2019. 8. 16.,9:44:00,6,이태원,삼각지,E,1,0,0,1,1,2.0,0,0,,,,,,,,,,,,,0,0,0,0,0,0,0,0,0,0
810,2019. 8. 16.,9:48:00,6,삼각지,공덕,E,1,0,0,1,0,,1,0,중년,0.0,0.0,0.0,1.0,0.0,0.0,0.0,0.0,멍,,,0,1,0,0,0,0,0,0,0,0
811,2019. 8. 16.,17:57:00,6,공덕,한강진,N,0,1,0,1,0,,1,0,청년,0.0,0.0,1.0,0.0,0.0,0.0,0.0,0.0,핸드폰,,,1,0,0,0,0,0,0,0,0,0
812,2019. 8. 16.,17:58:00,6,공덕,삼각지,N,0,1,0,1,0,,1,0,중년,0.0,0.0,0.0,1.0,0.0,0.0,0.0,0.0,핸드폰,멍,,1,1,0,0,0,0,0,0,0,0
813,2019. 8. 16.,18:01:00,6,삼각지,화랑대,N,0,1,0,1,1,18.0,0,0,,,,,,,,,,,,,0,0,0,0,0,0,0,0,0,0
814,2019. 8. 16.,18:07:00,6,한강진,청구,N,0,1,0,1,1,3.0,0,0,,,,,,,,,,,,,0,0,0,0,0,0,0,0,0,0
815,2019. 8. 16.,18:12:00,6,청구,동묘앞,F,0,0,1,1,0,,1,0,중년,0.0,0.0,0.0,1.0,0.0,0.0,0.0,0.0,핸드폰,,,1,0,0,0,0,0,0,0,0,0
816,2019. 8. 16.,18:15:00,6,동묘앞,돌곶이,F,0,0,1,1,0,,1,0,중년,0.0,0.0,0.0,1.0,0.0,0.0,0.0,1.0,핸드폰,,,1,0,0,0,0,0,0,0,0,0
817,2019. 8. 16.,18:26:00,6,돌곶이,석계,E,1,0,0,1,1,1.0,0,0,,,,,,,,,,,,,0,0,0,0,0,0,0,0,0,0
818,2019. 8. 16.,18:28:00,6,석계,화랑대,N,0,1,0,1,0,,1,0,중년,0.0,0.0,0.0,1.0,0.0,0.0,0.0,0.0,핸드폰,,,1,0,0,0,0,0,0,0,0,0
819,2019. 8. 16.,8:39:00,7,신중동,온수,E,1,0,0,1,0,,1,0,청년,0.0,0.0,1.0,0.0,0.0,0.0,0.0,0.0,화장,,,0,0,0,0,0,0,0,1,0,0
820,2019. 8. 16.,8:39:00,7,신중동,온수,E,1,0,0,1,0,,1,0,청년,0.0,0.0,1.0,0.0,0.0,0.0,0.0,1.0,핸드폰,,,1,0,0,0,0,0,0,0,0,0
821,2019. 8. 16.,8:55:00,1,온수,신길,N,0,1,0,0,0,,1,0,노년,0.0,0.0,0.0,0.0,1.0,0.0,0.0,0.0,잠,,,0,0,1,0,0,0,0,0,0,0
822,2019. 8. 16.,8:55:00,1,온수,신길,N,0,1,0,0,0,,0,1,중년,0.0,0.0,0.0,1.0,0.0,0.0,0.0,0.0,핸드폰,,,1,0,0,0,0,0,0,0,0,0
823,2019. 8. 16.,9:09:00,1,영등포,신길,N,0,1,0,0,1,1.0,0,0,,,,,,,,,,,,,0,0,0,0,0,0,0,0,0,0
824,2019. 8. 16.,9:17:00,5,신길,공덕,N,0,1,0,1,0,,1,0,청년,0.0,0.0,1.0,0.0,0.0,0.0,0.0,0.0,핸드폰,,,1,0,0,0,0,0,0,0,0,0
825,2019. 8. 16.,9:17:00,5,신길,공덕,N,0,1,0,1,0,,1,0,노년,0.0,0.0,0.0,0.0,1.0,0.0,0.0,1.0,핸드폰,,,1,0,0,0,0,0,0,0,0,0
826,2019. 8. 16.,18:00:00,5,공덕,신길,N,0,1,0,1,0,,1,0,청년,0.0,0.0,1.0,0.0,0.0,0.0,0.0,1.0,핸드폰,,,1,0,0,0,0,0,0,0,0,0
827,2019. 8. 16.,18:00:00,5,공덕,신길,N,0,1,0,1,1,4.0,0,0,,,,,,,,,,,,,0,0,0,0,0,0,0,0,0,0
828,2019. 8. 16.,18:16:00,1,신길,온수,F,0,0,1,0,0,,1,0,노년,0.0,0.0,0.0,0.0,1.0,0.0,0.0,1.0,잠,,,0,0,1,0,0,0,0,0,0,0
829,2019. 8. 16.,18:16:00,1,신길,온수,F,0,0,1,0,0,,1,0,청년,0.0,0.0,1.0,0.0,0.0,0.0,0.0,1.0,핸드폰,,,1,0,0,0,0,0,0,0,0,0
830,2019. 8. 16.,18:29:00,1,신길,온수,F,0,0,1,0,0,,1,0,청년,0.0,0.0,1.0,0.0,0.0,0.0,0.0,1.0,핸드폰,,,1,0,0,0,0,0,0,0,0,0
831,2019. 8. 16.,18:40:00,7,온수,신중동,F,0,0,1,0,0,,1,0,청년,0.0,0.0,1.0,0.0,0.0,0.0,0.0,0.0,핸드폰,,,1,0,0,0,0,0,0,0,0,0
832,2019. 8. 16.,18:40:00,7,온수,신중동,F,0,0,1,0,0,,0,1,중년,0.0,0.0,0.0,1.0,0.0,0.0,0.0,1.0,잠,,,0,0,1,0,0,0,0,0,0,0
