,date,time,name,line,start,stop,crowded,old_age_seat,sex,empty_station,age,badge,pregnant,heavy,behavior,characteristic,bag,empty,sex2,노년,중년,청년,어린이,청소년,crowded2,behavior1,behavior2,behavior3,핸드폰,멍,잠,이어폰,대화,통화,독서,화장,먹기,필기,바람쐬기
0,07월 31일,19:10:00,재민,5호선,공덕,여의도,N,,여,,중년,X,X,X,"이어폰, 핸드폰",,"쇼핑백, 장우산",1,1.0,0,1,0,0,0,1,이어폰,핸드폰,,1,0,0,1,0,0,0,0,0,0,0
1,07월 31일,19:21:00,재민,9호선,여의도,신논현,F,,여,,중년,X,X,X,핸드폰,임산부석 비워달라는 방송이 나왔으나 아랑곳하지 않음,,1,1.0,0,1,0,0,0,2,핸드폰,,,1,0,0,0,0,0,0,0,0,0,0
2,07월 31일,19:28:00,재민,9호선,여의도,신논현,F,,여,,청년,X,X,X,핸드폰,,,1,1.0,0,0,1,0,0,2,핸드폰,,,1,0,0,0,0,0,0,0,0,0,0
3,07월 31일,19:32:00,재민,9호선,여의도,신논현,F,,여,,청년,X,O,X,핸드폰,,,1,1.0,0,0,1,0,0,2,핸드폰,,,1,0,0,0,0,0,0,0,0,0,0
4,07월 31일,22:38:00,재민,분당선,선정릉,야탑,F,,여,,청년,O,O,X,"핸드폰, 대화",,,1,1.0,0,0,1,0,0,2,핸드폰,대화,,1,0,0,0,1,0,0,0,0,0,0
5,07월 31일,22:42:00,재민,분당선,선정릉,야탑,F,,남,,중년,X,X,X,핸드폰,,,1,0.0,0,1,0,0,0,2,핸드폰,,,1,0,0,0,0,0,0,0,0,0,0
6,07월 31일,18:30:00,보민,6호선,공덕,화랑대,N,,여,,중년,X,X,X,,옆자리가 나자 옮겨앉음,,1,1.0,0,1,0,0,0,1,,,,0,0,0,0,0,0,0,0,0,0,0
7,07월 31일,18:30:00,보민,6호선,공덕,화랑대,N,,여,,청년,X,X,X,핸드폰,,,1,1.0,0,0,1,0,0,1,핸드폰,,,1,0,0,0,0,0,0,0,0,0,0
8,07월 31일,18:30:00,보민,6호선,공덕,화랑대,N,,여,,중년,X,X,X,핸드폰,,,1,1.0,0,1,0,0,0,1,핸드폰,,,1,0,0,0,0,0,0,0,0,0,0
9,07월 31일,18:30:00,보민,6호선,공덕,화랑대,N,,여,,중년,X,X,X,,금방 내림,,1,1.0,0,1,0,0,0,1,,,,0,0,0,0,0,0,0,0,0,0,0
10,07월 31일,18:30:00,보민,6호선,공덕,화랑대,N,,남,,노년,X,X,X,,두자리에 걸터앉음. 지팡이,,1,0.0,1,0,0,0,0,1,,,,0,0,0,0,0,0,0,0,0,0,0
11,07월 31일,18:47:00,단비,5호선,공덕,신길,F,,여,,청년,X,X,,"이어폰, 핸드폰",,크로스백 작은거,1,1.0,0,0,1,0,0,2,이어폰,핸드폰,,1,0,0,1,0,0,0,0,0,0,0
12,07월 31일,18:47:00,단비,5호선,공덕,신길,F,,여,,중년,X,X,,"이어폰, 잠",,보스턴 백,1,1.0,0,1,0,0,0,2,이어폰,잠,,0,0,1,1,0,0,0,0,0,0,0
13,07월 31일,19:05:00,단비,1호선,신길,온수,N,X,여,,중년,X,X,,멍,,보스턴 백,1,1.0,0,1,0,0,0,1,멍,,,0,1,0,0,0,0,0,0,0,0,0
14,07월 31일,19:05:00,단비,1호선,신길,온수,N,X,남,,청년,X,X,,"이어폰, 핸드폰",,클러치,1,0.0,0,0,1,0,0,1,이어폰,핸드폰,,1,0,0,1,0,0,0,0,0,0,0
15,07월 31일,19:15:00,단비,1호선,신길,온수,N,X,남,,노년,X,X,,멍,,"크로스백, 종이가방 (파리바게트 (소) 크기",1,0.0,1,0,0,0,0,1,멍,,,0,1,0,0,0,0,0,0,0,0,0
16,07월 31일,19:19:00,단비,1호선,개봉,온수,N,X,비었음,,,,,,,,,0,,0,0,0,0,0,1,,,,0,0,0,0,0,0,0,0,0,0,0
17,07월 31일,19:27:00,단비,7호선,온수,신중동,F,X,여,,청년,X,X,,"이어폰, 핸드폰",,크로스백,1,1.0,0,0,1,0,0,2,이어폰,핸드폰,,1,0,0,1,0,0,0,0,0,0,0
18,07월 31일,19:27:00,단비,7호선,온수,신중동,F,X,여,,청년,X,X,,핸드폰,,에코백,1,1.0,0,0,1,0,0,2,핸드폰,,,1,0,0,0,0,0,0,0,0,0,0
19,08월 01일,13:27:00,한솔,2호선,신림,신도림,E,O,여,,중년,X,X,X,이어폰,일반석이 비어있음에도 불구하고 임산부석 착석,,1,1.0,0,1,0,0,0,0,이어폰,,,0,0,0,1,0,0,0,0,0,0,0
20,08월 01일,13:27:00,한솔,2호선,신림,신도림,E,O,여,,청년,O,O,X,핸드폰,,,1,1.0,0,0,1,0,0,0,핸드폰,,,1,0,0,0,0,0,0,0,0,0,0
21,08월 01일,13:43:00,한솔,1호선,신도림,병점,F,X,남,,노년,X,X,X,멍,정신지체장애가 있는듯했음,,1,0.0,1,0,0,0,0,2,멍,,,0,1,0,0,0,0,0,0,0,0,0
22,08월 01일,13:43:00,한솔,1호선,신도림,병점,F,X,여,,청년,X,O,X,핸드폰,,,1,1.0,0,0,1,0,0,2,핸드폰,,,1,0,0,0,0,0,0,0,0,0,0
23,08월 01일,11:20:00,재민,분당선,야탑,강남구청,F,X,여,,중년,X,X,X,멍,,"양산, 큰 비닐봉지",1,1.0,0,1,0,0,0,2,멍,,,0,1,0,0,0,0,0,0,0,0,0
24,08월 01일,11:20:00,재민,분당선,야탑,강남구청,F,X,여,,청년,X,X,X,잠,,,1,1.0,0,0,1,0,0,2,잠,,,0,0,1,0,0,0,0,0,0,0,0
25,08월 01일,11:30:00,재민,분당선,야탑,강남구청,F,X,여,,어린이,X,X,X,멍,,,1,1.0,0,0,0,1,0,2,멍,,,0,1,0,0,0,0,0,0,0,0,0
26,08월 01일,11:44:00,재민,분당선,야탑,강남구청,F,X,여,,중년,X,X,X,대화,4인가족 나란히 앉음,,1,1.0,0,1,0,0,0,2,대화,,,0,0,0,0,1,0,0,0,0,0,0
27,08월 01일,11:53:00,재민,7호선,강남구청,중계,F,X,여,,중년,X,X,O,핸드폰,,큰 쇼핑백,1,1.0,0,1,0,0,0,2,핸드폰,,,1,0,0,0,0,0,0,0,0,0,0
28,08월 01일,11:53:00,재민,7호선,강남구청,중계,F,X,여,,중년,X,X,X,핸드폰,일반석이 빌 때마다 옮기려는 움직임,,1,1.0,0,1,0,0,0,2,핸드폰,,,1,0,0,0,0,0,0,0,0,0,0
29,08월 01일,12:01:00,재민,7호선,강남구청,중계,F,X,남,,노년,X,X,X,멍,,,1,0.0,1,0,0,0,0,2,멍,,,0,1,0,0,0,0,0,0,0,0,0
30,08월 01일,12:10:00,재민,7호선,용마산,사가정,F,X,비었음,1.0,,,,,,,,0,,0,0,0,0,0,2,,,,0,0,0,0,0,0,0,0,0,0,0
31,08월 01일,12:11:00,재민,7호선,강남구청,중계,F,X,여,,중년,X,X,X,대화,,,1,1.0,0,1,0,0,0,2,대화,,,0,0,0,0,1,0,0,0,0,0,0
32,08월 01일,12:16:00,재민,7호선,상봉,중계,N,X,비었음,6.0,,,,,,,,0,,0,0,0,0,0,1,,,,0,0,0,0,0,0,0,0,0,0,0
33,08월 01일,12:21:00,재민,7호선,태릉입구,중계,N,X,비었음,3.0,,,,,,,,0,,0,0,0,0,0,1,,,,0,0,0,0,0,0,0,0,0,0,0
34,08월 01일,21:50:00,재민,7호선,태릉입구,강남구청,E,O,여,,청년,X,X,X,핸드폰,외국인,,1,1.0,0,0,1,0,0,0,핸드폰,,,1,0,0,0,0,0,0,0,0,0,0
35,08월 01일,21:50:00,재민,7호선,태릉입구,면목,E,O,비었음,4.0,,,,,,,,0,,0,0,0,0,0,0,,,,0,0,0,0,0,0,0,0,0,0,0
36,08월 01일,21:59:00,재민,7호선,태릉입구,강남구청,E,O,여,,중년,X,X,X,잠,,,1,1.0,0,1,0,0,0,0,잠,,,0,0,1,0,0,0,0,0,0,0,0
37,08월 01일,12:12:00,단비,7호선,신중동,이수,N,O,남,,노년,X,X,X,잠,우산 하나만 들고 계심,,1,0.0,1,0,0,0,0,1,잠,,,0,0,1,0,0,0,0,0,0,0,0
38,08월 01일,12:12:00,단비,7호선,신중동,이수,N,O,여,,청년,X,X,X,잠,,,1,1.0,0,0,1,0,0,1,잠,,,0,0,1,0,0,0,0,0,0,0,0
39,08월 01일,12:31:00,단비,7호선,신중동,이수,N,O,여,,중년,X,X,X,핸드폰,,,1,1.0,0,1,0,0,0,1,핸드폰,,,1,0,0,0,0,0,0,0,0,0,0
40,08월 01일,12:42:00,단비,7호선,신중동,이수,N,O,여,,청년,X,X,X,화장,,파우치,1,1.0,0,0,1,0,0,1,화장,,,0,0,0,0,0,0,0,1,0,0,0
41,08월 01일,22:51:00,단비,7호선,대림,신중동,F,X,여,,청년,X,X,X,핸드폰,,악기 및 에코백,1,1.0,0,0,1,0,0,2,핸드폰,,,1,0,0,0,0,0,0,0,0,0,0
42,08월 01일,22:51:00,단비,7호선,대림,신중동,F,X,여,,중년,X,X,X,잠,,크로스백,1,1.0,0,1,0,0,0,2,잠,,,0,0,1,0,0,0,0,0,0,0,0
43,08월 01일,23:02:00,단비,7호선,대림,신중동,F,X,남,,청년,X,X,X,잠,,백팩,1,0.0,0,0,1,0,0,2,잠,,,0,0,1,0,0,0,0,0,0,0,0
44,08월 02일,08:29:00,한솔,1호선,병점,신길,N,O,남,,노년,X,X,X,멍,,,1,0.0,1,0,0,0,0,1,멍,,,0,1,0,0,0,0,0,0,0,0,0
45,08월 02일,08:29:00,한솔,1호선,병점,신길,N,O,남,,청년,X,X,X,멍,외국인,,1,0.0,0,0,1,0,0,1,멍,,,0,1,0,0,0,0,0,0,0,0,0
46,08월 02일,08:47:00,한솔,1호선,병점,신길,N,O,여,,청년,X,X,X,핸드폰,,,1,1.0,0,0,1,0,0,1,핸드폰,,,1,0,0,0,0,0,0,0,0,0,0
47,08월 02일,08:59:00,한솔,1호선,병점,신길,F,X,여,,청년,X,X,X,핸드폰,,,1,1.0,0,0,1,0,0,2,핸드폰,,,1,0,0,0,0,0,0,0,0,0,0
48,08월 02일,09:03:00,한솔,1호선,병점,신길,N,O,여,,청년,X,X,X,대화,어린이랑 같이 앉음,,1,1.0,0,0,1,0,0,1,대화,,,0,0,0,0,1,0,0,0,0,0,0
49,08월 02일,09:26:00,한솔,5호선,신길,공덕,F,X,여,,중년,X,X,X,잠,,,1,1.0,0,1,0,0,0,2,잠,,,0,0,1,0,0,0,0,0,0,0,0
50,08월 02일,09:26:00,한솔,5호선,신길,공덕,F,X,여,,중년,X,X,X,"잠, 이어폰",,,1,1.0,0,1,0,0,0,2,잠,이어폰,,0,0,1,1,0,0,0,0,0,0,0
51,08월 02일,08:23:00,미현,1호선,수원,영등포,F,O,여,,노년,X,X,X,잠,심지어 내리실 때 다른 할머니께 자리를 앉으라고 권유,,1,1.0,1,0,0,0,0,2,잠,,,0,0,1,0,0,0,0,0,0,0,0
52,08월 02일,08:23:00,미현,1호선,수원,영등포,F,O,여,,노년,X,X,X,핸드폰,,,1,1.0,1,0,0,0,0,2,핸드폰,,,1,0,0,0,0,0,0,0,0,0,0
53,08월 02일,08:50:00,미현,1호선,수원,영등포,F,O,남,,중년,X,X,X,핸드폰,,,1,0.0,0,1,0,0,0,2,핸드폰,,,1,0,0,0,0,0,0,0,0,0,0
54,08월 02일,09:01:00,미현,1호선,영등포,신길,N,O,남,,청년,X,X,X,잠,,,1,0.0,0,0,1,0,0,1,잠,,,0,0,1,0,0,0,0,0,0,0,0
55,08월 02일,09:01:00,미현,1호선,영등포,신길,N,O,여,,노년,X,X,X,잠,,,1,1.0,1,0,0,0,0,1,잠,,,0,0,1,0,0,0,0,0,0,0,0
56,08월 02일,09:11:00,미현,5호선,신길,공덕,F,O,여,,청년,X,X,X,잠,,,1,1.0,0,0,1,0,0,2,잠,,,0,0,1,0,0,0,0,0,0,0,0
57,08월 02일,09:00:00,보민,6호선,화랑대,공덕,N,X,여,,중년,X,X,X,핸드폰,,,1,1.0,0,1,0,0,0,1,핸드폰,,,1,0,0,0,0,0,0,0,0,0,0
58,08월 02일,09:00:00,보민,6호선,화랑대,공덕,N,X,여,,청년,X,X,X,잠,,,1,1.0,0,0,1,0,0,1,잠,,,0,0,1,0,0,0,0,0,0,0,0
59,08월 02일,09:00:00,보민,6호선,화랑대,공덕,N,X,여,,중년,X,X,X,핸드폰,빈자리였고 앞에 사람이 서있는데도 앉음,,1,1.0,0,1,0,0,0,1,핸드폰,,,1,0,0,0,0,0,0,0,0,0,0
60,08월 02일,09:00:00,보민,6호선,화랑대,공덕,N,O,여,,중년,X,X,X,핸드폰,같은 줄에 빈자리가 생겼는데도 계속 앉아있음,,1,1.0,0,1,0,0,0,1,핸드폰,,,1,0,0,0,0,0,0,0,0,0,0
61,08월 02일,08:47:00,단비,7호선,신중동,온수,F,X,여,,청년,X,X,,필기,,메신저백,1,1.0,0,0,1,0,0,2,필기,,,0,0,0,0,0,0,0,0,0,1,0
62,08월 02일,08:47:00,단비,7호선,신중동,온수,F,X,남,,청년,X,X,,"이어폰, 잠",,힙색,1,0.0,0,0,1,0,0,2,이어폰,잠,,0,0,1,1,0,0,0,0,0,0,0
63,08월 02일,09:02:00,단비,1호선,온수,신길,N,O,여,,중년,X,X,,"이어폰, 핸드폰",,보스턴백,1,1.0,0,1,0,0,0,1,이어폰,핸드폰,,1,0,0,1,0,0,0,0,0,0,0
64,08월 02일,09:02:00,단비,1호선,온수,신길,N,O,남,,어린이,X,X,X,대화,,X,1,0.0,0,0,0,1,0,1,대화,,,0,0,0,0,1,0,0,0,0,0,0
65,08월 02일,09:02:00,단비,1호선,온수,신길,N,O,여,,어린이,X,X,X,대화,,X,1,1.0,0,0,0,1,0,1,대화,,,0,0,0,0,1,0,0,0,0,0,0
66,08월 02일,09:25:00,단비,5호선,신길,공덕,N,X,여,,노년,X,X,,독서,,"크로스백, 비닐봉지(소)",1,1.0,1,0,0,0,0,1,독서,,,0,0,0,0,0,0,1,0,0,0,0
67,08월 02일,09:25:00,단비,5호선,신길,공덕,N,X,여,,중년,X,X,,핸드폰,,보스턴백,1,1.0,0,1,0,0,0,1,핸드폰,,,1,0,0,0,0,0,0,0,0,0,0
68,08월 02일,08:32:00,재민,분당선,야탑,왕십리,F,X,여,,중년,X,X,X,잠,,,1,1.0,0,1,0,0,0,2,잠,,,0,0,1,0,0,0,0,0,0,0,0
69,08월 02일,08:32:00,재민,분당선,야탑,왕십리,F,X,여,,중년,X,X,O,잠,,가방 3개,1,1.0,0,1,0,0,0,2,잠,,,0,0,1,0,0,0,0,0,0,0,0
70,08월 02일,08:36:00,재민,분당선,야탑,왕십리,F,X,여,,청년,X,X,O,"이어폰, 핸드폰(영상시청)",,,1,1.0,0,0,1,0,0,2,이어폰,핸드폰,,1,0,0,1,0,0,0,0,0,0,0
71,08월 02일,08:41:00,재민,분당선,야탑,왕십리,F,X,여,,청년,X,X,O,멍,,쇼핑백,1,1.0,0,0,1,0,0,2,멍,,,0,1,0,0,0,0,0,0,0,0,0
72,08월 02일,09:00:00,재민,분당선,,,E,O,비었음,,,,,,,,,0,,0,0,0,0,0,0,,,,0,0,0,0,0,0,0,0,0,0,0
73,08월 02일,09:00:00,재민,분당선,,,E,O,비었음,,,,,,,,,0,,0,0,0,0,0,0,,,,0,0,0,0,0,0,0,0,0,0,0
74,08월 02일,09:19:00,재민,5호선,왕십리,공덕,E,X,여,,청년,X,O,X,핸드폰,,,1,1.0,0,0,1,0,0,0,핸드폰,,,1,0,0,0,0,0,0,0,0,0,0
75,08월 02일,09:19:00,재민,5호선,왕십리,공덕,E,X,비었음,11.0,,,,,,,,0,,0,0,0,0,0,0,,,,0,0,0,0,0,0,0,0,0,0,0
76,08월 02일,17:29:00,미현,5호선,공덕,신길,F,X,남,,중년,X,X,X,핸드폰,,손바닥 세 개 사이즈의 가방,1,0.0,0,1,0,0,0,2,핸드폰,,,1,0,0,0,0,0,0,0,0,0,0
77,08월 02일,17:29:00,미현,5호선,공덕,신길,F,X,비었음,4.0,,,,,,,,0,,0,0,0,0,0,2,,,,0,0,0,0,0,0,0,0,0,0,0
78,08월 02일,17:48:00,미현,1호선,신길,수원,F,X,여,,노년,X,X,X,잠,,핸드백,1,1.0,1,0,0,0,0,2,잠,,,0,0,1,0,0,0,0,0,0,0,0
79,08월 02일,17:48:00,미현,1호선,신길,수원,F,X,여,,노년,X,X,X,핸드폰,,손바닥 세 개 사이즈 가방,1,1.0,1,0,0,0,0,2,핸드폰,,,1,0,0,0,0,0,0,0,0,0,0
80,08월 02일,18:21:00,미현,1호선,신길,수원,F,X,여,,청년,X,X,X,핸드폰,,,1,1.0,0,0,1,0,0,2,핸드폰,,,1,0,0,0,0,0,0,0,0,0,0
81,08월 02일,18:30:00,미현,1호선,신길,수원,F,X,여,,중년,X,X,X,핸드폰,,,1,1.0,0,1,0,0,0,2,핸드폰,,,1,0,0,0,0,0,0,0,0,0,0
82,08월 02일,17:52:00,한솔,1호선,신길,영등포,E,O,비었음,1.0,,,,,,,,0,,0,0,0,0,0,0,,,,0,0,0,0,0,0,0,0,0,0,0
83,08월 02일,17:52:00,한솔,1호선,신길,신도림,E,O,비었음,2.0,,,,,,,,0,,0,0,0,0,0,0,,,,0,0,0,0,0,0,0,0,0,0,0
84,08월 02일,17:57:00,한솔,1호선,신길,병점,E,O,남,,노년,X,X,,멍,,많이 비어보이는 백팩,1,0.0,1,0,0,0,0,0,멍,,,0,1,0,0,0,0,0,0,0,0,0
85,08월 02일,17:59:00,한솔,1호선,신길,병점,N,O,남,,청년,X,X,,핸드폰,,내려 놓을 때 둔탁한 소리가 나는 무거운듯한 백팩,1,0.0,0,0,1,0,0,1,핸드폰,,,1,0,0,0,0,0,0,0,0,0,0
86,08월 02일,18:18:00,한솔,1호선,신길,병점,N,O,여,,중년,X,X,,핸드폰,,에코백,1,1.0,0,1,0,0,0,1,핸드폰,,,1,0,0,0,0,0,0,0,0,0,0
87,08월 02일,18:22:00,한솔,1호선,신길,병점,N,O,여,,중년,X,X,,핸드폰,,"에코백, 도트백",1,1.0,0,1,0,0,0,1,핸드폰,,,1,0,0,0,0,0,0,0,0,0,0
88,08월 02일,18:27:00,한솔,1호선,금정,병점,N,O,비었음,8.0,,,,,,,,0,,0,0,0,0,0,1,,,,0,0,0,0,0,0,0,0,0,0,0
89,08월 02일,17:29:00,재민,5호선,공덕,왕십리,N,X,남,,중년,X,X,X,멍,,,1,0.0,0,1,0,0,0,1,멍,,,0,1,0,0,0,0,0,0,0,0,0
90,08월 02일,17:29:00,재민,5호선,공덕,왕십리,N,X,여,,청년,X,X,X,대화,,,1,1.0,0,0,1,0,0,1,대화,,,0,0,0,0,1,0,0,0,0,0,0
91,08월 02일,17:30:00,재민,5호선,충정로,광화문,N,X,비었음,2.0,,,,,,,,0,,0,0,0,0,0,1,,,,0,0,0,0,0,0,0,0,0,0,0
92,08월 02일,17:35:00,재민,5호선,공덕,왕십리,N,X,여,,청년,X,X,X,핸드폰,,,1,1.0,0,0,1,0,0,1,핸드폰,,,1,0,0,0,0,0,0,0,0,0,0
93,08월 02일,17:38:00,재민,5호선,종로3가,동대문역사문화공원,N,X,비었음,2.0,,,,,,,,0,,0,0,0,0,0,1,,,,0,0,0,0,0,0,0,0,0,0,0
94,08월 02일,17:42:00,재민,5호선,공덕,왕십리,N,X,여,,중년,X,X,X,핸드폰,,,1,1.0,0,1,0,0,0,1,핸드폰,,,1,0,0,0,0,0,0,0,0,0,0
95,08월 02일,17:59:00,재민,분당선,왕십리,야탑,E,X,비었음,16.0,,,,,,,,0,,0,0,0,0,0,0,,,,0,0,0,0,0,0,0,0,0,0,0
96,08월 02일,17:59:00,재민,분당선,왕십리,야탑,E,X,비었음,16.0,,,,,,,,0,,0,0,0,0,0,0,,,,0,0,0,0,0,0,0,0,0,0,0
97,08월 02일,18:20:00,현미,6호선,공덕,불광,F,X,여,,청년,X,X,X,핸드폰,,,1,1.0,0,0,1,0,0,2,핸드폰,,,1,0,0,0,0,0,0,0,0,0,0
98,08월 02일,18:32:00,현미,6호선,공덕,응암,F,X,남,,중년,X,X,X,멍,,검은 봉투 1개,1,0.0,0,1,0,0,0,2,멍,,,0,1,0,0,0,0,0,0,0,0,0
99,08월 02일,18:45:00,현미,6호선,응암,불광,N,O,비었음,2.0,,,,,,,,0,,0,0,0,0,0,1,,,,0,0,0,0,0,0,0,0,0,0,0
100,08월 03일,09:19:00,한솔,1호선,병점,종각,E,O,여,,노년,X,X,X,멍,,,1,1.0,1,0,0,0,0,0,멍,,,0,1,0,0,0,0,0,0,0,0,0
101,08월 03일,09:19:00,한솔,1호선,병점,종각,E,O,여,,노년,X,X,,멍,,비교적 작은 백팩,1,1.0,1,0,0,0,0,0,멍,,,0,1,0,0,0,0,0,0,0,0,0
102,08월 03일,09:24:00,한솔,1호선,의왕,종각,E,O,비었음,21.0,,,,,,,,0,,0,0,0,0,0,0,,,,0,0,0,0,0,0,0,0,0,0,0
103,08월 03일,10:01:00,한솔,1호선,구로,노량진,E,O,비었음,5.0,,,,,,,,0,,0,0,0,0,0,0,,,,0,0,0,0,0,0,0,0,0,0,0
104,08월 03일,10:13:00,한솔,1호선,병점 ,종각,E,O,여,,노년,X,X,X,,,,1,1.0,1,0,0,0,0,0,,,,0,0,0,0,0,0,0,0,0,0,0
105,08월 03일,10:32:00,현미,6호선,불광,경복궁,F,X,여,,청년,X,O,X,핸드폰,,,1,1.0,0,0,1,0,0,2,핸드폰,,,1,0,0,0,0,0,0,0,0,0,0
106,08월 03일,10:36:00,현미,6호선,불광,경복궁,F,X,여,,중년,X,X,X,멍,,,1,1.0,0,1,0,0,0,2,멍,,,0,1,0,0,0,0,0,0,0,0,0
107,08월 03일,18:10:00,한솔,1호선,종각,병점,N,O,여,,중년,X,X,X,멍,,,1,1.0,0,1,0,0,0,1,멍,,,0,1,0,0,0,0,0,0,0,0,0
108,08월 03일,18:10:00,한솔,1호선,종각,병점,N,O,여,,노년,X,X,X,멍,,,1,1.0,1,0,0,0,0,1,멍,,,0,1,0,0,0,0,0,0,0,0,0
109,08월 03일,18:19:00,한솔,1호선,종각,병점,N,O,남,,노년,X,X,O,멍,,큰 이마트 백,1,0.0,1,0,0,0,0,1,멍,,,0,1,0,0,0,0,0,0,0,0,0
110,08월 03일,18:20:00,현미,6호선,경복궁,불광,N,O,비었음,,,,,,,,,0,,0,0,0,0,0,1,,,,0,0,0,0,0,0,0,0,0,0,0
111,08월 03일,18:21:00,한솔,1호선,종각,병점,F,X,여,,중년,X,X,X,핸드폰,,,1,1.0,0,1,0,0,0,2,핸드폰,,,1,0,0,0,0,0,0,0,0,0,0
112,08월 03일,18:23:00,한솔,1호선,노량진,신길,N,X,비었음,2.0,,,,,,,,0,,0,0,0,0,0,1,,,,0,0,0,0,0,0,0,0,0,0,0
113,08월 03일,18:28:00,한솔,1호선,종각,병점,N,O,여,,중년,X,X,X,핸드폰,,,1,1.0,0,1,0,0,0,1,핸드폰,,,1,0,0,0,0,0,0,0,0,0,0
114,08월 03일,19:03:00,한솔,1호선,종각,병점,N,O,여,,중년,X,X,O,핸드폰,,엄청엄청 큰 쇼핑백,1,1.0,0,1,0,0,0,1,핸드폰,,,1,0,0,0,0,0,0,0,0,0,0
115,08월 03일,17:04:00,한솔,1호선,종각,병점,N,O,여,,청년,X,X,X,핸드폰,,도트백,1,1.0,0,0,1,0,0,1,핸드폰,,,1,0,0,0,0,0,0,0,0,0,0
116,08월 03일,19:29:00,미현,1호선,종각,수원,N,X,여,,중년,X,X,O,대화,두분이서 대화 나누심,끌고 다니는 시장 바구니와 그 위에 짐이 또 있음,1,1.0,0,1,0,0,0,1,대화,,,0,0,0,0,1,0,0,0,0,0,0
117,08월 03일,19:29:00,미현,1호선,종각,용산,N,X,비었음,4.0,,,,,,,,0,,0,0,0,0,0,1,,,,0,0,0,0,0,0,0,0,0,0,0
118,08월 03일,19:38:00,미현,1호선,종각,수원,N,X,남,,청소년,X,X,X,핸드폰,엄마가 앉으라고 아들에게 권유 아들은 덥썩 앉음,백팩,1,0.0,0,0,0,0,1,1,핸드폰,,,1,0,0,0,0,0,0,0,0,0,0
119,08월 03일,19:48:00,미현,1호선,종각,수원,F,X,여,,청년,X,X,X,잠,,,1,1.0,0,0,1,0,0,2,잠,,,0,0,1,0,0,0,0,0,0,0,0
120,08월 03일,20:11:00,미현,1호선,종각,수원,F,X,여,,중년,X,X,X,핸드폰,,"쇼핑백 두 개, 우산, 미니 크로스백",1,1.0,0,1,0,0,0,2,핸드폰,,,1,0,0,0,0,0,0,0,0,0,0
121,08월 03일,20:11:00,미현,1호선,종각,수원,F,X,남,,청년,X,X,X,핸드폰,,쇼퍼백,1,0.0,0,0,1,0,0,2,핸드폰,,,1,0,0,0,0,0,0,0,0,0,0
122,08월 03일,20:28:00,미현,1호선,종각,수원,F,X,남,,청년,X,X,X,멍,외국인,mlb 백팩,1,0.0,0,0,1,0,0,2,멍,,,0,1,0,0,0,0,0,0,0,0,0
123,08월 03일,20:29:00,미현,1호선,종각,수원,F,X,남,,어린이,X,X,X,핸드폰,어린이 세 명이 두 자리에 나눠 앉음 그 앞에 부모님이 서계심,,1,0.0,0,0,0,1,0,2,핸드폰,,,1,0,0,0,0,0,0,0,0,0,0
124,08월 03일,20:40:00,미현,1호선,종각,수원,F,X,남,,청년,X,X,X,대화,외국인,쇼핑백 상체 사이즈,1,0.0,0,0,1,0,0,2,대화,,,0,0,0,0,1,0,0,0,0,0,0
125,08월 03일,20:40:00,미현,1호선,성균관대,수원,F,X,비었음,2.0,,,,,,옆자리 중년 남성이 자신의 쇼핑백을 올려둠,,0,,0,0,0,0,0,2,,,,0,0,0,0,0,0,0,0,0,0,0
126,08월 03일,09:42:00,재민,분당선,야탑,왕십리,N,X,남,,중년,X,X,O,핸드폰,,백팩,1,0.0,0,1,0,0,0,1,핸드폰,,,1,0,0,0,0,0,0,0,0,0,0
127,08월 03일,09:54:00,재민,분당선,야탑,왕십리,N,O,여,,청년,X,X,O,멍,,백팩,1,1.0,0,0,1,0,0,1,멍,,,0,1,0,0,0,0,0,0,0,0,0
128,08월 03일,09:54:00,재민,분당선,야탑,왕십리,N,O,여,,중년,X,X,O,멍,,"큰 크로스백, 도시락가방(?)",1,1.0,0,1,0,0,0,1,멍,,,0,1,0,0,0,0,0,0,0,0,0
129,08월 03일,10:14:00,재민,분당선,,왕십리,E,O,비었음,,,,,,,,,0,,0,0,0,0,0,0,,,,0,0,0,0,0,0,0,0,0,0,0
130,08월 03일,10:14:00,재민,분당선,,왕십리,E,O,비었음,,,,,,,,,0,,0,0,0,0,0,0,,,,0,0,0,0,0,0,0,0,0,0,0
131,08월 03일,10:32:00,재민,5호선,왕십리,광화문,N,O,여,,중년,X,X,X,,,,1,1.0,0,1,0,0,0,1,,,,0,0,0,0,0,0,0,0,0,0,0
132,08월 03일,10:32:00,재민,5호선,왕십리,광화문,N,O,여,,중년,X,X,X,,,,1,1.0,0,1,0,0,0,1,,,,0,0,0,0,0,0,0,0,0,0,0
133,08월 03일,18:06:00,재민,5호선,광화문,왕십리,F,O,여,,중년,X,X,X,,,백팩,1,1.0,0,1,0,0,0,2,,,,0,0,0,0,0,0,0,0,0,0,0
134,08월 03일,18:06:00,재민,5호선,광화문,왕십리,F,O,여,,청년,X,X,X,,,,1,1.0,0,0,1,0,0,2,,,,0,0,0,0,0,0,0,0,0,0,0
135,08월 03일,18:11:00,재민,5호선,광화문,왕십리,F,O,여,,중년,X,X,X,,,에코백 빵빵함,1,1.0,0,1,0,0,0,2,,,,0,0,0,0,0,0,0,0,0,0,0
136,08월 03일,18:15:00,재민,5호선,광화문,왕십리,F,O,여,,노년,X,X,X,,,,1,1.0,1,0,0,0,0,2,,,,0,0,0,0,0,0,0,0,0,0,0
137,08월 03일,18:23:00,재민,분당선,왕십리,야탑,N,X,여,,청년,X,O,X,핸드폰,,,1,1.0,0,0,1,0,0,1,핸드폰,,,1,0,0,0,0,0,0,0,0,0,0
138,08월 03일,18:23:00,재민,분당선,왕십리,가천대,N,X,비었음,13.0,,,,,,옆에 앉은 여성분이 임산부석에 악기를 올려놓음,,0,,0,0,0,0,0,1,,,,0,0,0,0,0,0,0,0,0,0,0
139,08월 03일,18:35:00,재민,분당선,왕십리,야탑,F,X,남,,청년,X,X,X,핸드폰,,,1,0.0,0,0,1,0,0,2,핸드폰,,,1,0,0,0,0,0,0,0,0,0,0
140,08월 03일,18:49:00,재민,분당선,왕십리,야탑,F,X,여,,노년,X,X,X,잠,,,1,1.0,1,0,0,0,0,2,잠,,,0,0,1,0,0,0,0,0,0,0,0
141,08월 03일,19:01:00,재민,분당선,왕십리,야탑,F,X,여,,노년,X,X,X,"핸드폰, 이어폰",,,1,1.0,1,0,0,0,0,2,핸드폰,이어폰,,1,0,0,1,0,0,0,0,0,0,0
142,08월 03일,09:49:00,보민,6호선,화랑대,태릉입구,N,O,비었음,1.0,,,,,,,,0,,0,0,0,0,0,1,,,,0,0,0,0,0,0,0,0,0,0,0
143,08월 03일,09:49:00,보민,6호선,화랑대,돌곶이,N,O,비었음,3.0,,,,,,,,0,,0,0,0,0,0,1,,,,0,0,0,0,0,0,0,0,0,0,0
144,08월 03일,09:49:00,보민,6호선,석계,돌곶이,N,O,비었음,1.0,,,,,,,,0,,0,0,0,0,0,1,,,,0,0,0,0,0,0,0,0,0,0,0
145,08월 03일,09:50:00,보민,6호선,안암,창신,N,O,비었음,2.0,,,,,,,,0,,0,0,0,0,0,1,,,,0,0,0,0,0,0,0,0,0,0,0
146,08월 03일,09:50:00,보민,6호선,보문,창신,N,O,비었음,1.0,,,,,,,,0,,0,0,0,0,0,1,,,,0,0,0,0,0,0,0,0,0,0,0
147,08월 03일,09:50:00,보민,6호선,화랑대,청구,E,O,여,,노년,X,X,X,멍,다음에 바로 내림,,1,1.0,1,0,0,0,0,0,멍,,,0,1,0,0,0,0,0,0,0,0,0
148,08월 03일,09:50:00,보민,6호선,화랑대,청구,E,O,여,,노년,X,X,O,독서,,소형 구루마,1,1.0,1,0,0,0,0,0,독서,,,0,0,0,0,0,0,1,0,0,0,0
149,08월 03일,09:50:00,보민,6호선,화랑대,청구,N,O,남,,노년,X,X,X,바람쐬기,옆자리 났는데 꿋꿋이 팔걸치고 앉아 있음,,1,0.0,1,0,0,0,0,1,바람쐬기,,,0,0,0,0,0,0,0,0,0,0,1
150,08월 03일,09:50:00,보민,6호선,화랑대,청구,N,O,여,,노년,X,X,X,멍,뛰어와서 앉음,힙색,1,1.0,1,0,0,0,0,1,멍,,,0,1,0,0,0,0,0,0,0,0,0
151,08월 03일,09:50:00,보민,6호선,화랑대,청구,N,O,여,,청년,X,X,X,멍,옆자리로 옮겨앉음,,1,1.0,0,0,1,0,0,1,멍,,,0,1,0,0,0,0,0,0,0,0,0
152,08월 03일,09:50:00,보민,6호선,화랑대,청구,N,O,여,,청년,X,X,X,이어폰,,,1,1.0,0,0,1,0,0,1,이어폰,,,0,0,0,1,0,0,0,0,0,0,0
153,08월 03일,09:50:00,보민,6호선,화랑대,청구,N,O,여,,어린이,X,X,X,이어폰,,크로스백,1,1.0,0,0,0,1,0,1,이어폰,,,0,0,0,1,0,0,0,0,0,0,0
154,08월 03일,10:13:00,보민,5호선,청구,경복궁,E,O,여,,노년,X,X,X,멍,,핸드백,1,1.0,1,0,0,0,0,0,멍,,,0,1,0,0,0,0,0,0,0,0,0
155,08월 03일,10:13:00,보민,5호선,청구,경복궁,E,O,남,,노년,X,X,X,"봉에 팔 걸침, 미어캣",,,1,0.0,1,0,0,0,0,0,멍,멍,,0,1,0,0,0,0,0,0,0,0,0
156,08월 03일,10:20:00,보민,5호선,청구,경복궁,E,O,여,,중년,X,X,X,핸드폰,옆 자리에 앉아서 가방을 임산부석에 올려놓음,,1,1.0,0,1,0,0,0,0,핸드폰,,,1,0,0,0,0,0,0,0,0,0,0
157,08월 03일,19:20:00,보민,5호선,광화문,청구,E,O,비었음,12.0,,,,,,,,0,,0,0,0,0,0,0,,,,0,0,0,0,0,0,0,0,0,0,0
158,08월 03일,19:20:00,보민,6호선,청구,화랑대,E,O,비었음,12.0,,,,,,,,0,,0,0,0,0,0,0,,,,0,0,0,0,0,0,0,0,0,0,0
159,08월 03일,19:30:00,보민,6호선,광화문,화랑대,E,O,남,,중년,X,X,X,통화,한쪽 다리로 임산부석에 걸터 앉음,일수가방,1,0.0,0,1,0,0,0,0,통화,,,0,0,0,0,0,1,0,0,0,0,0
160,08월 03일,18:03:00,단비,1호선,종각,온수,E,X,남,,노년,X,X,X,필기,,봉지(미니),1,0.0,1,0,0,0,0,0,필기,,,0,0,0,0,0,0,0,0,0,1,0
161,08월 03일,18:03:00,단비,1호선,종각,온수,E,X,여,,중년,X,X,X,대화,,,1,1.0,0,1,0,0,0,0,대화,,,0,0,0,0,1,0,0,0,0,0,0
162,08월 03일,18:31:00,단비,1호선,구로,온수,E,X,비었음,,,,,,,,,0,,0,0,0,0,0,0,,,,0,0,0,0,0,0,0,0,0,0,0
163,08월 03일,18:43:00,단비,7호선,온수,신중동,E,X,비었음,,,,,,,,,0,,0,0,0,0,0,0,,,,0,0,0,0,0,0,0,0,0,0,0
164,08월 03일,18:43:00,단비,7호선,온수,까치울,E,X,비었음,,,,,,,,,0,,0,0,0,0,0,0,,,,0,0,0,0,0,0,0,0,0,0,0
165,08월 03일,18:46:00,단비,7호선,까치울,춘의,E,X,여,,중년,X,X,X,잠,옆 자리가 비어서 춘의역부터는 일반석에 앉음,,1,1.0,0,1,0,0,0,0,잠,,,0,0,1,0,0,0,0,0,0,0,0
166,08월 03일,18:50:00,단비,7호선,춘의,신중동,E,X,비었음,,,,,,,,,0,,0,0,0,0,0,0,,,,0,0,0,0,0,0,0,0,0,0,0
167,08월 05일,08:27:00,한솔,1호선,병점,신길,F,O,남,,중년,X,X,X,핸드폰,,노트북 가방,1,0.0,0,1,0,0,0,2,핸드폰,,,1,0,0,0,0,0,0,0,0,0,0
168,08월 05일,08:27:00,한솔,1호선,병점,신길,F,O,여,,청년,O,O,X,"핸드폰, 이어폰",,,1,1.0,0,0,1,0,0,2,핸드폰,이어폰,,1,0,0,1,0,0,0,0,0,0,0
169,08월 03일,08:36:00,미현,1호선,수원,신길,E,O,남,,중년,X,X,X,핸드폰,,백팩,1,0.0,0,1,0,0,0,0,핸드폰,,,1,0,0,0,0,0,0,0,0,0,0
170,08월 05일,08:36:00,미현,1호선,수원,군포,E,O,비었음,5.0,,,,,,,,0,,0,0,0,0,0,0,,,,0,0,0,0,0,0,0,0,0,0,0
171,08월 05일,08:45:00,한솔,1호선,병점,수원,F,X,남,,노년,X,X,X,핸드폰,,,1,0.0,1,0,0,0,0,2,핸드폰,,,1,0,0,0,0,0,0,0,0,0,0
172,08월 05일,08:51:00,미현,1호선,수원,신길,N,O,남,,중년,X,X,X,멍,,크로스백,1,0.0,0,1,0,0,0,1,멍,,,0,1,0,0,0,0,0,0,0,0,0
173,08월 05일,08:53:00,미현,1호선,수원,신길,N,O,여,,청년,X,X,X,핸드폰,,"에코백, 백팩",1,1.0,0,0,1,0,0,1,핸드폰,,,1,0,0,0,0,0,0,0,0,0,0
174,08월 05일,08:53:00,미현,1호선,금정,안양,N,O,비었음,2.0,,,,,,,,0,,0,0,0,0,0,1,,,,0,0,0,0,0,0,0,0,0,0,0
175,08월 05일,09:00:00,한솔,1호선,병점,신길,F,X,여,,노년,X,X,,핸드폰,,핸드백,1,1.0,1,0,0,0,0,2,핸드폰,,,1,0,0,0,0,0,0,0,0,0,0
176,08월 05일,09:00:00,미현,1호선,수원,신길,F,X,여,,중년,X,X,X,멍,,핸드백,1,1.0,0,1,0,0,0,2,멍,,,0,1,0,0,0,0,0,0,0,0,0
177,08월 05일,09:08:00,한솔,1호선,병점,신길,F,O,여,,중년,X,X,X,잠,,,1,1.0,0,1,0,0,0,2,잠,,,0,0,1,0,0,0,0,0,0,0,0
178,08월 05일,09:12:00,한솔,1호선,신도림,영등포,F,O,비었음,1.0,,,,,,,,0,,0,0,0,0,0,2,,,,0,0,0,0,0,0,0,0,0,0,0
179,08월 05일,09:13:00,미현,1호선,수원,신길,F,X,여,,중년,X,X,X,핸드폰,,핸드백,1,1.0,0,1,0,0,0,2,핸드폰,,,1,0,0,0,0,0,0,0,0,0,0
180,08월 05일,09:15:00,한솔,1호선,병점,신길,F,O,남,,청년,X,X,,,,백팩,1,0.0,0,0,1,0,0,2,,,,0,0,0,0,0,0,0,0,0,0,0
181,08월 05일,09:20:00,한솔,5호선,신길,공덕,F,X,남,,노년,X,X,X,,,에코백,1,0.0,1,0,0,0,0,2,,,,0,0,0,0,0,0,0,0,0,0,0
182,08월 05일,09:20:00,한솔,5호선,신길,공덕,N,X,여,,중년,X,X,,,,,1,1.0,0,1,0,0,0,1,,,,0,0,0,0,0,0,0,0,0,0,0
183,08월 05일,09:38:00,미현,5호선,신길,공덕,F,X,여,,노년,X,X,X,멍,,"백팩, 크로스백",1,1.0,1,0,0,0,0,2,멍,,,0,1,0,0,0,0,0,0,0,0,0
184,08월 05일,09:38:00,미현,5호선,신길,공덕,F,X,여,,청년,X,X,X,핸드폰,,크로스백,1,1.0,0,0,1,0,0,2,핸드폰,,,1,0,0,0,0,0,0,0,0,0,0
185,08월 05일,08:29:00,재민,분당선,야탑,왕십리,F,X,여,,청년,O,O,X,핸드폰,,,1,1.0,0,0,1,0,0,2,핸드폰,,,1,0,0,0,0,0,0,0,0,0,0
186,08월 05일,08:29:00,재민,분당선,야탑,왕십리,F,X,여,,노년,X,X,X,핸드폰,,,1,1.0,1,0,0,0,0,2,핸드폰,,,1,0,0,0,0,0,0,0,0,0,0
187,08월 05일,08:38:00,재민,분당선,복정,수서,F,X,비었음,1.0,,,,,,,,0,,0,0,0,0,0,2,,,,0,0,0,0,0,0,0,0,0,0,0
188,08월 05일,08:40:00,재민,분당선,야탑,왕십리,F,X,남,,청년,X,X,X,"핸드폰, 잠",점점 일반석이 많이 나도 옮기지 않음,,1,0.0,0,0,1,0,0,2,핸드폰,잠,,1,0,1,0,0,0,0,0,0,0,0
189,08월 05일,08:43:00,재민,분당선,야탑,왕십리,F,X,여,,중년,X,X,X,먹기,,,1,1.0,0,1,0,0,0,2,먹기,,,0,0,0,0,0,0,0,0,1,0,0
190,08월 05일,08:59:00,재민,분당선,압구정로데오,왕십리,E,O,비었음,2.0,,,,,,,,0,,0,0,0,0,0,0,,,,0,0,0,0,0,0,0,0,0,0,0
191,08월 05일,09:13:00,재민,5호선,왕십리,공덕,E,O,여,,청년,X,X,X,핸드폰,,,1,1.0,0,0,1,0,0,0,핸드폰,,,1,0,0,0,0,0,0,0,0,0,0
192,08월 05일,09:13:00,재민,5호선,왕십리,공덕,E,O,비었음,11.0,,,,,,,,0,,0,0,0,0,0,0,,,,0,0,0,0,0,0,0,0,0,0,0
193,08월 05일,09:26:00,재민,5호선,광화문,공덕,E,O,비었음,11.0,,,,,,,,0,,0,0,0,0,0,0,,,,0,0,0,0,0,0,0,0,0,0,0
194,08월 05일,09:20:00,현미,6호선,불광,공덕,E,X,비었음,15.0,,,,,,,,0,,0,0,0,0,0,0,,,,0,0,0,0,0,0,0,0,0,0,0
195,08월 05일,09:20:00,현미,6호선,불광,합정,E,X,비었음,7.0,,,,,,,,0,,0,0,0,0,0,0,,,,0,0,0,0,0,0,0,0,0,0,0
196,08월 05일,09:30:00,현미,6호선,합정,공덕,E,X,남,,청년,X,X,X,핸드폰,,크로스백,1,0.0,0,0,1,0,0,0,핸드폰,,,1,0,0,0,0,0,0,0,0,0,0
197,08월 05일,18:35:00,미현,5호선,공덕,신길,F,X,여,,중년,X,X,X,핸드폰,,크로스백,1,1.0,0,1,0,0,0,2,핸드폰,,,1,0,0,0,0,0,0,0,0,0,0
198,08월 05일,18:35:00,미현,5호선,공덕,신길,F,X,여,,청년,X,X,X,핸드폰,,"크로스백, 미니 쇼핑백",1,1.0,0,0,1,0,0,2,핸드폰,,,1,0,0,0,0,0,0,0,0,0,0
199,08월 05일,18:48:00,미현,1호선,신길,수원,N,X,여,,청년,O,O,X,핸드폰,,크로스백,1,1.0,0,0,1,0,0,1,핸드폰,,,1,0,0,0,0,0,0,0,0,0,0
200,08월 05일,18:48:00,미현,1호선,신길,영등포,N,X,비었음,1.0,,,,,,,,0,,0,0,0,0,0,1,,,,0,0,0,0,0,0,0,0,0,0,0
201,08월 05일,18:51:00,미현,1호선,신길,수원,N,X,여,,청년,X,X,X,핸드폰,,쇼퍼백,1,1.0,0,0,1,0,0,1,핸드폰,,,1,0,0,0,0,0,0,0,0,0,0
202,08월 05일,08:53:00,보민,6호선,화랑대,돌곶이,N,X,비었음,3.0,,,,,,,,0,,0,0,0,0,0,1,,,,0,0,0,0,0,0,0,0,0,0,0
203,08월 05일,08:53:00,보민,6호선,화랑대,상월곡,N,X,비었음,4.0,,,,,,,,0,,0,0,0,0,0,1,,,,0,0,0,0,0,0,0,0,0,0,0
204,08월 05일,09:18:00,보민,6호선,한강진,삼각지,N,O,비었음,3.0,,,,,,,,0,,0,0,0,0,0,1,,,,0,0,0,0,0,0,0,0,0,0,0
205,08월 05일,08:55:00,보민,6호선,화랑대,공덕,N,X,여,,청년,O,O,X,,,,1,1.0,0,0,1,0,0,1,,,,0,0,0,0,0,0,0,0,0,0,0
206,08월 05일,08:55:00,보민,6호선,화랑대,공덕,N,X,여,,노년,X,X,X,,,"썬캡, 힙쌕",1,1.0,1,0,0,0,0,1,,,,0,0,0,0,0,0,0,0,0,0,0
207,08월 05일,08:58:00,보민,6호선,화랑대,공덕,F,X,여,,청년,X,X,X,핸드폰,,백팩,1,1.0,0,0,1,0,0,2,핸드폰,,,1,0,0,0,0,0,0,0,0,0,0
208,08월 05일,08:58:00,보민,6호선,화랑대,공덕,N,X,여,,청년,X,X,X,이어폰,옆자리가 나자 옮겨 앉음,토드백,1,1.0,0,0,1,0,0,1,이어폰,,,0,0,0,1,0,0,0,0,0,0,0
209,08월 05일,18:45:00,보민,경의중앙선,공덕,회기,F,X,여,,중년,X,X,X,핸드폰,,,1,1.0,0,1,0,0,0,2,핸드폰,,,1,0,0,0,0,0,0,0,0,0,0
210,08월 05일,18:45:00,보민,경의중앙선,공덕,회기,F,X,여,,중년,X,X,X,핸드폰,,,1,1.0,0,1,0,0,0,2,핸드폰,,,1,0,0,0,0,0,0,0,0,0,0
211,08월 05일,18:50:00,보민,경의중앙선,공덕,회기,F,X,여,,중년,X,X,X,"핸드폰, 이어폰, 잠",,,1,1.0,0,1,0,0,0,2,핸드폰,이어폰,잠,1,0,1,1,0,0,0,0,0,0,0
212,08월 05일,20:44:00,한솔,5호선,공덕,신길,N,O,여,,중년,X,X,X,핸드폰,,,1,1.0,0,1,0,0,0,1,핸드폰,,,1,0,0,0,0,0,0,0,0,0,0
213,08월 05일,20:45:00,한솔,5호선,공덕,신길,N,O,비었음,4.0,,,,,,,,0,,0,0,0,0,0,1,,,,0,0,0,0,0,0,0,0,0,0,0
214,08월 05일,20:49:00,한솔,5호선,여의나루,신길,N,O,비었음,2.0,,,,,,,,0,,0,0,0,0,0,1,,,,0,0,0,0,0,0,0,0,0,0,0
215,08월 05일,21:02:00,한솔,1호선,신길,구로,N,O,비었음,3.0,,,,,,,,0,,0,0,0,0,0,1,,,,0,0,0,0,0,0,0,0,0,0,0
216,08월 05일,21:02:00,한솔,1호선,신길,독산,N,O,비었음,5.0,,,,,,,,0,,0,0,0,0,0,1,,,,0,0,0,0,0,0,0,0,0,0,0
217,08월 05일,21:10:00,한솔,1호선,신길,병점,N,O,여,,청년,X,X,,핸드폰,,노말 쇼핑백,1,1.0,0,0,1,0,0,1,핸드폰,,,1,0,0,0,0,0,0,0,0,0,0
218,08월 05일,21:16:00,한솔,1호선,신길,병점,N,O,여,,중년,X,X,,멍,,쇼핑백,1,1.0,0,1,0,0,0,1,멍,,,0,1,0,0,0,0,0,0,0,0,0
219,08월 05일,21:18:00,한솔,1호선,금천구청,병점,N,O,비었음,13.0,,,,,,,,0,,0,0,0,0,0,1,,,,0,0,0,0,0,0,0,0,0,0,0
220,08월 05일,21:41:00,한솔,1호선,의왕,병점,N,O,비었음,5.0,,,,,,,,0,,0,0,0,0,0,1,,,,0,0,0,0,0,0,0,0,0,0,0
221,08월 05일,20:58:00,현미,6호선,공덕,불광,E,O,비었음,13.0,,,,,,,,0,,0,0,0,0,0,0,,,,0,0,0,0,0,0,0,0,0,0,0
222,08월 05일,20:59:00,현미,6호선,공덕,디엠씨,E,O,비었음,6.0,,,,,,,,0,,0,0,0,0,0,0,,,,0,0,0,0,0,0,0,0,0,0,0
223,08월 05일,21:10:00,현미,6호선,디엠씨,불광,N,O,남,,청년,X,X,X,멍,,,1,0.0,0,0,1,0,0,1,멍,,,0,1,0,0,0,0,0,0,0,0,0
224,08월 05일,21:06:00,재민,5호선,공덕,왕십리,E,O,비었음,11.0,,,,,,,,0,,0,0,0,0,0,0,,,,0,0,0,0,0,0,0,0,0,0,0
225,08월 05일,21:06:00,재민,5호선,공덕,왕십리,E,O,비었음,11.0,,,,,,,,0,,0,0,0,0,0,0,,,,0,0,0,0,0,0,0,0,0,0,0
226,08월 05일,21:31:00,재민,분당선,왕십리,야탑,E,O,비었음,16.0,,,,,,,,0,,0,0,0,0,0,0,,,,0,0,0,0,0,0,0,0,0,0,0
227,08월 05일,21:31:00,재민,분당선,왕십리,서울숲,E,O,비었음,1.0,,,,,,,,0,,0,0,0,0,0,0,,,,0,0,0,0,0,0,0,0,0,0,0
228,08월 05일,21:37:00,재민,분당선,서울숲,강남구청,E,O,여,,청년,X,O,X,핸드폰,,,1,1.0,0,0,1,0,0,0,핸드폰,,,1,0,0,0,0,0,0,0,0,0,0
229,08월 05일,21:41:00,재민,분당선,강남구청,야탑,E,O,비었음,13.0,,,,,,,,0,,0,0,0,0,0,0,,,,0,0,0,0,0,0,0,0,0,0,0
230,08월 05일,08:36:00,단비,7호선,신중동,온수,F,X,여,,청년,X,X,X,핸드폰,,에코백,1,1.0,0,0,1,0,0,2,핸드폰,,,1,0,0,0,0,0,0,0,0,0,0
231,08월 05일,08:36:00,단비,7호선,신중동,온수,F,X,여,,청년,X,X,X,핸드폰,,크로스백,1,1.0,0,0,1,0,0,2,핸드폰,,,1,0,0,0,0,0,0,0,0,0,0
232,08월 05일,08:46:00,단비,1호선,온수,신길,N,X,여,,중년,X,X,X,핸드폰,,크로스백,1,1.0,0,1,0,0,0,1,핸드폰,,,1,0,0,0,0,0,0,0,0,0,0
233,08월 05일,08:46:00,단비,1호선,온수,신길,N,X,남,,노년,X,X,X,멍,자꾸 두리번 거리심...,봉지(중),1,0.0,1,0,0,0,0,1,멍,,,0,1,0,0,0,0,0,0,0,0,0
234,08월 05일,08:51:00,단비,1호선,개봉,구로,N,X,비었음,,,,,,,,,0,,0,0,0,0,0,1,,,,0,0,0,0,0,0,0,0,0,0,0
235,08월 05일,08:57:00,단비,1호선,온수,신길,N,X,여,,중년,X,X,X,핸드폰,,,1,1.0,0,1,0,0,0,1,핸드폰,,,1,0,0,0,0,0,0,0,0,0,0
236,08월 05일,09:03:00,단비,1호선,온수,신길,N,X,여,,중년,X,X,X,잠,,메신저백,1,1.0,0,1,0,0,0,1,잠,,,0,0,1,0,0,0,0,0,0,0,0
237,08월 05일,09:10:00,단비,5호선,신길,공덕,E,X,비었음,,,,,,,,,0,,0,0,0,0,0,0,,,,0,0,0,0,0,0,0,0,0,0,0
238,08월 05일,09:10:00,단비,5호선,신길,공덕,E,X,여,,청년,X,X,X,잠,,크로스백,1,1.0,0,0,1,0,0,0,잠,,,0,0,1,0,0,0,0,0,0,0,0
239,08월 05일,09:17:00,단비,5호선,마포,공덕,E,X,비었음,,,,,,,,,0,,0,0,0,0,0,0,,,,0,0,0,0,0,0,0,0,0,0,0
240,08월 05일,18:40:00,단비,5호선,공덕,신길,F,X,여,,청년,X,X,X,잠,,크로스백,1,1.0,0,0,1,0,0,2,잠,,,0,0,1,0,0,0,0,0,0,0,0
241,08월 05일,18:40:00,단비,5호선,공덕,신길,F,X,남,,청년,X,X,X,핸드폰,,백팩,1,0.0,0,0,1,0,0,2,핸드폰,,,1,0,0,0,0,0,0,0,0,0,0
242,08월 05일,18:56:00,단비,1호선,신길,부천,F,X,여,,청년,X,X,X,핸드폰,,"크로스백, 봉지(소)",1,1.0,0,0,1,0,0,2,핸드폰,,,1,0,0,0,0,0,0,0,0,0,0
243,08월 05일,18:56:00,단비,1호선,신길,부천,F,X,여,,중년,X,X,X,잠,,메신저백,1,1.0,0,1,0,0,0,2,잠,,,0,0,1,0,0,0,0,0,0,0,0
244,08월 05일,19:11:00,단비,1호선,역곡,부천,F,X,여,,청년,X,X,X,핸드폰,,클러치,1,1.0,0,0,1,0,0,2,핸드폰,,,1,0,0,0,0,0,0,0,0,0,0
245,08월 05일,19:11:00,단비,1호선,역곡,부천,F,X,여,,청년,X,X,X,핸드폰,,크로스백,1,1.0,0,0,1,0,0,2,핸드폰,,,1,0,0,0,0,0,0,0,0,0,0
246,08월 07일,08:18:00,한솔,1호선,병점,수원,E,O,비었음,2.0,,,,,,,,0,,0,0,0,0,0,0,,,,0,0,0,0,0,0,0,0,0,0,0
247,08월 07일,08:18:00,한솔,1호선,병점,금정,F,O,비었음,8.0,,,,,,,,0,,0,0,0,0,0,2,,,,0,0,0,0,0,0,0,0,0,0,0
248,08월 07일,08:23:00,미현,1호선,수원,신길,F,X,남,,중년,X,X,X,"핸드폰, 이어폰",,"우산, 노트북 가방",1,0.0,0,1,0,0,0,2,핸드폰,이어폰,,1,0,0,1,0,0,0,0,0,0,0
249,08월 07일,08:23:00,미현,1호선,수원,신길,F,X,여,,노년,X,X,X,대화,옆에 남편으로 추정되는 분과 대화중,,1,1.0,1,0,0,0,0,2,대화,,,0,0,0,0,1,0,0,0,0,0,0
250,08월 07일,08:29:00,한솔,1호선,병점,신길,N,O,여,,중년,X,X,X,핸드폰,,,1,1.0,0,1,0,0,0,1,핸드폰,,,1,0,0,0,0,0,0,0,0,0,0
251,08월 07일,08:44:00,한솔,1호선,병점,신길,F,X,여,,중년,X,X,,핸드폰,,핸드백,1,1.0,0,1,0,0,0,2,핸드폰,,,1,0,0,0,0,0,0,0,0,0,0
252,08월 07일,08:46:00,미현,1호선,수원,신길,F,X,여,,중년,X,X,X,잠,,작은 크기의 백팩,1,1.0,0,1,0,0,0,2,잠,,,0,0,1,0,0,0,0,0,0,0,0
253,08월 07일,08:57:00,미현,1호선,수원,신길,F,X,여,,중년,X,X,X,핸드폰,,"크로스백, 우산",1,1.0,0,1,0,0,0,2,핸드폰,,,1,0,0,0,0,0,0,0,0,0,0
254,08월 07일,09:07:00,미현,5호선,신길,공덕,F,X,비었음,4.0,,,,,,,,0,,0,0,0,0,0,2,,,,0,0,0,0,0,0,0,0,0,0,0
255,08월 07일,09:08:00,한솔,1호선,병점,신길,F,O,여,,청년,O,O,X,"이어폰, 잠",,,1,1.0,0,0,1,0,0,2,이어폰,잠,,0,0,1,1,0,0,0,0,0,0,0
256,08월 07일,09:07:00,미현,5호선,신길,공덕,F,X,여,,중년,X,X,X,핸드폰,,백팩,1,1.0,0,1,0,0,0,2,핸드폰,,,1,0,0,0,0,0,0,0,0,0,0
257,08월 07일,09:10:00,미현,5호선,신길,공덕,F,X,여,,중년,X,X,X,잠,,핸드백,1,1.0,0,1,0,0,0,2,잠,,,0,0,1,0,0,0,0,0,0,0,0
258,08월 07일,09:16:00,보민,6호선,화랑대,공덕,N,X,여,,청년,X,O,O,핸드폰,,"에코백, 장우산",1,1.0,0,0,1,0,0,1,핸드폰,,,1,0,0,0,0,0,0,0,0,0,0
259,08월 07일,09:16:00,보민,6호선,화랑대,공덕,N,X,여,,노년,X,X,X,멍,,보스턴백,1,1.0,1,0,0,0,0,1,멍,,,0,1,0,0,0,0,0,0,0,0,0
260,08월 07일,09:19:00,한솔,1호선,병점,신길,F,O,여,,노년,X,X,O,멍,,"페인트통, 우산, 핸드백",1,1.0,1,0,0,0,0,2,멍,,,0,1,0,0,0,0,0,0,0,0,0
261,08월 07일,09:26:00,한솔,5호선,신길,공덕,F,X,여,,중년,X,X,X,"이어폰, 핸드폰",,,1,1.0,0,1,0,0,0,2,이어폰,핸드폰,,1,0,0,1,0,0,0,0,0,0,0
262,08월 07일,09:32:00,보민,6호선,화랑대,공덕,F,X,여,,중년,X,X,X,멍,한정거장 가서 바로 내림,,1,1.0,0,1,0,0,0,2,멍,,,0,1,0,0,0,0,0,0,0,0,0
263,08월 07일,09:34:00,보민,6호선,동묘앞,약수,E,O,비었음,3.0,,,,,,,,0,,0,0,0,0,0,0,,,,0,0,0,0,0,0,0,0,0,0,0
264,08월 07일,09:34:00,보민,6호선,동묘앞,공덕,E,O,비었음,10.0,,,,,,,,0,,0,0,0,0,0,0,,,,0,0,0,0,0,0,0,0,0,0,0
265,08월 07일,09:39:00,보민,6호선,화랑대,공덕,E,O,여,,중년,X,X,X,멍,반대줄에 자리가 나자 옮겨앉음,"손가방, 물",1,1.0,0,1,0,0,0,0,멍,,,0,1,0,0,0,0,0,0,0,0,0
266,08월 07일,09:42:00,보민,6호선,한강진,공덕,N,O,비었음,5.0,,,,,,,,0,,0,0,0,0,0,1,,,,0,0,0,0,0,0,0,0,0,0,0
267,08월 07일,08:36:00,재민,분당선,야탑,왕십리,F,X,여,,청년,X,X,X,잠,,,1,1.0,0,0,1,0,0,2,잠,,,0,0,1,0,0,0,0,0,0,0,0
268,08월 07일,08:36:00,재민,분당선,야탑,왕십리,F,X,여,,노년,X,X,X,잠,,,1,1.0,1,0,0,0,0,2,잠,,,0,0,1,0,0,0,0,0,0,0,0
269,08월 07일,08:52:00,재민,분당선,야탑,왕십리,F,X,여,,중년,X,X,X,핸드폰,,,1,1.0,0,1,0,0,0,2,핸드폰,,,1,0,0,0,0,0,0,0,0,0,0
270,08월 07일,09:06:00,재민,분당선,강남구청,왕십리,E,O,비었음,3.0,,,,,,,,0,,0,0,0,0,0,0,,,,0,0,0,0,0,0,0,0,0,0,0
271,08월 07일,09:23:00,재민,5호선,왕십리,공덕,N,X,여,,청년,X,X,X,핸드폰,,,1,1.0,0,0,1,0,0,1,핸드폰,,,1,0,0,0,0,0,0,0,0,0,0
272,08월 07일,09:23:00,재민,5호선,왕십리,공덕,N,X,여,,청년,X,X,X,잠,,,1,1.0,0,0,1,0,0,1,잠,,,0,0,1,0,0,0,0,0,0,0,0
273,08월 07일,09:28:00,재민,5호선,왕십리,공덕,N,X,여,,중년,X,X,X,핸드폰,,,1,1.0,0,1,0,0,0,1,핸드폰,,,1,0,0,0,0,0,0,0,0,0,0
274,08월 07일,09:42:00,재민,5호선,왕십리,공덕,N,X,여,,중년,X,X,X,핸드폰,,,1,1.0,0,1,0,0,0,1,핸드폰,,,1,0,0,0,0,0,0,0,0,0,0
275,08월 07일,09:43:00,재민,5호선,애오개,공덕,N,X,비었음,1.0,,,,,,,,0,,0,0,0,0,0,1,,,,0,0,0,0,0,0,0,0,0,0,0
276,08월 07일,18:55:00,한솔,1호선,신길,병점,F,X,여,,중년,X,X,X,대화,,,1,1.0,0,1,0,0,0,2,대화,,,0,0,0,0,1,0,0,0,0,0,0
277,08월 07일,18:55:00,한솔,1호선,신길,병점,F,X,여,,중년,X,X,X,"이어폰, 핸드폰",,,1,1.0,0,1,0,0,0,2,이어폰,핸드폰,,1,0,0,1,0,0,0,0,0,0,0
278,08월 07일,19:34:00,한솔,1호선,당정,병점,N,O,비었음,6.0,,,,,,,,0,,0,0,0,0,0,1,,,,0,0,0,0,0,0,0,0,0,0,0
279,08월 07일,19:38:00,한솔,1호선,의왕,병점,N,O,비었음,5.0,,,,,,,,0,,0,0,0,0,0,1,,,,0,0,0,0,0,0,0,0,0,0,0
280,08월 07일,18:28:00,현미,6호선,공덕,합정,E,O,비었음,4.0,,,,,,,,0,,0,0,0,0,0,0,,,,0,0,0,0,0,0,0,0,0,0,0
281,08월 07일,18:29:00,현미,6호선,공덕,합정,E,O,비었음,4.0,,,,,,,,0,,0,0,0,0,0,0,,,,0,0,0,0,0,0,0,0,0,0,0
282,08월 07일,18:34:00,현미,6호선,상수,합정,N,O,남,,중년,X,X,X,핸드폰,,,1,0.0,0,1,0,0,0,1,핸드폰,,,1,0,0,0,0,0,0,0,0,0,0
283,08월 07일,20:19:00,미현,5호선,공덕,신길,N,O,여,,청년,X,X,X,핸드폰,,잠,1,1.0,0,0,1,0,0,1,핸드폰,,,1,0,0,0,0,0,0,0,0,0,0
284,08월 07일,20:19:00,미현,5호선,공덕,신길,N,O,비었음,4.0,,,,,,,,0,,0,0,0,0,0,1,,,,0,0,0,0,0,0,0,0,0,0,0
285,08월 07일,20:33:00,미현,1호선,신길,수원,N,O,남,,중년,X,X,X,멍,,노트북 가방,1,0.0,0,1,0,0,0,1,멍,,,0,1,0,0,0,0,0,0,0,0,0
286,08월 07일,20:33:00,미현,1호선,신길,영등포,N,O,비었음,1.0,,,,,,,,0,,0,0,0,0,0,1,,,,0,0,0,0,0,0,0,0,0,0,0
287,08월 07일,20:36:00,미현,1호선,신길,수원,N,O,남,,노년,X,X,X,멍,,,1,0.0,1,0,0,0,0,1,멍,,,0,1,0,0,0,0,0,0,0,0,0
288,08월 07일,20:47:00,미현,1호선,가산디지털단지,금정,F,X,비었음,7.0,,,,,,한 청년이 임산부석 앞에 서 있음,,0,,0,0,0,0,0,2,,,,0,0,0,0,0,0,0,0,0,0,0
289,08월 07일,21:09:00,미현,1호선,신길,수원,N,X,여,,중년,X,X,O,멍,,큰 사이즈의 가방 세 개,1,1.0,0,1,0,0,0,1,멍,,,0,1,0,0,0,0,0,0,0,0,0
290,08월 07일,21:09:00,미현,1호선,신길,수원,N,X,남,,청년,X,X,X,핸드폰,외국인,,1,0.0,0,0,1,0,0,1,핸드폰,,,1,0,0,0,0,0,0,0,0,0,0
291,08월 07일,21:17:00,미현,1호선,의왕,수원,E,O,비었음,3.0,,,,,,,,0,,0,0,0,0,0,0,,,,0,0,0,0,0,0,0,0,0,0,0
292,08월 07일,21:12:00,현미,6호선,합정,디엠씨,F,O,남,,청년,X,X,X,핸드폰,,,1,0.0,0,0,1,0,0,2,핸드폰,,,1,0,0,0,0,0,0,0,0,0,0
293,08월 07일,21:13:00,현미,6호선,합정,디엠씨,F,O,여,,중년,X,X,X,멍,,,1,1.0,0,1,0,0,0,2,멍,,,0,1,0,0,0,0,0,0,0,0,0
294,08월 07일,21:24:00,현미,6호선,디엠씨,불광,N,O,비었음,5.0,,,,,,,,0,,0,0,0,0,0,1,,,,0,0,0,0,0,0,0,0,0,0,0
295,08월 07일,21:26:00,현미,6호선,디엠씨,불광,N,O,비었음,5.0,,,,,,,,0,,0,0,0,0,0,1,,,,0,0,0,0,0,0,0,0,0,0,0
296,08월 07일,21:04:00,보민,6호선,공덕,약수,E,O,비었음,,,,,,,,,0,,0,0,0,0,0,0,,,,0,0,0,0,0,0,0,0,0,0,0
297,08월 07일,21:04:00,보민,6호선,공덕,효창공원,E,O,비었음,1.0,,,,,,,,0,,0,0,0,0,0,0,,,,0,0,0,0,0,0,0,0,0,0,0
298,08월 07일,21:04:00,보민,6호선,공덕,화랑대,N,O,남,,청년,X,X,X,"이어폰, 핸드폰",,가벼운 백팩,1,0.0,0,0,1,0,0,1,이어폰,핸드폰,,1,0,0,1,0,0,0,0,0,0,0
299,08월 07일,21:15:00,보민,6호선,공덕,화랑대,N,O,여,,청년,X,X,X,핸드폰,옆자리 나자 옮겨앉음,"크로스백, 우산",1,1.0,0,0,1,0,0,1,핸드폰,,,1,0,0,0,0,0,0,0,0,0,0
300,08월 07일,21:15:00,보민,6호선,공덕,화랑대,N,O,여,,청년,X,X,X,핸드폰,반대편 라인 자리나자 옮겨앉음,"핸드백, 시장바구니",1,1.0,0,0,1,0,0,1,핸드폰,,,1,0,0,0,0,0,0,0,0,0,0
301,08월 07일,21:55:00,보민,6호선,창신,화랑대,N,X,비었음,9.0,,,,,,,,0,,0,0,0,0,0,1,,,,0,0,0,0,0,0,0,0,0,0,0
302,08월 07일,21:35:00,보민,6호선,석계,화랑대,E,O,비었음,2.0,,,,,,,,0,,0,0,0,0,0,0,,,,0,0,0,0,0,0,0,0,0,0,0
303,08월 07일,21:19:00,재민,5호선,공덕,왕십리,E,O,남,,청년,X,X,X,핸드폰,7석 중 5석이 비어있는 와중에 임산부석 옆자리에 앉아있던 남자가 임산부석으로 옮김,,1,0.0,0,0,1,0,0,0,핸드폰,,,1,0,0,0,0,0,0,0,0,0,0
304,08월 07일,21:19:00,재민,5호선,공덕,종로3가,E,O,비었음,5.0,,,,,,,,0,,0,0,0,0,0,0,,,,0,0,0,0,0,0,0,0,0,0,0
305,08월 07일,21:28:00,재민,5호선,공덕,왕십리,N,X,남,,중년,X,X,X,핸드폰,,,1,0.0,0,1,0,0,0,1,핸드폰,,,1,0,0,0,0,0,0,0,0,0,0
306,08월 07일,21:46:00,재민,분당선,왕십리,야탑,E,O,여,,중년,X,X,X,"핸드폰, 독서",,"백팩, 핸드백",1,1.0,0,1,0,0,0,0,핸드폰,독서,,1,0,0,0,0,0,1,0,0,0,0
307,08월 07일,21:46:00,재민,분당선,왕십리,선릉,E,O,비었음,5.0,,,,,,,,0,,0,0,0,0,0,0,,,,0,0,0,0,0,0,0,0,0,0,0
308,08월 07일,21:59:00,재민,분당선,왕십리,야탑,F,X,여,,청년,X,X,X,"핸드폰, 이어폰",,,1,1.0,0,0,1,0,0,2,핸드폰,이어폰,,1,0,0,1,0,0,0,0,0,0,0
309,08월 07일,08:48:00,단비,1호선,온수,신길,F,X,남,,청년,X,X,X,잠,,메신저백,1,0.0,0,0,1,0,0,2,잠,,,0,0,1,0,0,0,0,0,0,0,0
310,08월 07일,08:48:00,단비,1호선,온수,신길,F,X,남,,중년,X,X,X,대화,목발을 짚고 계심,크로스백,1,0.0,0,1,0,0,0,2,대화,,,0,0,0,0,1,0,0,0,0,0,0
311,08월 07일,09:03:00,단비,1호선,온수,신길,F,X,남,,중년,X,X,X,핸드폰,,백팩,1,0.0,0,1,0,0,0,2,핸드폰,,,1,0,0,0,0,0,0,0,0,0,0
312,08월 07일,09:10:00,단비,5호선,신길,공덕,N,O,여,,청년,X,X,X,핸드폰,,보스턴백,1,1.0,0,0,1,0,0,1,핸드폰,,,1,0,0,0,0,0,0,0,0,0,0
313,08월 07일,09:10:00,단비,5호선,신길,공덕,N,O,여,,청년,X,X,X,핸드폰,,"크로스백, 봉지(미니)",1,1.0,0,0,1,0,0,1,핸드폰,,,1,0,0,0,0,0,0,0,0,0,0
314,08월 07일,18:56:00,단비,5호선,공덕,신길,F,X,여,,청년,X,X,X,핸드폰,,보스턴백,1,1.0,0,0,1,0,0,2,핸드폰,,,1,0,0,0,0,0,0,0,0,0,0
315,08월 07일,18:56:00,단비,5호선,공덕,신길,F,X,여,,청년,X,X,X,핸드폰,,보스턴백,1,1.0,0,0,1,0,0,2,핸드폰,,,1,0,0,0,0,0,0,0,0,0,0
316,08월 07일,19:12:00,단비,1호선,신길,온수,F,X,여,,청년,X,X,X,핸드폰,,크로스백,1,1.0,0,0,1,0,0,2,핸드폰,,,1,0,0,0,0,0,0,0,0,0,0
317,08월 07일,19:12:00,단비,1호선,신길,온수,F,X,남,,중년,X,X,X,핸드폰,,,1,0.0,0,1,0,0,0,2,핸드폰,,,1,0,0,0,0,0,0,0,0,0,0
318,08월 07일,19:17:00,단비,1호선,신도림,온수,F,X,여,,청년,O,O,X,통화,,크로스백,1,1.0,0,0,1,0,0,2,통화,,,0,0,0,0,0,1,0,0,0,0,0
319,08월 07일,19:28:00,단비,1호선,오류동,온수,F,X,비었음,,,,,,,,,0,,0,0,0,0,0,2,,,,0,0,0,0,0,0,0,0,0,0,0
320,08월 07일,19:34:00,단비,7호선,온수,신중동,F,X,여,,청년,X,X,X,핸드폰,,보스턴백,1,1.0,0,0,1,0,0,2,핸드폰,,,1,0,0,0,0,0,0,0,0,0,0
321,08월 07일,19:34:00,단비,7호선,온수,신중동,F,X,비었음,,,,,,,,,0,,0,0,0,0,0,2,,,,0,0,0,0,0,0,0,0,0,0,0
322,08월 08일,08:15:00,한솔,1호선,병점,수원,E,O,비었음,2.0,,,,,,,,0,,0,0,0,0,0,0,,,,0,0,0,0,0,0,0,0,0,0,0
323,08월 08일,08:15:00,한솔,1호선,병점,수원,E,O,비었음,2.0,,,,,,,,0,,0,0,0,0,0,0,,,,0,0,0,0,0,0,0,0,0,0,0
324,08월 08일,08:28:00,한솔,1호선,병점,신길,N,O,남,,중년,X,X,,"핸드폰, 이어폰",,노트북 가방,1,0.0,0,1,0,0,0,1,핸드폰,이어폰,,1,0,0,1,0,0,0,0,0,0,0
325,08월 08일,08:28:00,한솔,1호선,병점,신길,N,O,남,,청년,X,X,,핸드폰,,백팩,1,0.0,0,0,1,0,0,1,핸드폰,,,1,0,0,0,0,0,0,0,0,0,0
326,08월 08일,08:38:00,미현,1호선,수원,신길,N,O,남,,중년,X,X,X,핸드폰,,노트북 가방,1,0.0,0,1,0,0,0,1,핸드폰,,,1,0,0,0,0,0,0,0,0,0,0
327,08월 08일,08:38:00,미현,1호선,수원,신길,N,O,여,,중년,X,X,X,핸드폰,,웨이스트백,1,1.0,0,1,0,0,0,1,핸드폰,,,1,0,0,0,0,0,0,0,0,0,0
328,08월 08일,08:46:00,한솔,1호선,병점,신길,N,O,남,,청년,X,X,X,핸드폰,,,1,0.0,0,0,1,0,0,1,핸드폰,,,1,0,0,0,0,0,0,0,0,0,0
329,08월 08일,08:52:00,미현,1호선,수원,신길,N,X,여,,중년,X,X,X,멍,,"양산, 에코백",1,1.0,0,1,0,0,0,1,멍,,,0,1,0,0,0,0,0,0,0,0,0
330,08월 08일,08:52:00,보민,6호선,화랑대,공덕,N,O,여,,노년,X,X,X,멍,노약좌석 양쪽 칸은 차 있고 혼자 앉아있는 할배 있음,가벼운 백팩,1,1.0,1,0,0,0,0,1,멍,,,0,1,0,0,0,0,0,0,0,0,0
331,08월 08일,08:52:00,보민,6호선,화랑대,공덕,N,O,여,,청년,X,X,X,통화,,토드백,1,1.0,0,0,1,0,0,1,통화,,,0,0,0,0,0,1,0,0,0,0,0
332,08월 08일,08:56:00,미현,1호선,수원,신길,F,X,여,,중년,X,X,X,핸드폰,,크로스백,1,1.0,0,1,0,0,0,2,핸드폰,,,1,0,0,0,0,0,0,0,0,0,0
333,08월 08일,09:04:00,미현,1호선,수원,신길,F,X,여,,중년,X,X,X,핸드폰,,백팩,1,1.0,0,1,0,0,0,2,핸드폰,,,1,0,0,0,0,0,0,0,0,0,0
334,08월 08일,09:10:00,보민,6호선,화랑대,공덕,N,X,여,,청년,X,X,X,잠,,토드백,1,1.0,0,0,1,0,0,1,잠,,,0,0,1,0,0,0,0,0,0,0,0
335,08월 08일,09:11:00,보민,6호선,화랑대,공덕,N,X,여,,중년,X,X,X,멍,,손가방,1,1.0,0,1,0,0,0,1,멍,,,0,1,0,0,0,0,0,0,0,0,0
336,08월 08일,09:15:00,보민,6호선,화랑대,화랑대,N,O,여,,중년,X,X,X,잠,,보스턴백,1,1.0,0,1,0,0,0,1,잠,,,0,0,1,0,0,0,0,0,0,0,0
337,08월 08일,09:18:00,보민,6호선,한강진,삼각지,N,O,비었음,3.0,,,,,,,,0,,0,0,0,0,0,1,,,,0,0,0,0,0,0,0,0,0,0,0
338,08월 08일,09:19:00,한솔,1호선,병점,신길,F,X,남,,중년,X,X,X,핸드폰,,,1,0.0,0,1,0,0,0,2,핸드폰,,,1,0,0,0,0,0,0,0,0,0,0
339,08월 08일,09:25:00,보민,6호선,화랑대,공덕,N,O,여,,청년,X,X,X,핸드폰,,보스턴백,1,1.0,0,0,1,0,0,1,핸드폰,,,1,0,0,0,0,0,0,0,0,0,0
340,08월 08일,09:27:00,한솔,5호선,신길,공덕,F,X,여,,중년,X,X,,핸드폰,,에코백,1,1.0,0,1,0,0,0,2,핸드폰,,,1,0,0,0,0,0,0,0,0,0,0
341,08월 08일,09:28:00,한솔,5호선,신길,공덕,F,X,남,,중년,X,X,X,"이어폰, 핸드폰",,,1,0.0,0,1,0,0,0,2,이어폰,핸드폰,,1,0,0,1,0,0,0,0,0,0,0
342,08월 08일,09:28:00,한솔,5호선,여의도,공덕,F,X,비었음,3.0,,,,,,,,0,,0,0,0,0,0,2,,,,0,0,0,0,0,0,0,0,0,0,0
343,08월 08일,09:39:00,미현,5호선,신길,공덕,F,X,비었음,4.0,,,,,,,,0,,0,0,0,0,0,2,,,,0,0,0,0,0,0,0,0,0,0,0
344,08월 08일,09:39:00,미현,5호선,신길,마포,F,X,비었음,3.0,,,,,,,,0,,0,0,0,0,0,2,,,,0,0,0,0,0,0,0,0,0,0,0
345,08월 08일,09:45:00,미현,5호선,신길,공덕,F,X,남,,청소년,X,X,X,핸드폰,,,1,0.0,0,0,0,0,1,2,핸드폰,,,1,0,0,0,0,0,0,0,0,0,0
346,08월 08일,08:35:00,재민,분당선,야탑,왕십리,F,X,여,,청년,X,X,X,이어폰,,,1,1.0,0,0,1,0,0,2,이어폰,,,0,0,0,1,0,0,0,0,0,0,0
347,08월 08일,08:35:00,재민,분당선,야탑,왕십리,F,X,여,,청년,X,X,X,먹기,,,1,1.0,0,0,1,0,0,2,먹기,,,0,0,0,0,0,0,0,0,1,0,0
348,08월 08일,08:55:00,재민,분당선,야탑,왕십리,F,X,여,,청년,X,X,X,"핸드폰, 손풍기쐬기",,,1,1.0,0,0,1,0,0,2,핸드폰,바람쐬기,,1,0,0,0,0,0,0,0,0,0,1
349,08월 08일,09:01:00,재민,분당선,선릉,왕십리,N,X,비었음,5.0,,,,,,,,0,,0,0,0,0,0,1,,,,0,0,0,0,0,0,0,0,0,0,0
350,08월 08일,09:05:00,재민,분당선,강남구청,왕십리,E,O,비었음,3.0,,,,,,,,0,,0,0,0,0,0,0,,,,0,0,0,0,0,0,0,0,0,0,0
351,08월 08일,09:23:00,재민,5호선,왕십리,행당,N,X,비었음,1.0,,,,,,,,0,,0,0,0,0,0,1,,,,0,0,0,0,0,0,0,0,0,0,0
352,08월 08일,09:23:00,재민,5호선,왕십리,공덕,N,X,여,,청년,X,O,X,"핸드폰, 이어폰",,,1,1.0,0,0,1,0,0,1,핸드폰,이어폰,,1,0,0,1,0,0,0,0,0,0,0
353,08월 08일,09:24:00,재민,5호선,왕십리,공덕,N,X,여,,청년,X,X,,멍,일반석 빈자리 생기니 옮김,백팩 2개,1,1.0,0,0,1,0,0,1,멍,,,0,1,0,0,0,0,0,0,0,0,0
354,08월 08일,09:29:00,재민,5호선,동대문역사문화공원,공덕,N,X,비었음,7.0,,,,,,,,0,,0,0,0,0,0,1,,,,0,0,0,0,0,0,0,0,0,0,0
355,08월 08일,09:38:00,재민,5호선,서대문,공덕,E,O,비었음,3.0,,,,,,,,0,,0,0,0,0,0,0,,,,0,0,0,0,0,0,0,0,0,0,0
356,08월 08일,09:10:00,현미,6호선,불광,월드컵경기장,E,O,비었음,7.0,,,,,,,,0,,0,0,0,0,0,0,,,,0,0,0,0,0,0,0,0,0,0,0
357,08월 08일,09:12:00,현미,6호선,불광,공덕,E,O,비었음,14.0,,,,,,,,0,,0,0,0,0,0,0,,,,0,0,0,0,0,0,0,0,0,0,0
358,08월 08일,09:26:00,현미,6호선,합정,공덕,E,O,남,,청년,X,X,X,핸드폰,,,1,0.0,0,0,1,0,0,0,핸드폰,,,1,0,0,0,0,0,0,0,0,0,0
359,08월 08일,17:39:00,미현,5호선,공덕,신길,F,X,여,,노년,X,X,X,핸드폰,,,1,1.0,1,0,0,0,0,2,핸드폰,,,1,0,0,0,0,0,0,0,0,0,0
360,08월 08일,17:40:00,보민,6호선,공덕,화랑대,N,O,여,,중년,X,X,X,핸드폰,,백팩,1,1.0,0,1,0,0,0,1,핸드폰,,,1,0,0,0,0,0,0,0,0,0,0
361,08월 08일,17:40:00,보민,6호선,공덕,화랑대,N,O,여,,중년,X,X,X,멍,,손가방,1,1.0,0,1,0,0,0,1,멍,,,0,1,0,0,0,0,0,0,0,0,0
362,08월 08일,17:39:00,미현,5호선,공덕,신길,F,X,여,,중년,X,X,X,잠,,,1,1.0,0,1,0,0,0,2,잠,,,0,0,1,0,0,0,0,0,0,0,0
363,08월 08일,17:44:00,보민,6호선,삼각지,약수,N,O,비었음,5.0,,,,,,,,0,,0,0,0,0,0,1,,,,0,0,0,0,0,0,0,0,0,0,0
364,08월 08일,17:51:00,보민,6호선,약수,청구,N,O,비었음,1.0,,,,,,,,0,,0,0,0,0,0,1,,,,0,0,0,0,0,0,0,0,0,0,0
365,08월 08일,17:52:00,보민,6호선,공덕,화랑대,N,O,여,,청년,X,X,X,,갑자기 일어나서 열차칸 이동??? 내가 너무 빤히 봤나?,,1,1.0,0,0,1,0,0,1,,,,0,0,0,0,0,0,0,0,0,0,0
366,08월 08일,17:53:00,보민,6호선,공덕,화랑대,N,O,여,,청년,O,O,X,핸드폰,,백팩,1,1.0,0,0,1,0,0,1,핸드폰,,,1,0,0,0,0,0,0,0,0,0,0
367,08월 08일,17:55:00,미현,1호선,신길,수원,F,X,여,,청년,X,X,X,핸드폰,,크로스백,1,1.0,0,0,1,0,0,2,핸드폰,,,1,0,0,0,0,0,0,0,0,0,0
368,08월 08일,17:55:00,미현,1호선,신길,수원,F,X,남,,중년,X,X,X,잠,옆자리에 임산부 뱃지를 달고 계신 분이 앉아계심,,1,0.0,0,1,0,0,0,2,잠,,,0,0,1,0,0,0,0,0,0,0,0
369,08월 05일,17:57:00,보민,6호선,동묘앞,화랑대,F,X,비었음,7.0,,,,,,,,0,,0,0,0,0,0,2,,,,0,0,0,0,0,0,0,0,0,0,0
370,08월 08일,18:09:00,미현,1호선,신길,수원,F,X,남,,중년,X,X,X,멍,,,1,0.0,0,1,0,0,0,2,멍,,,0,1,0,0,0,0,0,0,0,0,0
371,08월 08일,18:26:00,미현,1호선,신길,수원,F,X,여,,중년,X,X,X,핸드폰,,"미니 쇼핑백, 핸드백",1,1.0,0,1,0,0,0,2,핸드폰,,,1,0,0,0,0,0,0,0,0,0,0
372,08월 08일,18:26:00,미현,1호선,신길,수원,F,X,여,,청년,X,X,X,핸드폰,,,1,1.0,0,0,1,0,0,2,핸드폰,,,1,0,0,0,0,0,0,0,0,0,0
373,08월 08일,18:34:00,미현,1호선,금정,수원,F,X,비었음,6.0,,,,,,,,0,,0,0,0,0,0,2,,,,0,0,0,0,0,0,0,0,0,0,0
374,08월 08일,08:39:00,단비,7호선,신중동,춘의,N,O,비었음,,,,,,,,,0,,0,0,0,0,0,1,,,,0,0,0,0,0,0,0,0,0,0,0
375,08월 08일,08:39:00,단비,7호선,신중동,온수,N,O,여,,중년,X,X,X,핸드폰,,크로스백,1,1.0,0,1,0,0,0,1,핸드폰,,,1,0,0,0,0,0,0,0,0,0,0
376,08월 08일,08:41:00,단비,7호선,신중동,온수,N,O,남,,청년,X,X,X,잠,,에코백,1,0.0,0,0,1,0,0,1,잠,,,0,0,1,0,0,0,0,0,0,0,0
377,08월 08일,08:56:00,단비,1호선,온수,신길,N,X,남,,청년,X,X,X,잠,,백팩,1,0.0,0,0,1,0,0,1,잠,,,0,0,1,0,0,0,0,0,0,0,0
378,08월 08일,08:56:00,단비,1호선,온수,신길,N,X,여,,중년,X,X,X,잠,,에코백,1,1.0,0,1,0,0,0,1,잠,,,0,0,1,0,0,0,0,0,0,0,0
379,08월 08일,09:05:00,단비,1호선,온수,신길,N,X,여,,중년,X,X,X,잠,,에코백,1,1.0,0,1,0,0,0,1,잠,,,0,0,1,0,0,0,0,0,0,0,0
380,08월 08일,09:16:00,단비,5호선,신길,공덕,F,X,여,,노년,X,X,X,핸드폰,,보스턴백,1,1.0,1,0,0,0,0,2,핸드폰,,,1,0,0,0,0,0,0,0,0,0,0
381,08월 08일,09:16:00,단비,5호선,신길,여의도,F,X,비었음,,,,,,,,,0,,0,0,0,0,0,2,,,,0,0,0,0,0,0,0,0,0,0,0
382,08월 08일,09:18:00,단비,5호선,신길,공덕,F,X,여,,중년,X,X,X,핸드폰,,백팩,1,1.0,0,1,0,0,0,2,핸드폰,,,1,0,0,0,0,0,0,0,0,0,0
383,08월 08일,17:40:00,단비,5호선,공덕,신길,N,O,남,,중년,X,X,X,핸드폰,,,1,0.0,0,1,0,0,0,1,핸드폰,,,1,0,0,0,0,0,0,0,0,0,0
384,08월 08일,17:40:00,단비,5호선,공덕,여의나루,N,O,비었음,,,,,,,,,0,,0,0,0,0,0,1,,,,0,0,0,0,0,0,0,0,0,0,0
385,08월 08일,17:43:00,단비,5호선,공덕,신길,N,O,여,,노년,X,X,X,대화,,크로스백,1,1.0,1,0,0,0,0,1,대화,,,0,0,0,0,1,0,0,0,0,0,0
386,08월 08일,17:46:00,단비,5호선,여의도,신길,N,O,비었음,,,,,,,,,0,,0,0,0,0,0,1,,,,0,0,0,0,0,0,0,0,0,0,0
387,08월 08일,17:54:00,단비,1호선,신길,부천,N,X,여,,중년,X,X,X,대화,팔깁스 하고 계심,크로스백,1,1.0,0,1,0,0,0,1,대화,,,0,0,0,0,1,0,0,0,0,0,0
388,08월 08일,17:54:00,단비,1호선,신길,부천,N,X,여,,중년,X,X,X,대화,,크로스백,1,1.0,0,1,0,0,0,1,대화,,,0,0,0,0,1,0,0,0,0,0,0
389,08월 08일,17:56:00,단비,1호선,신길,부천,N,X,여,,중년,X,X,X,핸드폰,,백팩,1,1.0,0,1,0,0,0,1,핸드폰,,,1,0,0,0,0,0,0,0,0,0,0
390,08월 08일,17:59:00,단비,1호선,신길,부천,N,X,여,,노년,X,X,X,멍,,백팩,1,1.0,1,0,0,0,0,1,멍,,,0,1,0,0,0,0,0,0,0,0,0
391,08월 08일,17:39:00,재민,5호선,공덕,답십리,N,O,여,,중년,X,X,X,잠,,,1,1.0,0,1,0,0,0,1,잠,,,0,0,1,0,0,0,0,0,0,0,0
392,08월 08일,17:39:00,재민,5호선,공덕,답십리,N,O,여,,노년,X,X,O,핸드폰,,구루마,1,1.0,1,0,0,0,0,1,핸드폰,,,1,0,0,0,0,0,0,0,0,0,0
393,08월 08일,17:54:00,재민,5호선,공덕,답십리,F,X,여,,청년,X,X,X,핸드폰,,,1,1.0,0,0,1,0,0,2,핸드폰,,,1,0,0,0,0,0,0,0,0,0,0
394,08월 08일,18:08:00,재민,5호선,답십리,왕십리,N,O,비었음,2.0,,,,,,,,0,,0,0,0,0,0,1,,,,0,0,0,0,0,0,0,0,0,0,0
395,08월 08일,18:08:00,재민,5호선,답십리,왕십리,N,O,여,,중년,X,X,O,멍,,"봉지(중)2개, 토트백(봉지(중)사이즈)",1,1.0,0,1,0,0,0,1,멍,,,0,1,0,0,0,0,0,0,0,0,0
396,08월 08일,18:21:00,재민,분당선,왕십리,야탑,F,X,여,,중년,X,X,X,핸드폰,,,1,1.0,0,1,0,0,0,2,핸드폰,,,1,0,0,0,0,0,0,0,0,0,0
397,08월 08일,18:21:00,재민,분당선,왕십리,야탑,F,X,여,,중년,X,X,X,핸드폰,,,1,1.0,0,1,0,0,0,2,핸드폰,,,1,0,0,0,0,0,0,0,0,0,0
398,08월 09일,08:09:00,미현,1호선,수원,신길,N,O,남,,청년,X,X,X,멍,,쇼퍼백,1,0.0,0,0,1,0,0,1,멍,,,0,1,0,0,0,0,0,0,0,0,0
399,08월 09일,08:09:00,미현,1호선,수원,신길,N,O,여,,중년,X,X,X,잠,,핸드백,1,1.0,0,1,0,0,0,1,잠,,,0,0,1,0,0,0,0,0,0,0,0
400,08월 09일,08:13:00,한솔,1호선,병점,세류,E,O,비었음,1.0,,,,,,,,0,,0,0,0,0,0,0,,,,0,0,0,0,0,0,0,0,0,0,0
401,08월 09일,08:13:00,한솔,1호선,병점,수원,E,O,비었음,2.0,,,,,,,,0,,0,0,0,0,0,0,,,,0,0,0,0,0,0,0,0,0,0,0
402,08월 09일,08:23:00,한솔,1호선,병점,신길,E,O,여,,청년,X,X,,핸드폰,,"백팩, 에코백",1,1.0,0,0,1,0,0,0,핸드폰,,,1,0,0,0,0,0,0,0,0,0,0
403,08월 09일,08:26:00,한솔,1호선,병점,신길,N,O,남,,청년,X,X,,"핸드폰, 이어폰",,백팩,1,0.0,0,0,1,0,0,1,핸드폰,이어폰,,1,0,0,1,0,0,0,0,0,0,0
404,08월 09일,08:26:00,한솔,1호선,병점,신길,N,O,남,,청년,X,X,,"핸드폰, 이어폰",,노트북 가방,1,0.0,0,0,1,0,0,1,핸드폰,이어폰,,1,0,0,1,0,0,0,0,0,0,0
405,08월 09일,08:28:00,미현,1호선,수원,신길,N,O,남,,청년,X,X,X,핸드폰,,,1,0.0,0,0,1,0,0,1,핸드폰,,,1,0,0,0,0,0,0,0,0,0,0
406,08월 09일,08:33:00,미현,1호선,수원,신길,F,X,여,,청년,X,X,X,핸드폰,,핸드백,1,1.0,0,0,1,0,0,2,핸드폰,,,1,0,0,0,0,0,0,0,0,0,0
407,08월 09일,08:37:00,미현,3호선,수원,신길,F,X,여,,중년,X,X,X,핸드폰,,핸드백,1,1.0,0,1,0,0,0,2,핸드폰,,,1,0,0,0,0,0,0,0,0,0,0
408,08월 09일,08:50:00,보민,6호선,화랑대,공덕,F,O,여,,중년,X,X,X,,1정거장 후 내림,,1,1.0,0,1,0,0,0,2,,,,0,0,0,0,0,0,0,0,0,0,0
409,08월 09일,08:52:00,보민,6호선,화랑대,공덕,F,O,여,,청년,X,X,X,먹기,"빵먹으면서 걸터앉아있음, 1정거장 후 내림",,1,1.0,0,0,1,0,0,2,먹기,,,0,0,0,0,0,0,0,0,1,0,0
410,08월 09일,08:52:00,보민,6호선,화랑대,공덕,F,O,여,,중년,X,X,X,,,,1,1.0,0,1,0,0,0,2,,,,0,0,0,0,0,0,0,0,0,0,0
411,08월 09일,08:55:00,한솔,1호선,병점,신길,F,X,여,,노년,X,X,X,멍,,,1,1.0,1,0,0,0,0,2,멍,,,0,1,0,0,0,0,0,0,0,0,0
412,08월 09일,08:57:00,보민,6호선,화랑대,공덕,F,X,여,,중년,X,X,X,"이어폰, 잠",,,1,1.0,0,1,0,0,0,2,이어폰,잠,,0,0,1,1,0,0,0,0,0,0,0
413,08월 09일,08:59:00,한솔,1호선,병점,신길,F,X,여,,중년,X,X,O,핸드폰,,캐리어,1,1.0,0,1,0,0,0,2,핸드폰,,,1,0,0,0,0,0,0,0,0,0,0
414,08월 09일,09:10:00,보민,6호선,화랑대,공덕,F,X,여,,청년,X,X,X,핸드폰,,핸드백,1,1.0,0,0,1,0,0,2,핸드폰,,,1,0,0,0,0,0,0,0,0,0,0
415,08월 09일,09:10:00,미현,5호선,신길,공덕,F,X,여,,중년,X,X,X,핸드폰,,백팩,1,1.0,0,1,0,0,0,2,핸드폰,,,1,0,0,0,0,0,0,0,0,0,0
416,08월 09일,09:10:00,미현,5호선,신길,공덕,F,X,여,,청년,X,X,X,핸드폰,,에코백,1,1.0,0,0,1,0,0,2,핸드폰,,,1,0,0,0,0,0,0,0,0,0,0
417,08월 09일,09:20:00,보민,6호선,약수,공덕,N,O,비었음,7.0,,,,,,,,0,,0,0,0,0,0,1,,,,0,0,0,0,0,0,0,0,0,0,0
418,08월 09일,09:16:00,한솔,1호선,병점,신길,F,X,여,,중년,X,X,X,잠,,,1,1.0,0,1,0,0,0,2,잠,,,0,0,1,0,0,0,0,0,0,0,0
419,08월 09일,09:21:00,한솔,5호선,신길,공덕,F,O,여,,중년,X,X,,멍,,백팩,1,1.0,0,1,0,0,0,2,멍,,,0,1,0,0,0,0,0,0,0,0,0
420,08월 09일,09:22:00,한솔,5호선,여의도,마포,F,O,비었음,2.0,,,,,,,,0,,0,0,0,0,0,2,,,,0,0,0,0,0,0,0,0,0,0,0
421,08월 09일,09:27:00,한솔,5호선,신길,공덕,N,O,여,,중년,X,X,,대화,,메신저백},1,1.0,0,1,0,0,0,1,대화,,,0,0,0,0,1,0,0,0,0,0,0
422,08월 09일,08:39:00,재민,분당선,야탑,왕십리,F,X,여,,청년,X,X,X,핸드폰,,,1,1.0,0,0,1,0,0,2,핸드폰,,,1,0,0,0,0,0,0,0,0,0,0
423,08월 09일,08:39:00,재민,분당선,야탑,왕십리,F,X,여,,중년,X,X,X,"핸드폰, 이어폰",,,1,1.0,0,1,0,0,0,2,핸드폰,이어폰,,1,0,0,1,0,0,0,0,0,0,0
424,08월 09일,08:48:00,재민,분당선,야탑,왕십리,F,X,여,,청년,X,X,X,핸드폰,,,1,1.0,0,0,1,0,0,2,핸드폰,,,1,0,0,0,0,0,0,0,0,0,0
425,08월 09일,08:48:00,재민,분당선,복정,강남구청,F,X,비었음,9.0,,,,,,,,0,,0,0,0,0,0,2,,,,0,0,0,0,0,0,0,0,0,0,0
426,08월 09일,09:09:00,재민,분당선,강남구청,왕십리,E,O,비었음,3.0,,,,,,,,0,,0,0,0,0,0,0,,,,0,0,0,0,0,0,0,0,0,0,0
427,08월 09일,09:09:00,재민,분당선,야탑,왕십리,E,O,여,,중년,X,X,X,멍,빈 자리 많은데도 임산부석에 앉았다가 1개 역 후에 내림,,1,1.0,0,1,0,0,0,0,멍,,,0,1,0,0,0,0,0,0,0,0,0
428,08월 09일,09:11:00,재민,분당선,압구정로데오,왕십리,E,O,비었음,2.0,,,,,,,,0,,0,0,0,0,0,0,,,,0,0,0,0,0,0,0,0,0,0,0
429,08월 09일,09:24:00,재민,5호선,왕십리,공덕,F,X,여,,청년,X,X,X,잠,,,1,1.0,0,0,1,0,0,2,잠,,,0,0,1,0,0,0,0,0,0,0,0
430,08월 09일,09:24:00,재민,5호선,왕십리,공덕,F,X,여,,청년,X,X,X,핸드폰,,,1,1.0,0,0,1,0,0,2,핸드폰,,,1,0,0,0,0,0,0,0,0,0,0
431,08월 09일,09:33:00,재민,5호선,을지로4가,공덕,N,O,비었음,6.0,,,,,,,,0,,0,0,0,0,0,1,,,,0,0,0,0,0,0,0,0,0,0,0
432,08월 09일,09:15:00,현미,6호선,불광,디엠씨,E,O,비었음,7.0,,,,,,,,0,,0,0,0,0,0,0,,,,0,0,0,0,0,0,0,0,0,0,0
433,08월 09일,09:26:00,현미,6호선,불광,공덕,E,O,비었음,15.0,,,,,,,,0,,0,0,0,0,0,0,,,,0,0,0,0,0,0,0,0,0,0,0
434,08월 09일,09:26:00,현미,6호선,디엠씨,공덕,N,O,여,,노년,X,X,O,멍,,구르마에 상자(무거워보였음),1,1.0,1,0,0,0,0,1,멍,,,0,1,0,0,0,0,0,0,0,0,0
435,08월 09일,19:00:00,한솔,5호선,공덕,신길,N,X,여,,노년,X,X,X,"핸드폰, 이어폰",,,1,1.0,1,0,0,0,0,1,핸드폰,이어폰,,1,0,0,1,0,0,0,0,0,0,0
436,08월 09일,19:00:00,한솔,5호선,공덕,신길,N,X,여,,노년,X,X,,"핸드폰, 이어폰",,백팩,1,1.0,1,0,0,0,0,1,핸드폰,이어폰,,1,0,0,1,0,0,0,0,0,0,0
437,08월 09일,19:21:00,한솔,1호선,신길,병점,F,O,여,,중년,X,X,,대화,,백팩,1,1.0,0,1,0,0,0,2,대화,,,0,0,0,0,1,0,0,0,0,0,0
438,08월 09일,19:22:00,한솔,1호선,신길,병점,F,O,여,,노년,X,X,,멍,,에코백,1,1.0,1,0,0,0,0,2,멍,,,0,1,0,0,0,0,0,0,0,0,0
439,08월 09일,19:25:00,한솔,1호선,신길,병점,F,O,여,,중년,X,X,,핸드폰,,에코백,1,1.0,0,1,0,0,0,2,핸드폰,,,1,0,0,0,0,0,0,0,0,0,0
440,08월 09일,19:41:00,한솔,1호선,신길,병점,N,O,여,,중년,X,X,X,"이어폰, 잠",,,1,1.0,0,1,0,0,0,1,이어폰,잠,,0,0,1,1,0,0,0,0,0,0,0
441,08월 09일,19:44:00,한솔,1호선,석수,안양,N,O,비었음,2.0,,,,,,,,0,,0,0,0,0,0,1,,,,0,0,0,0,0,0,0,0,0,0,0
442,08월 09일,19:47:00,한솔,1호선,신길,병점,N,O,여,,청년,X,X,X,"핸드폰, 이어폰",,,1,1.0,0,0,1,0,0,1,핸드폰,이어폰,,1,0,0,1,0,0,0,0,0,0,0
443,08월 09일,19:51:00,한솔,1호선,신길,병점,N,O,여,,청년,X,X,X,"핸드폰, 이어폰",,,1,1.0,0,0,1,0,0,1,핸드폰,이어폰,,1,0,0,1,0,0,0,0,0,0,0
444,08월 09일,19:53:00,한솔,1호선,신길 ,병점,N,O,여,,노년,X,X,X,핸드폰,,,1,1.0,1,0,0,0,0,1,핸드폰,,,1,0,0,0,0,0,0,0,0,0,0
445,08월 09일,19:54:00,한솔,1호선,신길,병점,E,O,남,,중년,X,X,X,핸드폰,,,1,0.0,0,1,0,0,0,0,핸드폰,,,1,0,0,0,0,0,0,0,0,0,0
446,08월 09일,19:55:00,한솔,1호선,신길,병점,N,O,남,,노년,X,X,X,핸드폰,,,1,0.0,1,0,0,0,0,1,핸드폰,,,1,0,0,0,0,0,0,0,0,0,0
447,08월 09일,21:48:00,미현,5호선,공덕,신길,F,X,여,,중년,X,X,X,멍,,핸드백,1,1.0,0,1,0,0,0,2,멍,,,0,1,0,0,0,0,0,0,0,0,0
448,08월 09일,21:48:00,미현,5호선,공덕,신길,F,X,여,,어린이,X,X,X,멍,,에코백,1,1.0,0,0,0,1,0,2,멍,,,0,1,0,0,0,0,0,0,0,0,0
449,08월 09일,22:12:00,미현,1호선,신길,구로,N,O,비었음,3.0,,,,,,,,0,,0,0,0,0,0,1,,,,0,0,0,0,0,0,0,0,0,0,0
450,08월 09일,22:12:00,미현,1호선,신길,가산디지털단지,N,O,비었음,4.0,,,,,,,,0,,0,0,0,0,0,1,,,,0,0,0,0,0,0,0,0,0,0,0
451,08월 09일,22:18:00,미현,1호선,신길,수원,F,O,남,,청년,X,X,X,핸드폰,,,1,0.0,0,0,1,0,0,2,핸드폰,,,1,0,0,0,0,0,0,0,0,0,0
452,08월 09일,22:20:00,미현,1호선,신길,수원,F,O,여,,청소년,X,X,X,핸드폰,,,1,1.0,0,0,0,0,1,2,핸드폰,,,1,0,0,0,0,0,0,0,0,0,0
453,08월 09일,22:40:00,미현,1호선,금정,수원,N,O,비었음,6.0,,,,,,,,0,,0,0,0,0,0,1,,,,0,0,0,0,0,0,0,0,0,0,0
454,08월 09일,21:50:00,재민,5호선,공덕,왕십리,E,O,비었음,11.0,,,,,,,,0,,0,0,0,0,0,0,,,,0,0,0,0,0,0,0,0,0,0,0
455,08월 09일,21:50:00,재민,5호선,공덕,동대문역사문화공원,E,O,비었음,7.0,,,,,,,,0,,0,0,0,0,0,0,,,,0,0,0,0,0,0,0,0,0,0,0
456,08월 09일,22:03:00,재민,5호선,공덕,왕십리,N,O,여,,중년,X,X,X,핸드폰,,백팩,1,1.0,0,1,0,0,0,1,핸드폰,,,1,0,0,0,0,0,0,0,0,0,0
457,08월 09일,22:06:00,재민,5호선,신금호,왕십리,N,O,비었음,2.0,,,,,,,,0,,0,0,0,0,0,1,,,,0,0,0,0,0,0,0,0,0,0,0
458,08월 09일,22:15:00,재민,분당선,왕십리,강남구청,E,O,비었음,3.0,,,,,,,,0,,0,0,0,0,0,0,,,,0,0,0,0,0,0,0,0,0,0,0
459,08월 09일,22:15:00,재민,분당선,왕십리,압구정로데오,E,O,비었음,2.0,,,,,,,,0,,0,0,0,0,0,0,,,,0,0,0,0,0,0,0,0,0,0,0
460,08월 09일,22:25:00,재민,분당선,왕십리,야탑,N,O,여,,노년,X,X,X,멍,,"백팩, 에코백",1,1.0,1,0,0,0,0,1,멍,,,0,1,0,0,0,0,0,0,0,0,0
461,08월 09일,22:27:00,재민,분당선,왕십리,야탑,N,O,여,,청년,X,X,X,"핸드폰, 이어폰",,,1,1.0,0,0,1,0,0,1,핸드폰,이어폰,,1,0,0,1,0,0,0,0,0,0,0
462,08월 09일,22:34:00,재민,분당선,왕십리,야탑,F,X,남,,청년,X,X,X,"핸드폰, 이어폰",,백팩,1,0.0,0,0,1,0,0,2,핸드폰,이어폰,,1,0,0,1,0,0,0,0,0,0,0
463,08월 09일,22:44:00,재민,분당선,왕십리,야탑,F,X,남,,중년,X,X,X,"잠, 이어폰",,,1,0.0,0,1,0,0,0,2,잠,이어폰,,0,0,1,1,0,0,0,0,0,0,0
464,08월 09일,19:05:00,보민,5호선,공덕,여의도,N,O,여,,청년,X,X,X,대화,,토드백,1,1.0,0,0,1,0,0,1,대화,,,0,0,0,0,1,0,0,0,0,0,0
465,08월 09일,19:05:00,보민,5호선,공덕,여의도,N,O,여,,중년,X,X,X,핸드폰,,크로스백,1,1.0,0,1,0,0,0,1,핸드폰,,,1,0,0,0,0,0,0,0,0,0,0
466,08월 09일,19:18:00,보민,9호선,여의도,샛강,N,X,비었음,1.0,,,,,,,,0,,0,0,0,0,0,1,,,,0,0,0,0,0,0,0,0,0,0,0
467,08월 09일,19:18:00,보민,9호선,여의도,노량진,N,X,여,,청년,X,X,X,핸드폰,,보스턴백,1,1.0,0,0,1,0,0,1,핸드폰,,,1,0,0,0,0,0,0,0,0,0,0
468,08월 09일,19:20:00,보민,9호선,샛강,노량진,N,X,여,,중년,X,X,X,핸드폰,,크로스백,1,1.0,0,1,0,0,0,1,핸드폰,,,1,0,0,0,0,0,0,0,0,0,0
469,08월 09일,19:26:00,보민,9호선,노량진,노들,E,X,여,,청년,X,X,X,핸드폰,"옆자리가 비었는데 임산부석 앉음, 한정거장 가서 내림",,1,1.0,0,0,1,0,0,0,핸드폰,,,1,0,0,0,0,0,0,0,0,0,0
470,08월 09일,19:24:00,보민,9호선,노량진,흑석,N,X,비었음,2.0,,,,,,,,0,,0,0,0,0,0,1,,,,0,0,0,0,0,0,0,0,0,0,0
471,08월 09일,19:28:00,보민,9호선,노들,흑석,N,X,비었음,1.0,,,,,,,,0,,0,0,0,0,0,1,,,,0,0,0,0,0,0,0,0,0,0,0
472,08월 09일,19:31:00,보민,9호선,흑석,고속터미널,F,X,여,,중년,X,X,X,멍,,비닐봉지,1,1.0,0,1,0,0,0,2,멍,,,0,1,0,0,0,0,0,0,0,0,0
473,08월 09일,19:31:00,보민,9호선,흑석,동작,F,X,남,,노년,X,X,X,멍,앉을까 말까 고민하다가 눈치보고 앉음,,1,0.0,1,0,0,0,0,2,멍,,,0,1,0,0,0,0,0,0,0,0,0
474,08월 09일,19:35:00,보민,9호선,동작,고속터미널,F,X,여,,노년,X,X,X,멍,,크로스백,1,1.0,1,0,0,0,0,2,멍,,,0,1,0,0,0,0,0,0,0,0,0
475,08월 09일,19:55:00,보민,7호선,고속터미널,학동,F,X,비었음,3.0,,,,,,,,0,,0,0,0,0,0,2,,,,0,0,0,0,0,0,0,0,0,0,0
476,08월 09일,19:55:00,보민,7호선,고속터미널,상봉,F,X,남,,청년,X,X,X,핸드폰,"짧은머리, 환자같음",크로스백,1,0.0,0,0,1,0,0,2,핸드폰,,,1,0,0,0,0,0,0,0,0,0,0
477,08월 09일,20:00:00,보민,7호선,학동,태릉입구,F,O,여,,청년,X,X,O,통화,,큰 쇼핑백,1,1.0,0,0,1,0,0,2,통화,,,0,0,0,0,0,1,0,0,0,0,0
478,08월 09일,20:22:00,보민,7호선,상봉,먹골,N,O,여,,노년,X,X,X,대화,남편과 같이 앉음,,1,1.0,1,0,0,0,0,1,대화,,,0,0,0,0,1,0,0,0,0,0,0
479,08월 09일,20:26:00,보민,7호선,먹골,태릉입구,E,O,비었음,1.0,,,,,,,,0,,0,0,0,0,0,0,,,,0,0,0,0,0,0,0,0,0,0,0
480,08월 09일,08:36:00,단비,7호선,신중동,까치울,N,X,비었음,3.0,,,,,,,,0,,0,0,0,0,0,1,,,,0,0,0,0,0,0,0,0,0,0,0
481,08월 09일,08:36:00,단비,7호선,신중동,온수,N,X,여,,노년,X,X,,핸드폰,,보스턴백,1,1.0,1,0,0,0,0,1,핸드폰,,,1,0,0,0,0,0,0,0,0,0,0
482,08월 09일,08:40:00,단비,7호선,신중동,온수,N,X,남,,청년,X,X,,핸드폰,,없음,1,0.0,0,0,1,0,0,1,핸드폰,,,1,0,0,0,0,0,0,0,0,0,0
483,08월 09일,08:40:00,단비,7호선,부천종합운동장,온수,N,X,비었음,,,,,,,,,0,,0,0,0,0,0,1,,,,0,0,0,0,0,0,0,0,0,0,0
484,08월 09일,08:48:00,단비,1호선,온수,신길,N,X,여,,청년,X,X,,잠,,백팩,1,1.0,0,0,1,0,0,1,잠,,,0,0,1,0,0,0,0,0,0,0,0
485,08월 09일,08:48:00,단비,1호선,온수,신길,N,X,여,,중년,X,X,,핸드폰,,보스턴백,1,1.0,0,1,0,0,0,1,핸드폰,,,1,0,0,0,0,0,0,0,0,0,0
486,08월 09일,09:11:00,단비,5호선,신길,공덕,N,X,여,,청년,X,X,,핸드폰,,에코백,1,1.0,0,0,1,0,0,1,핸드폰,,,1,0,0,0,0,0,0,0,0,0,0
487,08월 09일,09:11:00,단비,5호선,신길,공덕,N,X,여,,노년,X,X,,멍,,크로스백,1,1.0,1,0,0,0,0,1,멍,,,0,1,0,0,0,0,0,0,0,0,0
488,08월 09일,09:12:00,단비,5호선,신길,공덕,N,X,여,,노년,X,X,,핸드폰,,백팩,1,1.0,1,0,0,0,0,1,핸드폰,,,1,0,0,0,0,0,0,0,0,0,0
489,08월 09일,09:12:00,단비,5호선,신길,공덕,N,X,여,,청년,X,?,,핸드폰,,없음,1,1.0,0,0,1,0,0,1,핸드폰,,,1,0,0,0,0,0,0,0,0,0,0
490,08월 09일,19:00:00,단비,5호선,공덕,신길,E,O,여,,청년,X,X,,대화,,크로스백,1,1.0,0,0,1,0,0,0,대화,,,0,0,0,0,1,0,0,0,0,0,0
491,08월 09일,19:00:00,단비,5호선,공덕,여의도,E,O,비었음,3.0,,,,,,,,0,,0,0,0,0,0,0,,,,0,0,0,0,0,0,0,0,0,0,0
492,08월 09일,19:05:00,단비,5호선,공덕,신길,E,O,여,,청년,X,X,,핸드폰,,"보스턴백, 봉지(소)",1,1.0,0,0,1,0,0,0,핸드폰,,,1,0,0,0,0,0,0,0,0,0,0
493,08월 09일,19:16:00,단비,1호선,신길,온수,N,X,여,,청년,X,X,,멍,,보스턴백,1,1.0,0,0,1,0,0,1,멍,,,0,1,0,0,0,0,0,0,0,0,0
494,08월 09일,19:16:00,단비,1호선,신길,온수,N,X,여,,청년,X,X,,멍,,크로스백,1,1.0,0,0,1,0,0,1,멍,,,0,1,0,0,0,0,0,0,0,0,0
495,08월 09일,19:18:00,단비,1호선,신길,온수,N,X,여,,중년,X,X,,핸드폰,,보스턴백,1,1.0,0,1,0,0,0,1,핸드폰,,,1,0,0,0,0,0,0,0,0,0,0
496,08월 09일,19:19:00,단비,1호선,영등포,신도림,N,X,비었음,1.0,,,,,,,,0,,0,0,0,0,0,1,,,,0,0,0,0,0,0,0,0,0,0,0
497,08월 09일,19:21:00,단비,1호선,신길,온수,N,X,여,,노년,X,X,,핸드폰,,크로스백,1,1.0,1,0,0,0,0,1,핸드폰,,,1,0,0,0,0,0,0,0,0,0,0
498,08월 09일,19:40:00,단비,7호선,온수,신중동,N,X,여,,청년,X,X,,핸드폰,,크로스백,1,1.0,0,0,1,0,0,1,핸드폰,,,1,0,0,0,0,0,0,0,0,0,0
499,08월 09일,19:40:00,단비,7호선,온수,신중동,N,X,여,,중년,X,X,,핸드폰,,크로스백,1,1.0,0,1,0,0,0,1,핸드폰,,,1,0,0,0,0,0,0,0,0,0,0
500,08월 09일,19:42:00,단비,7호선,까치울,신중동,N,X,비었음,3.0,,,,,,,,0,,0,0,0,0,0,1,,,,0,0,0,0,0,0,0,0,0,0,0
501,08월 09일,19:46:00,단비,7호선,춘의,신중동,N,X,비었음,1.0,,,,,,,,0,,0,0,0,0,0,1,,,,0,0,0,0,0,0,0,0,0,0,0
502,08월 10일,15:07:00,단비,7호선,신중동,대림,E,X,여,,중년,X,X,,핸드폰,,보스턴백,1,1.0,0,1,0,0,0,0,핸드폰,,,1,0,0,0,0,0,0,0,0,0,0
503,08월 10일,15:07:00,단비,7호선,신중동,대림,E,X,여,,청년,X,X,,핸드폰,,에코백,1,1.0,0,0,1,0,0,0,핸드폰,,,1,0,0,0,0,0,0,0,0,0,0
504,08월 10일,15:16:00,단비,7호선,신중동,대림,E,X,여,,중년,X,X,,멍,,에코백,1,1.0,0,1,0,0,0,0,멍,,,0,1,0,0,0,0,0,0,0,0,0
505,08월 10일,22:49:00,단비,7호선,대림,신중동,E,O,남,,노년,X,X,,대화,,,1,0.0,1,0,0,0,0,0,대화,,,0,0,0,0,1,0,0,0,0,0,0
506,08월 10일,22:49:00,단비,7호선,대림,신중동,E,O,여,,청년,X,X,,핸드폰,,웨이스트백,1,1.0,0,0,1,0,0,0,핸드폰,,,1,0,0,0,0,0,0,0,0,0,0
507,08월 10일,22:52:00,단비,7호선,가산디지털단지,철산,E,O,비었음,1.0,,,,,,,,0,,0,0,0,0,0,0,,,,0,0,0,0,0,0,0,0,0,0,0
508,08월 10일,22:52:00,단비,7호선,대림,신중동,E,O,남,,노년,X,X,,멍,,,1,0.0,1,0,0,0,0,0,멍,,,0,1,0,0,0,0,0,0,0,0,0
509,08월 10일,23:02:00,단비,7호선,온수,신중동,E,O,여,,중년,X,X,,대화,,크로스백,1,1.0,0,1,0,0,0,0,대화,,,0,0,0,0,1,0,0,0,0,0,0
510,08월 11일,10:51:00,재민,분당선,야탑,왕십리,F,O,남,,청년,X,X,X,핸드폰,,,1,0.0,0,0,1,0,0,2,핸드폰,,,1,0,0,0,0,0,0,0,0,0,0
511,08월 11일,10:51:00,재민,분당선,야탑,왕십리,F,O,여,,청년,X,X,X,핸드폰,,,1,1.0,0,0,1,0,0,2,핸드폰,,,1,0,0,0,0,0,0,0,0,0,0
512,08월 11일,10:59:00,재민,분당선,복정,수서,N,O,비었음,1.0,,,,,,,,0,,0,0,0,0,0,1,,,,0,0,0,0,0,0,0,0,0,0,0
513,08월 11일,10:59:00,재민,분당선,복정,수서,N,O,비었음,1.0,,,,,,,,0,,0,0,0,0,0,1,,,,0,0,0,0,0,0,0,0,0,0,0
514,08월 11일,11:04:00,재민,분당선,야탑,왕십리,N,O,여,,중년,X,X,X,핸드폰,,,1,1.0,0,1,0,0,0,1,핸드폰,,,1,0,0,0,0,0,0,0,0,0,0
515,08월 11일,11:04:00,재민,분당선,야탑,왕십리,N,O,여,,어린이,X,X,X,대화,"보호자가 앞에 서 있음, 일반석 나니 옮김",,1,1.0,0,0,0,1,0,1,대화,,,0,0,0,0,1,0,0,0,0,0,0
516,08월 11일,11:20:00,재민,분당선,강남구청,왕십리,E,O,비었음,3.0,,,,,,,,0,,0,0,0,0,0,0,,,,0,0,0,0,0,0,0,0,0,0,0
517,08월 11일,11:23:00,재민,분당선,압구정로데오,왕십리,E,O,비었음,2.0,,,,,,,,0,,0,0,0,0,0,0,,,,0,0,0,0,0,0,0,0,0,0,0
518,08월 11일,11:37:00,재민,5호선,왕십리,마포,E,O,여,,노년,X,X,X,잠,,,1,1.0,1,0,0,0,0,0,잠,,,0,0,1,0,0,0,0,0,0,0,0
519,08월 11일,11:37:00,재민,5호선,왕십리,마포,E,O,여,,중년,X,X,,핸드폰,,백팩,1,1.0,0,1,0,0,0,0,핸드폰,,,1,0,0,0,0,0,0,0,0,0,0
520,08월 11일,11:46:00,재민,5호선,을지로4가,마포,E,O,비었음,7.0,,,,,,,,0,,0,0,0,0,0,0,,,,0,0,0,0,0,0,0,0,0,0,0
521,08월 11일,11:48:00,재민,5호선,종로3가,마포,E,O,비었음,6.0,,,,,,,,0,,0,0,0,0,0,0,,,,0,0,0,0,0,0,0,0,0,0,0
522,08월 11일,19:42:00,재민,5호선,마포,왕십리,E,O,비었음,12.0,,,,,,,,0,,0,0,0,0,0,0,,,,0,0,0,0,0,0,0,0,0,0,0
523,08월 11일,19:42:00,재민,5호선,마포,왕십리,E,O,비었음,12.0,,,,,,,,0,,0,0,0,0,0,0,,,,0,0,0,0,0,0,0,0,0,0,0
524,08월 11일,20:12:00,재민,분당선,왕십리,강남구청,E,O,비었음,3.0,,,,,,,,0,,0,0,0,0,0,0,,,,0,0,0,0,0,0,0,0,0,0,0
525,08월 11일,20:12:00,재민,분당선,왕십리,야탑,E,O,여,,중년,X,X,X,잠,,,1,1.0,0,1,0,0,0,0,잠,,,0,0,1,0,0,0,0,0,0,0,0
526,08월 11일,20:20:00,재민,분당선,왕십리,야탑,E,O,여,,노년,X,X,X,통화,,,1,1.0,1,0,0,0,0,0,통화,,,0,0,0,0,0,1,0,0,0,0,0
527,08월 11일,20:31:00,재민,분당선,대모산입구,수서,E,O,비었음,1.0,,,,,,,,0,,0,0,0,0,0,0,,,,0,0,0,0,0,0,0,0,0,0,0
528,08월 11일,20:36:00,재민,분당선,왕십리,야탑,N,X,여,,중년,X,X,X,대화,앉을까 말까 고민하고 있는데 일행이 앉힘,,1,1.0,0,1,0,0,0,1,대화,,,0,0,0,0,1,0,0,0,0,0,0
529,08월 12일,08:00:00,한솔,1호선,병점,수원,E,O,비었음,2.0,,,,,,,,0,,0,0,0,0,0,0,,,,0,0,0,0,0,0,0,0,0,0,0
530,08월 12일,08:00:00,한솔,1호선,병점,신길,E,O,여,,중년,X,X,X,핸드폰,빈자리가 많았음에도 불구하고 굳이 임산부석 착석,,1,1.0,0,1,0,0,0,0,핸드폰,,,1,0,0,0,0,0,0,0,0,0,0
531,08월 12일,08:12:00,한솔,1호선,수원 ,병점,E,O,여,,중년,X,X,X,핸드폰,,,1,1.0,0,1,0,0,0,0,핸드폰,,,1,0,0,0,0,0,0,0,0,0,0
532,08월 12일,08:12:00,한솔,1호선,수원,병점,E,O,비었음,2.0,,,,,,,,0,,0,0,0,0,0,0,,,,0,0,0,0,0,0,0,0,0,0,0
533,08월 12일,08:44:00,미현,1호선,수원,신길,E,O,여,,청년,O,O,X,핸드폰,,"핸드백, 장대우산",1,1.0,0,0,1,0,0,0,핸드폰,,,1,0,0,0,0,0,0,0,0,0,0
534,08월 12일,08:44:00,미현,1호선,수원,화서,E,O,비었음,1.0,,,,,,,,0,,0,0,0,0,0,0,,,,0,0,0,0,0,0,0,0,0,0,0
535,08월 12일,08:44:00,미현,1호선,수원,신길,E,O,여,,중년,X,X,X,멍,,"핸드백, 우산(중), 미니쇼핑백",1,1.0,0,1,0,0,0,0,멍,,,0,1,0,0,0,0,0,0,0,0,0
536,08월 12일,09:02:00,미현,1호선,수원,신길,N,X,여,,청년,X,X,X,핸드폰,,"장대우산, 크로스백",1,1.0,0,0,1,0,0,1,핸드폰,,,1,0,0,0,0,0,0,0,0,0,0
537,08월 12일,09:27:00,미현,1호선,수원,신길,N,X,여,,중년,X,X,O,핸드폰,,20인치 캐리어,1,1.0,0,1,0,0,0,1,핸드폰,,,1,0,0,0,0,0,0,0,0,0,0
538,08월 12일,09:44:00,미현,5호선,신길,공덕,F,X,여,,중년,X,X,X,핸드폰,,"핸드백, 3단 우산",1,1.0,0,1,0,0,0,2,핸드폰,,,1,0,0,0,0,0,0,0,0,0,0
539,08월 12일,09:44:00,미현,5호선,신길,공덕,F,X,여,,중년,X,X,X,핸드폰,,핸드백,1,1.0,0,1,0,0,0,2,핸드폰,,,1,0,0,0,0,0,0,0,0,0,0
540,08월 12일,09:45:00,미현,5호선,여의도,공덕,F,X,비었음,3.0,,,,,,,,0,,0,0,0,0,0,2,,,,0,0,0,0,0,0,0,0,0,0,0
541,08월 12일,18:15:00,한솔,5호선,공덕,신길,F,X,여,,중년,X,X,,핸드폰,,핸드백,1,1.0,0,1,0,0,0,2,핸드폰,,,1,0,0,0,0,0,0,0,0,0,0
542,08월 12일,18:15:00,한솔,5호선,공덕,신길,F,X,여,,중년,X,X,,핸드폰,,핸드백,1,1.0,0,1,0,0,0,2,핸드폰,,,1,0,0,0,0,0,0,0,0,0,0
543,08월 12일,18:56:00,한솔,1호선,신길,병점,F,O,남,,노년,X,X,X,멍,,,1,0.0,1,0,0,0,0,2,멍,,,0,1,0,0,0,0,0,0,0,0,0
544,08월 12일,18:57:00,한솔,1호선,명학,성균관대,F,O,비었음,5.0,,,,,,,,0,,0,0,0,0,0,2,,,,0,0,0,0,0,0,0,0,0,0,0
545,08월 12일,19:05:00,한솔,1호선,금정,성균관대,N,O,비었음,4.0,,,,,,,,0,,0,0,0,0,0,1,,,,0,0,0,0,0,0,0,0,0,0,0
546,08월 12일,19:10:00,한솔,1호선,신길,병점,E,O,여,,중년,X,X,,대화,핸드백,,1,1.0,0,1,0,0,0,0,대화,,,0,0,0,0,1,0,0,0,0,0,0
547,08월 12일,19:10:00,한솔,1호선,신길,병점,E,O,남,,어린이,X,X,X,"핸드폰, 대화",,,1,0.0,0,0,0,1,0,0,핸드폰,대화,,1,0,0,0,1,0,0,0,0,0,0
548,08월 12일,21:15:00,미현,5호선,공덕,신길,F,O,여,,청년,O,O,X,핸드폰,,핸드백,1,1.0,0,0,1,0,0,2,핸드폰,,,1,0,0,0,0,0,0,0,0,0,0
549,08월 12일,21:15:00,미현,5호선,공덕,신길,F,O,비었음,4.0,,,,,,,,0,,0,0,0,0,0,2,,,,0,0,0,0,0,0,0,0,0,0,0
550,08월 12일,21:33:00,미현,1호선,신길,수원,F,X,여,,중년,X,X,X,핸드폰,,핸드백,1,1.0,0,1,0,0,0,2,핸드폰,,,1,0,0,0,0,0,0,0,0,0,0
551,08월 12일,21:33:00,미현,1호선,신길,수원,F,X,여,,중년,X,X,X,잠,,"핸드백, 장대우산",1,1.0,0,1,0,0,0,2,잠,,,0,0,1,0,0,0,0,0,0,0,0
552,08월 12일,21:45:00,미현,1호선,신길,수원,F,X,여,,청년,X,X,X,통화,,"에코백, 2단 우산",1,1.0,0,0,1,0,0,2,통화,,,0,0,0,0,0,1,0,0,0,0,0
553,08월 12일,21:45:00,미현,1호선,가산디지털단지,금정,F,X,비었음,7.0,,,,,,,,0,,0,0,0,0,0,2,,,,0,0,0,0,0,0,0,0,0,0,0
554,08월 12일,22:05:00,미현,1호선,신길,수원,N,O,여,,중년,X,X,X,핸드폰,옆 자리에 앉아 있다가 임산부석으로 옮김,"백팩, 얼굴 크기의 비닐 봉지",1,1.0,0,1,0,0,0,1,핸드폰,,,1,0,0,0,0,0,0,0,0,0,0
555,08월 12일,22:17:00,미현,1호선,성균관대역,수원,E,O,비었음,2.0,,,,,,,,0,,0,0,0,0,0,0,,,,0,0,0,0,0,0,0,0,0,0,0
556,08월 12일,21:17:00,미현,1호선,성균관대역,수원,E,O,비었음,2.0,,,,,,,,0,,0,0,0,0,0,0,,,,0,0,0,0,0,0,0,0,0,0,0
557,08월 12일,08:47:00,재민,분당선,야탑,복정,F,X,비었음,,,,,,,,,0,,0,0,0,0,0,2,,,,0,0,0,0,0,0,0,0,0,0,0
558,08월 12일,08:47:00,재민,분당선,야탑,왕십리,F,X,여,,청년,X,O,,핸드폰,,"핸드백, 에코백, 장우산",1,1.0,0,0,1,0,0,2,핸드폰,,,1,0,0,0,0,0,0,0,0,0,0
559,08월 12일,08:57:00,재민,분당선,야탑,왕십리,F,X,여,,청년,X,X,,화장,,"크로스백, 쇼핑백(소), 단우산",1,1.0,0,0,1,0,0,2,화장,,,0,0,0,0,0,0,0,1,0,0,0
560,08월 12일,08:57:00,재민,분당선,복정,강남구청,F,X,비었음,9.0,,,,,,,,0,,0,0,0,0,0,2,,,,0,0,0,0,0,0,0,0,0,0,0
561,08월 12일,09:17:00,재민,분당선,야탑,왕십리,E,O,여,,중년,X,X,X,멍,,,1,1.0,0,1,0,0,0,0,멍,,,0,1,0,0,0,0,0,0,0,0,0
562,08월 12일,09:17:00,재민,분당선,강남구청,왕십리,E,O,비었음,3.0,,,,,,,,0,,0,0,0,0,0,0,,,,0,0,0,0,0,0,0,0,0,0,0
563,08월 12일,09:19:00,재민,분당선,압구정로데오,왕십리,E,O,비었음,2.0,,,,,,,,0,,0,0,0,0,0,0,,,,0,0,0,0,0,0,0,0,0,0,0
564,08월 12일,09:36:00,재민,5호선,왕십리,공덕,F,X,여,,청년,X,X,X,핸드폰,임산부가 탔는데 안 비켜줘서 그 옆자리 분이 비켜줌,,1,1.0,0,0,1,0,0,2,핸드폰,,,1,0,0,0,0,0,0,0,0,0,0
565,08월 12일,09:36:00,재민,5호선,왕십리,공덕,F,X,여,,청년,X,X,X,잠,,,1,1.0,0,0,1,0,0,2,잠,,,0,0,1,0,0,0,0,0,0,0,0
566,08월 12일,09:45:00,재민,5호선,을지로4가,종로3가,N,O,비었음,1.0,,,,,,,,0,,0,0,0,0,0,1,,,,0,0,0,0,0,0,0,0,0,0,0
567,08월 12일,09:48:00,재민,5호선,왕십리,공덕,N,O,남,,청소년,X,X,,핸드폰,,"백팩, 장우산",1,0.0,0,0,0,0,1,1,핸드폰,,,1,0,0,0,0,0,0,0,0,0,0
568,08월 12일,09:51:00,재민,5호선,서대문,공덕,N,O,비었음,3.0,,,,,,,,0,,0,0,0,0,0,1,,,,0,0,0,0,0,0,0,0,0,0,0
569,08월 12일,21:19:00,재민,5호선,공덕,왕십리,E,O,비었음,11.0,,,,,,,,0,,0,0,0,0,0,0,,,,0,0,0,0,0,0,0,0,0,0,0
570,08월 12일,21:19:00,재민,5호선,공덕,충정로,E,O,비었음,2.0,,,,,,,,0,,0,0,0,0,0,0,,,,0,0,0,0,0,0,0,0,0,0,0
571,08월 12일,21:22:00,재민,5호선,공덕,왕십리,E,O,여,,청년,X,X,X,핸드폰,,,1,1.0,0,0,1,0,0,0,핸드폰,,,1,0,0,0,0,0,0,0,0,0,0
572,08월 12일,21:44:00,재민,분당선,왕십리,선릉,E,O,비었음,5.0,,,,,,,,0,,0,0,0,0,0,0,,,,0,0,0,0,0,0,0,0,0,0,0
573,08월 12일,21:44:00,재민,분당선,왕십리,선정릉,E,O,비었음,4.0,,,,,,,,0,,0,0,0,0,0,0,,,,0,0,0,0,0,0,0,0,0,0,0
574,08월 12일,21:57:00,재민,분당선,왕십리,야탑,N,O,여,,중년,X,X,X,대화,,,1,1.0,0,1,0,0,0,1,대화,,,0,0,0,0,1,0,0,0,0,0,0
575,08월 12일,21:59:00,재민,분당선,왕십리,야탑,F,O,여,,청년,X,X,X,핸드폰,,,1,1.0,0,0,1,0,0,2,핸드폰,,,1,0,0,0,0,0,0,0,0,0,0
576,08월 12일,22:11:00,재민,분당선,왕십리,야탑,F,O,여,,청년,X,X,,"핸드폰, 이어폰",,메신저백,1,1.0,0,0,1,0,0,2,핸드폰,이어폰,,1,0,0,1,0,0,0,0,0,0,0
577,08월 12일,22:20:00,재민,분당선,왕십리,야탑,F,O,남,,중년,X,X,,핸드폰,,"크로스백, 장우산",1,0.0,0,1,0,0,0,2,핸드폰,,,1,0,0,0,0,0,0,0,0,0,0
578,08월 12일,21:24:00,보민,6호선,공덕,동묘앞,E,O,비었음,10.0,,,,,,,,0,,0,0,0,0,0,0,,,,0,0,0,0,0,0,0,0,0,0,0
579,08월 12일,21:25:00,보민,6호선,공덕,동묘앞,E,O,여,,청년,O,O,X,핸드폰,,핸드백,1,1.0,0,0,1,0,0,0,핸드폰,,,1,0,0,0,0,0,0,0,0,0,0
580,08월 12일,21:42:00,보민,6호선,동묘앞,화랑대,N,X,여,,중년,X,X,X,멍,,작은백팩,1,1.0,0,1,0,0,0,1,멍,,,0,1,0,0,0,0,0,0,0,0,0
581,08월 12일,21:42:00,보민,6호선,동묘앞,돌곶이,N,X,남,,노년,X,X,X,멍,,장우산,1,0.0,1,0,0,0,0,1,멍,,,0,1,0,0,0,0,0,0,0,0,0
582,08월 12일,21:56:00,보민,6호선,돌곶이,화랑대,N,O,비었음,3.0,,,,,,,,0,,0,0,0,0,0,1,,,,0,0,0,0,0,0,0,0,0,0,0
583,08월 12일,08:36:00,단비,7호선,신중동,온수,N,X,여,,청년,X,X,X,핸드폰,,에코백,1,1.0,0,0,1,0,0,1,핸드폰,,,1,0,0,0,0,0,0,0,0,0,0
584,08월 12일,08:36:00,단비,7호선,신중동,온수,N,X,남,,청년,X,X,X,잠,,에코백,1,0.0,0,0,1,0,0,1,잠,,,0,0,1,0,0,0,0,0,0,0,0
585,08월 12일,08:49:00,단비,1호선,온수,신길,N,X,여,,청년,X,X,X,핸드폰,,보스턴백,1,1.0,0,0,1,0,0,1,핸드폰,,,1,0,0,0,0,0,0,0,0,0,0
586,08월 12일,08:49:00,단비,1호선,온수,개봉,N,X,비었음,2.0,,,,,,,,0,,0,0,0,0,0,1,,,,0,0,0,0,0,0,0,0,0,0,0
587,08월 12일,08:54:00,단비,1호선,온수,신길,N,X,여,,노년,X,X,X,핸드폰,,크로스백,1,1.0,1,0,0,0,0,1,핸드폰,,,1,0,0,0,0,0,0,0,0,0,0
588,08월 12일,09:14:00,단비,5호선,신길,공덕,N,X,여,,노년,X,X,X,잠,,에코백,1,1.0,1,0,0,0,0,1,잠,,,0,0,1,0,0,0,0,0,0,0,0
589,08월 12일,09:14:00,단비,5호선,신길,공덕,N,X,여,,중년,X,X,O,핸드폰,,"보스턴백, 캐리어",1,1.0,0,1,0,0,0,1,핸드폰,,,1,0,0,0,0,0,0,0,0,0,0
590,08월 12일,18:13:00,단비,5호선,공덕,신길,N,X,여,,청년,X,X,,핸드폰,,보스턴백,1,1.0,0,0,1,0,0,1,핸드폰,,,1,0,0,0,0,0,0,0,0,0,0
591,08월 12일,18:13:00,단비,5호선,공덕,신길,N,X,여,,노년,X,X,,잠,,크로스백,1,1.0,1,0,0,0,0,1,잠,,,0,0,1,0,0,0,0,0,0,0,0
592,08월 12일,18:34:00,단비,1호선,신길,온수,F,X,여,,청년,X,X,,핸드폰,,크로스백,1,1.0,0,0,1,0,0,2,핸드폰,,,1,0,0,0,0,0,0,0,0,0,0
593,08월 12일,18:34:00,단비,1호선,신길,온수,F,X,여,,중년,X,X,,핸드폰,,보스턴백,1,1.0,0,1,0,0,0,2,핸드폰,,,1,0,0,0,0,0,0,0,0,0,0
594,08월 12일,19:00:00,단비,7호선,온수,신중동,F,X,여,,중년,X,X,,핸드폰,,크로스백,1,1.0,0,1,0,0,0,2,핸드폰,,,1,0,0,0,0,0,0,0,0,0,0
595,08월 12일,19:00:00,단비,7호선,온수,신중동,F,X,여,,청년,X,X,,잠,,봉지 (소),1,1.0,0,0,1,0,0,2,잠,,,0,0,1,0,0,0,0,0,0,0,0
596,08월 13일,08:00:00,한솔,1호선,병점,신길,N,O,남,,청년,X,X,,"이어폰, 잠",텅텅 빈 시작역부터 임산부석에 앉아서 옴,백팩,1,0.0,0,0,1,0,0,1,이어폰,잠,,0,0,1,1,0,0,0,0,0,0,0
597,08월 13일,08:00:00,한솔,1호선,병점,신길,N,O,여,,노년,X,X,,잠,,백팩,1,1.0,1,0,0,0,0,1,잠,,,0,0,1,0,0,0,0,0,0,0,0
598,08월 13일,08:21:00,한솔,1호선,병점,신길,F,X,남,,중년,X,X,X,"이어폰, 잠",앞에 임산부 있는데도 자서 옆사람이 자리내줌.......,,1,0.0,0,1,0,0,0,2,이어폰,잠,,0,0,1,1,0,0,0,0,0,0,0
599,08월 13일,08:24:00,미현,1호선,수원,신길,F,X,남,,중년,X,X,X,핸드폰,,노트북 가방,1,0.0,0,1,0,0,0,2,핸드폰,,,1,0,0,0,0,0,0,0,0,0,0
600,08월 13일,08:24:00,미현,1호선,수원,신길,F,X,여,,중년,X,X,X,핸드폰,,핸드백,1,1.0,0,1,0,0,0,2,핸드폰,,,1,0,0,0,0,0,0,0,0,0,0
601,08월 13일,08:28:00,한솔,1호선,병점,신길,F,X,여,,청년,X,X,,핸드폰,,"핸드백, 에코백",1,1.0,0,0,1,0,0,2,핸드폰,,,1,0,0,0,0,0,0,0,0,0,0
602,08월 13일,08:32:00,미현,1호선,수원,신길,F,X,여,,노년,X,X,X,잠,,핸드백,1,1.0,1,0,0,0,0,2,잠,,,0,0,1,0,0,0,0,0,0,0,0
603,08월 13일,08:46:00,한솔,1호선,독산,가산디지털단지,F,X,비었음,1.0,,,,,,,,0,,0,0,0,0,0,2,,,,0,0,0,0,0,0,0,0,0,0,0
604,08월 13일,08:49:00,한솔,1호선,병점,신길,F,X,여,,청년,X,X,X,"핸드폰, 이어폰",,,1,1.0,0,0,1,0,0,2,핸드폰,이어폰,,1,0,0,1,0,0,0,0,0,0,0
605,08월 13일,08:59:00,미현,1호선,수원,신길,F,X,남,,중년,X,X,X,핸드폰,,이마트 장바구니,1,0.0,0,1,0,0,0,2,핸드폰,,,1,0,0,0,0,0,0,0,0,0,0
606,08월 13일,08:59:00,미현,1호선,수원,신길,F,X,여,,중년,X,X,X,잠,,핸드백,1,1.0,0,1,0,0,0,2,잠,,,0,0,1,0,0,0,0,0,0,0,0
607,08월 13일,09:11:00,한솔,5호선,신길,공덕,F,X,여,,중년,X,X,X,"핸드폰, 이어폰",,,1,1.0,0,1,0,0,0,2,핸드폰,이어폰,,1,0,0,1,0,0,0,0,0,0,0
608,08월 13일,09:12:00,한솔,5호선,신길,공덕,F,X,여,,중년,X,X,,"핸드폰, 이어폰",,백팩,1,1.0,0,1,0,0,0,2,핸드폰,이어폰,,1,0,0,1,0,0,0,0,0,0,0
609,08월 13일,09:10:00,미현,5호선,신길,공덕,F,X,여,,중년,X,X,X,멍,,핸드백,1,1.0,0,1,0,0,0,2,멍,,,0,1,0,0,0,0,0,0,0,0,0
610,08월 13일,09:10:00,미현,5호선,신길,공덕,F,X,남,,중년,X,X,X,멍,,크로스백,1,0.0,0,1,0,0,0,2,멍,,,0,1,0,0,0,0,0,0,0,0,0
611,08월 13일,09:18:00,한솔,5호선,마포,공덕,F,X,비었음,1.0,,,,,,,,0,,0,0,0,0,0,2,,,,0,0,0,0,0,0,0,0,0,0,0
612,08월 13일,08:42:00,재민,분당선,야탑,왕십리,F,X,여,,중년,X,X,X,멍,한참 눈치 보다가 앉음,,1,1.0,0,1,0,0,0,2,멍,,,0,1,0,0,0,0,0,0,0,0,0
613,08월 13일,08:42:00,재민,분당선,야탑,왕십리,F,X,여,,청년,X,X,,핸드폰,,쇼핑백(중),1,1.0,0,0,1,0,0,2,핸드폰,,,1,0,0,0,0,0,0,0,0,0,0
614,08월 13일,09:13:00,재민,분당선,강남구청,왕십리,E,O,비었음,3.0,,,,,,,,0,,0,0,0,0,0,0,,,,0,0,0,0,0,0,0,0,0,0,0
615,08월 13일,09:28:00,재민,5호선,왕십리,공덕,N,X,여,,중년,X,X,X,핸드폰,,,1,1.0,0,1,0,0,0,1,핸드폰,,,1,0,0,0,0,0,0,0,0,0,0
616,08월 13일,09:28:00,재민,5호선,왕십리,공덕,N,X,여,,중년,X,X,,멍,,백팩,1,1.0,0,1,0,0,0,1,멍,,,0,1,0,0,0,0,0,0,0,0,0
617,08월 13일,09:40:00,재민,5호선,종로3가,공덕,E,X,비었음,5.0,,,,,,,,0,,0,0,0,0,0,0,,,,0,0,0,0,0,0,0,0,0,0,0
618,08월 13일,09:44:00,재민,5호선,왕십리,공덕,E,O,여,,청년,O,O,X,핸드폰,옆자리에 있다가 임산부석이 비니까 옮김,,1,1.0,0,0,1,0,0,0,핸드폰,,,1,0,0,0,0,0,0,0,0,0,0
619,08월 13일,09:47:00,재민,5호선,왕십리,공덕,E,O,남,,청년,X,X,,대화,,백팩,1,0.0,0,0,1,0,0,0,대화,,,0,0,0,0,1,0,0,0,0,0,0
620,08월 13일,09:01:00,현미,6호선,불광,새절,E,O,비었음,5.0,,,,,,,,0,,0,0,0,0,0,0,,,,0,0,0,0,0,0,0,0,0,0,0
621,08월 13일,09:01:00,현미,6호선,불광,새절,E,O,비었음,5.0,,,,,,,,0,,0,0,0,0,0,0,,,,0,0,0,0,0,0,0,0,0,0,0
622,08월 13일,09:13:00,현미,6호선,새절,마포구청,N,O,여,,청년,X,X,X,핸드폰,,,1,1.0,0,0,1,0,0,1,핸드폰,,,1,0,0,0,0,0,0,0,0,0,0
623,08월 13일,09:13:00,현미,6호선,새절,마포구청,N,O,여,,청년,X,X,X,멍,,,1,1.0,0,0,1,0,0,1,멍,,,0,1,0,0,0,0,0,0,0,0,0
624,08월 13일,09:21:00,현미,6호선,마포구청,공덕,N,O,비었음,6.0,,,,,,,,0,,0,0,0,0,0,1,,,,0,0,0,0,0,0,0,0,0,0,0
625,08월 13일,09:21:00,현미,6호선,마포구청,공덕,N,O,비었음,6.0,,,,,,,,0,,0,0,0,0,0,1,,,,0,0,0,0,0,0,0,0,0,0,0
626,08월 13일,18:56:00,한솔,5호선,공덕,신길,N,O,남,,청년,X,X,X,"이어폰, 핸드폰",,,1,0.0,0,0,1,0,0,1,이어폰,핸드폰,,1,0,0,1,0,0,0,0,0,0,0
627,08월 13일,18:57:00,한솔,5호선,공덕,신길,N,O,여,,청년,X,X,X,핸드폰,,,1,1.0,0,0,1,0,0,1,핸드폰,,,1,0,0,0,0,0,0,0,0,0,0
628,08월 13일,19:13:00,한솔,1호선,신길,병점,N,O,여,,청년,X,X,,핸드폰,,에코백,1,1.0,0,0,1,0,0,1,핸드폰,,,1,0,0,0,0,0,0,0,0,0,0
629,08월 13일,19:25:00,한솔,1호선,신길,병점,F,O,여,,청년,X,X,X,잠,외국인,,1,1.0,0,0,1,0,0,2,잠,,,0,0,1,0,0,0,0,0,0,0,0
630,08월 13일,19:45:00,한솔,1호선,금정,화서,N,O,비었음,5.0,,,,,,,,0,,0,0,0,0,0,1,,,,0,0,0,0,0,0,0,0,0,0,0
631,08월 13일,20:05:00,한솔,1호선,신길,병점,E,O,남,,청년,X,X,,"이어폰, 핸드폰",옆자리 비어있는데도 앉아있음,에코백,1,0.0,0,0,1,0,0,0,이어폰,핸드폰,,1,0,0,1,0,0,0,0,0,0,0
632,08월 13일,20:07:00,한솔,1호선,신길,병점,E,O,여,,청년,X,X,X,"핸드폰, 이어폰",일반자리 앉아있다가 임산부석 비니까 자리 옮김,,1,1.0,0,0,1,0,0,0,핸드폰,이어폰,,1,0,0,1,0,0,0,0,0,0,0
633,08월 13일,20:55:00,미현,5호선,공덕,신길,N,O,비었음,4.0,,,,,,,,0,,0,0,0,0,0,1,,,,0,0,0,0,0,0,0,0,0,0,0
634,08월 13일,20:55:00,미현,5호선,공덕,신길,N,O,비었음,4.0,,,,,,,,0,,0,0,0,0,0,1,,,,0,0,0,0,0,0,0,0,0,0,0
635,08월 13일,21:09:00,미현,1호선,신길,수원,F,X,남,,노년,X,X,X,"핸드폰, 주변 살피기",,,1,0.0,1,0,0,0,0,2,핸드폰,멍,,1,1,0,0,0,0,0,0,0,0,0
636,08월 13일,21:09:00,미현,1호선,신길,신도림,F,X,비었음,2.0,,,,,,,,0,,0,0,0,0,0,2,,,,0,0,0,0,0,0,0,0,0,0,0
637,08월 13일,21:15:00,미현,1호선,신길,수원,F,X,여,,중년,X,X,X,핸드폰,,"핸드백, 커피",1,1.0,0,1,0,0,0,2,핸드폰,,,1,0,0,0,0,0,0,0,0,0,0
638,08월 13일,21:24:00,미현,1호선,신길,수원,F,X,여,,중년,X,X,X,핸드폰,,핸드백,1,1.0,0,1,0,0,0,2,핸드폰,,,1,0,0,0,0,0,0,0,0,0,0
639,08월 13일,21:24:00,미현,1호선,독산,안양,F,X,비었음,4.0,,,,,,,,0,,0,0,0,0,0,2,,,,0,0,0,0,0,0,0,0,0,0,0
640,08월 13일,21:33:00,미현,1호선,관악,안양,F,X,비었음,1.0,,,,,,,,0,,0,0,0,0,0,2,,,,0,0,0,0,0,0,0,0,0,0,0
641,08월 13일,21:36:00,미현,1호선,신길,수원,F,X,여,,청소년,X,X,X,대화,,백팩,1,1.0,0,0,0,0,1,2,대화,,,0,0,0,0,1,0,0,0,0,0,0
642,08월 13일,21:36:00,미현,1호선,신길,수원,F,X,여,,중년,X,X,X,멍,,백팩,1,1.0,0,1,0,0,0,2,멍,,,0,1,0,0,0,0,0,0,0,0,0
643,08월 13일,20:55:00,재민,5호선,공덕,왕십리,E,O,여,,노년,X,X,,잠,,"보스턴백, 비닐봉지(소) 2개",1,1.0,1,0,0,0,0,0,잠,,,0,0,1,0,0,0,0,0,0,0,0
644,08월 13일,20:55:00,재민,5호선,공덕,왕십리,E,O,남,,중년,X,X,,필기,,보스턴백,1,0.0,0,1,0,0,0,0,필기,,,0,0,0,0,0,0,0,0,0,1,0
645,08월 13일,20:59:00,재민,5호선,서대문,행당,N,O,비었음,7.0,,,,,,,,0,,0,0,0,0,0,1,,,,0,0,0,0,0,0,0,0,0,0,0
646,08월 13일,21:04:00,재민,5호선,종로3가,왕십리,N,O,비었음,6.0,,,,,,,,0,,0,0,0,0,0,1,,,,0,0,0,0,0,0,0,0,0,0,0
647,08월 13일,21:15:00,재민,5호선,공덕,왕십리,F,O,여,,노년,X,X,,핸드폰,,"백팩, 크로스백, 에코백",1,1.0,1,0,0,0,0,2,핸드폰,,,1,0,0,0,0,0,0,0,0,0,0
648,08월 13일,21:23:00,재민,분당선,왕십리,선릉,E,O,비었음,5.0,,,,,,,,0,,0,0,0,0,0,0,,,,0,0,0,0,0,0,0,0,0,0,0
649,08월 13일,21:23:00,재민,분당선,왕십리,압구정로데오,E,O,비었음,3.0,,,,,,,,0,,0,0,0,0,0,0,,,,0,0,0,0,0,0,0,0,0,0,0
650,08월 13일,21:29:00,재민,분당선,왕십리,야탑,E,O,남,,노년,X,X,,잠,,비닐봉지(중),1,0.0,1,0,0,0,0,0,잠,,,0,0,1,0,0,0,0,0,0,0,0
651,08월 13일,21:30:00,재민,분당선,왕십리,야탑,N,O,여,,중년,X,X,,핸드폰,,백팩,1,1.0,0,1,0,0,0,1,핸드폰,,,1,0,0,0,0,0,0,0,0,0,0
652,08월 13일,21:34:00,재민,분당선,왕십리,야탑,N,O,남,,중년,X,X,,바람쐬기,,메신저백,1,0.0,0,1,0,0,0,1,바람쐬기,,,0,0,0,0,0,0,0,0,0,0,1
653,08월 13일,20:50:00,현미,6호선,공덕,불광,E,O,비었음,4.0,,,,,,,,0,,0,0,0,0,0,0,,,,0,0,0,0,0,0,0,0,0,0,0
654,08월 13일,20:50:00,현미,6호선,공덕,합정,E,O,비었음,4.0,,,,,,,,0,,0,0,0,0,0,0,,,,0,0,0,0,0,0,0,0,0,0,0
655,08월 13일,21:03:00,현미,6호선,합정,증산,N,O,남,,중년,X,X,,핸드폰,,핸드백,1,0.0,0,1,0,0,0,1,핸드폰,,,1,0,0,0,0,0,0,0,0,0,0
656,08월 13일,21:11:00,현미,6호선,증산,불광,N,O,비었음,4.0,,,,,,,,0,,0,0,0,0,0,1,,,,0,0,0,0,0,0,0,0,0,0,0
657,08월 13일,08:40:00,보민,6호선,화랑대,태릉입구,E,O,비었음,1.0,,,,,,,,0,,0,0,0,0,0,0,,,,0,0,0,0,0,0,0,0,0,0,0
658,08월 13일,08:40:00,보민,6호선,화랑대,태릉입구,E,O,비었음,1.0,,,,,,,,0,,0,0,0,0,0,0,,,,0,0,0,0,0,0,0,0,0,0,0
659,08월 13일,08:41:00,보민,6호선,태릉입구,한강진,N,O,여,,중년,X,X,X,핸드폰,,,1,1.0,0,1,0,0,0,1,핸드폰,,,1,0,0,0,0,0,0,0,0,0,0
660,08월 13일,08:41:00,보민,6호선,태릉입구,공덕,N,O,여,,청년,X,?,X,"핸드폰, 잠",임산부가 탔는데 일어나지 않음. 옆에 있던 남중년이 자리 양보. 초기 임산부?,,1,1.0,0,0,1,0,0,1,핸드폰,잠,,1,0,1,0,0,0,0,0,0,0,0
661,08월 13일,09:07:00,보민,6호선,한강진,공덕,E,O,비었음,5.0,,,,,,,,0,,0,0,0,0,0,0,,,,0,0,0,0,0,0,0,0,0,0,0
662,08월 13일,20:36:00,보민,6호선,공덕,삼각지,N,O,여,,청년,X,?,X,핸드폰,,토드백,1,1.0,0,0,1,0,0,1,핸드폰,,,1,0,0,0,0,0,0,0,0,0,0
663,08월 13일,20:36:00,보민,6호선,공덕,삼각지,N,O,남,,노년,X,X,X,멍,,서류봉투,1,0.0,1,0,0,0,0,1,멍,,,0,1,0,0,0,0,0,0,0,0,0
664,08월 13일,20:38:00,보민,6호선,삼각지,동묘앞,E,O,비었음,8.0,,,,,,,,0,,0,0,0,0,0,0,,,,0,0,0,0,0,0,0,0,0,0,0
665,08월 13일,20:38:00,보민,6호선,삼각지,화랑대,E,O,비었음,18.0,,,,,,,,0,,0,0,0,0,0,0,,,,0,0,0,0,0,0,0,0,0,0,0
666,08월 13일,20:52:00,보민,6호선,동묘앞,고려대,N,O,남,,중년,X,X,X,통화,옆자리 나니까 눈치보고 옮겨앉음,,1,0.0,0,1,0,0,0,1,통화,,,0,0,0,0,0,1,0,0,0,0,0
667,08월 13일,21:00:00,보민,6호선,고려대,화랑대,N,O,비었음,6.0,,,,,,,,0,,0,0,0,0,0,1,,,,0,0,0,0,0,0,0,0,0,0,0
668,08월 13일,08:46:00,단비,7호선,신중동,온수,F,X,여,,청년,X,X,,핸드폰,,크로스백,1,1.0,0,0,1,0,0,2,핸드폰,,,1,0,0,0,0,0,0,0,0,0,0
669,08월 13일,08:46:00,단비,7호선,신중동,온수,F,X,남,,청년,X,X,,잠,,크로스백,1,0.0,0,0,1,0,0,2,잠,,,0,0,1,0,0,0,0,0,0,0,0
670,08월 13일,09:05:00,단비,1호선,온수,신길,E,O,여,,청년,X,X,,핸드폰,17분에 임산부석 자리가 다시 나자마자 앉음,크로스백,1,1.0,0,0,1,0,0,0,핸드폰,,,1,0,0,0,0,0,0,0,0,0,0
671,08월 13일,09:05:00,단비,1호선,온수,신길,E,O,여,,청년,X,X,,핸드폰,,에코백,1,1.0,0,0,1,0,0,0,핸드폰,,,1,0,0,0,0,0,0,0,0,0,0
672,08월 13일,09:13:00,단비,1호선,온수,신길,E,O,여,,청년,X,?,,핸드폰,비켜달라고 해서 앉는데 뱃지없음. 임산부인지 확인 불가. 장애가 있어보임,크로스백,1,1.0,0,0,1,0,0,0,핸드폰,,,1,0,0,0,0,0,0,0,0,0,0
673,08월 13일,09:25:00,단비,5호선,신길,공덕,N,X,여,,중년,X,X,,잠,,크로스백,1,1.0,0,1,0,0,0,1,잠,,,0,0,1,0,0,0,0,0,0,0,0
674,08월 13일,09:25:00,단비,5호선,신길,공덕,N,X,비었음,4.0,,,,,,,,0,,0,0,0,0,0,1,,,,0,0,0,0,0,0,0,0,0,0,0
675,08월 13일,18:53:00,단비,5호선,공덕,신길,N,X,여,,노년,X,X,,핸드폰,,"크로스백, 캐리어",1,1.0,1,0,0,0,0,1,핸드폰,,,1,0,0,0,0,0,0,0,0,0,0
676,08월 13일,18:53:00,단비,5호선,공덕,신길,N,X,여,,청년,X,X,,핸드폰,,백팩,1,1.0,0,0,1,0,0,1,핸드폰,,,1,0,0,0,0,0,0,0,0,0,0
677,08월 13일,18:58:00,단비,5호선,여의나루,신길,N,X,비었음,2.0,,,,,,,,0,,0,0,0,0,0,1,,,,0,0,0,0,0,0,0,0,0,0,0
678,08월 13일,19:08:00,단비,1호선,신길,온수,N,N,여,,청년,O,O,,핸드폰,,에코백,1,1.0,0,0,1,0,0,1,핸드폰,,,1,0,0,0,0,0,0,0,0,0,0
679,08월 13일,19:08:00,단비,1호선,신길,온수,N,N,남,,청년,X,X,,핸드폰,,,1,0.0,0,0,1,0,0,1,핸드폰,,,1,0,0,0,0,0,0,0,0,0,0
680,08월 13일,19:16:00,단비,1호선,구로,온수,N,N,비었음,4.0,,,,,,,,0,,0,0,0,0,0,1,,,,0,0,0,0,0,0,0,0,0,0,0
681,08월 13일,19:16:00,단비,1호선,신길,온수,N,N,여,,중년,X,X,,핸드폰,옆자리 비어도 계속 임산부석에 앉아있음,보스턴백,1,1.0,0,1,0,0,0,1,핸드폰,,,1,0,0,0,0,0,0,0,0,0,0
682,08월 13일,19:36:00,단비,7호선,온수,신중동,F,X,비었음,4.0,,,,,,,,0,,0,0,0,0,0,2,,,,0,0,0,0,0,0,0,0,0,0,0
683,08월 13일,19:36:00,단비,7호선,온수,신중동,F,X,비었음,4.0,,,,,,,,0,,0,0,0,0,0,2,,,,0,0,0,0,0,0,0,0,0,0,0
684,08월 14일,08:30:00,재민,분당선,야탑,왕십리,F,X,여,,노년,X,X,,멍,,"백팩, 토트백",1,1.0,1,0,0,0,0,2,멍,,,0,1,0,0,0,0,0,0,0,0,0
685,08월 14일,08:30:00,재민,분당선,야탑,왕십리,F,X,여,,청년,X,?,X,"핸드폰, 이어폰",,,1,1.0,0,0,1,0,0,2,핸드폰,이어폰,,1,0,0,1,0,0,0,0,0,0,0
686,08월 14일,08:37:00,재민,분당선,야탑,왕십리,F,X,여,,청년,X,X,X,"핸드폰, 이어폰",,,1,1.0,0,0,1,0,0,2,핸드폰,이어폰,,1,0,0,1,0,0,0,0,0,0,0
687,08월 14일,08:53:00,재민,분당선,야탑,왕십리,F,X,여,,청년,X,X,X,"핸드폰, 이어폰",,,1,1.0,0,0,1,0,0,2,핸드폰,이어폰,,1,0,0,1,0,0,0,0,0,0,0
688,08월 14일,08:56:00,재민,분당선,강남구청,왕십리,E,O,비었음,3.0,,,,,,,,0,,0,0,0,0,0,0,,,,0,0,0,0,0,0,0,0,0,0,0
689,08월 14일,08:59:00,재민,분당선,압구정로데오,왕십리,E,O,비었음,2.0,,,,,,,,0,,0,0,0,0,0,0,,,,0,0,0,0,0,0,0,0,0,0,0
690,08월 14일,09:10:00,재민,5호선,왕십리,공덕,N,X,여,,청년,X,X,X,핸드폰,,,1,1.0,0,0,1,0,0,1,핸드폰,,,1,0,0,0,0,0,0,0,0,0,0
691,08월 14일,09:10:00,재민,5호선,왕십리,공덕,N,X,여,,청년,X,X,,독서,임산부인지 긴가민가 했는데 일반석 나니 옮김,"메신저백, 쇼핑백(소)",1,1.0,0,0,1,0,0,1,독서,,,0,0,0,0,0,0,1,0,0,0,0
692,08월 14일,09:20:00,재민,5호선,을지로4가,공덕,E,O,비었음,6.0,,,,,,,,0,,0,0,0,0,0,0,,,,0,0,0,0,0,0,0,0,0,0,0
693,08월 14일,09:26:00,재민,5호선,광화문,공덕,E,O,비었음,4.0,,,,,,,,0,,0,0,0,0,0,0,,,,0,0,0,0,0,0,0,0,0,0,0
694,08월 14일,09:23:00,현미,6호선,불광,합정,E,O,비었음,4.0,,,,,,,,0,,0,0,0,0,0,0,,,,0,0,0,0,0,0,0,0,0,0,0
695,08월 14일,09:23:00,현미,6호선,불광,응암,E,O,비었음,4.0,,,,,,,,0,,0,0,0,0,0,0,,,,0,0,0,0,0,0,0,0,0,0,0
696,08월 14일,09:36:00,현미,6호선,응암,새절,E,O,남,,청년,X,X,X,핸드폰,,,1,0.0,0,0,1,0,0,0,핸드폰,,,1,0,0,0,0,0,0,0,0,0,0
697,08월 14일,09:43:00,현미,6호선,새절,합정,N,O,비었음,6.0,,,,,,,,0,,0,0,0,0,0,1,,,,0,0,0,0,0,0,0,0,0,0,0
698,08월 14일,09:48:00,현미,6호선,합정,광흥창,N,O,여,,중년,X,X,X,멍,,,1,1.0,0,1,0,0,0,1,멍,,,0,1,0,0,0,0,0,0,0,0,0
699,08월 14일,09:50:00,현미,6호선,광흥창,공덕,N,O,비었음,2.0,,,,,,,,0,,0,0,0,0,0,1,,,,0,0,0,0,0,0,0,0,0,0,0
700,08월 14일,08:00:00,한솔,1호선,병점,신길,E,O,남,,청년,X,X,,"핸드폰, 이어폰",,백팩,1,0.0,0,0,1,0,0,0,핸드폰,이어폰,,1,0,0,1,0,0,0,0,0,0,0
701,08월 14일,08:00:00,한솔,1호선,병점,수원,E,O,비었음,2.0,,,,,,,,0,,0,0,0,0,0,0,,,,0,0,0,0,0,0,0,0,0,0,0
702,08월 14일,08:09:00,한솔,1호선,병점,신길,N,O,여,,중년,X,X,X,핸드폰,,,1,1.0,0,1,0,0,0,1,핸드폰,,,1,0,0,0,0,0,0,0,0,0,0
703,08월 14일,08:37:00,미현,1호선,수원,신길,E,O,여,,중년,X,X,X,잠,,핸드백,1,1.0,0,1,0,0,0,0,잠,,,0,0,1,0,0,0,0,0,0,0,0
704,08월 14일,08:37:00,미현,1호선,수원,성균관대,E,O,비었음,2.0,,,,,,,,0,,0,0,0,0,0,0,,,,0,0,0,0,0,0,0,0,0,0,0
705,08월 14일,08:43:00,미현,1호선,수원,신길,N,O,여,,청년,X,X,X,핸드폰,,에코백,1,1.0,0,0,1,0,0,1,핸드폰,,,1,0,0,0,0,0,0,0,0,0,0
706,08월 14일,08:52:00,한솔,1호선,병점,신길,N,O,남,,노년,X,X,X,"핸드폰, 이어폰",,,1,0.0,1,0,0,0,0,1,핸드폰,이어폰,,1,0,0,1,0,0,0,0,0,0,0
707,08월 14일,09:06:00,한솔,5호선,신길,공덕,F,X,여,,중년,X,X,X,"핸드폰, 이어폰",,,1,1.0,0,1,0,0,0,2,핸드폰,이어폰,,1,0,0,1,0,0,0,0,0,0,0
708,08월 14일,09:07:00,한솔,5호선,신길,공덕,F,X,여,,노년,X,X,,핸드폰,,에코백,1,1.0,1,0,0,0,0,2,핸드폰,,,1,0,0,0,0,0,0,0,0,0,0
709,08월 14일,09:08:00,한솔,5호선,신길,공덕,F,O,여,,중년,X,X,X,핸드폰,,,1,1.0,0,1,0,0,0,2,핸드폰,,,1,0,0,0,0,0,0,0,0,0,0
710,08월 14일,09:33:00,미현,5호선,신길,공덕,F,X,여,,중년,X,X,X,잠,,핸드백,1,1.0,0,1,0,0,0,2,잠,,,0,0,1,0,0,0,0,0,0,0,0
711,08월 14일,09:33:00,미현,5호선,신길,공덕,F,X,여,,중년,X,X,X,잠,,핸드백,1,1.0,0,1,0,0,0,2,잠,,,0,0,1,0,0,0,0,0,0,0,0
712,08월 14일,09:40:00,미현,5호선,신길,공덕,F,X,여,,청년,X,X,X,핸드폰,,핸드백,1,1.0,0,0,1,0,0,2,핸드폰,,,1,0,0,0,0,0,0,0,0,0,0
713,08월 14일,18:28:00,미현,5호선,공덕,신길,F,X,비었음,4.0,,,,,,,,0,,0,0,0,0,0,2,,,,0,0,0,0,0,0,0,0,0,0,0
714,08월 14일,18:28:00,미현,5호선,공덕,신길,F,X,여,,청년,X,X,X,,,,1,1.0,0,0,1,0,0,2,,,,0,0,0,0,0,0,0,0,0,0,0
715,08월 14일,18:47:00,한솔,1호선,신길,병점,F,O,남,,중년,X,X,,멍,,큰 백팩,1,0.0,0,1,0,0,0,2,멍,,,0,1,0,0,0,0,0,0,0,0,0
716,08월 14일,18:48:00,한솔,1호선,신길,병점,F,O,남,,중년,X,X,X,핸드폰,,,1,0.0,0,1,0,0,0,2,핸드폰,,,1,0,0,0,0,0,0,0,0,0,0
717,08월 14일,18:47:00,미현,1호선,신길,수원,F,X,여,,청년,X,X,X,핸드폰,,백팩,1,1.0,0,0,1,0,0,2,핸드폰,,,1,0,0,0,0,0,0,0,0,0,0
718,08월 14일,18:47:00,미현,1호선,신길,수원,F,X,여,,청년,X,X,X,핸드폰,,에코백,1,1.0,0,0,1,0,0,2,핸드폰,,,1,0,0,0,0,0,0,0,0,0,0
719,08월 14일,18:26:00,한솔,5호선,공덕,신길,F,X,비었음,4.0,,,,,,,,0,,0,0,0,0,0,2,,,,0,0,0,0,0,0,0,0,0,0,0
720,08월 14일,18:51:00,한솔,1호선,신길,병점,F,O,여,,중년,X,X,,핸드폰,,보스턴백,1,1.0,0,1,0,0,0,2,핸드폰,,,1,0,0,0,0,0,0,0,0,0,0
721,08월 14일,19:06:00,한솔,1호선,신길,병점,F,X,남,,청년,X,X,,"이어폰, 잠",,노트북 가방,1,0.0,0,0,1,0,0,2,이어폰,잠,,0,0,1,1,0,0,0,0,0,0,0
722,08월 14일,19:14:00,한솔,1호선,신길,병점,F,X,여,,청년,X,X,X,"이어폰, 핸드폰",,핸드백,1,1.0,0,0,1,0,0,2,이어폰,핸드폰,,1,0,0,1,0,0,0,0,0,0,0
723,08월 14일,19:16:00,미현,1호선,신길,수원,F,X,여,,중년,X,X,X,핸드폰,,,1,1.0,0,1,0,0,0,2,핸드폰,,,1,0,0,0,0,0,0,0,0,0,0
724,08월 14일,19:29:00,한솔,1호선,화서,병점,E,O,비었음,3.0,,,,,,,,0,,0,0,0,0,0,0,,,,0,0,0,0,0,0,0,0,0,0,0
725,08월 14일,19:35:00,미현,1호선,화서,수원,E,O,비었음,1.0,,,,,,,,0,,0,0,0,0,0,0,,,,0,0,0,0,0,0,0,0,0,0,0
726,08월 14일,19:35:00,한솔,1호선,수원,병점,E,O,비었음,2.0,,,,,,,,0,,0,0,0,0,0,0,,,,0,0,0,0,0,0,0,0,0,0,0
727,08월 14일,18:23:00,재민,5호선,공덕,애오개,F,X,비었음,1.0,,,,,,,,0,,0,0,0,0,0,2,,,,0,0,0,0,0,0,0,0,0,0,0
728,08월 14일,18:23:00,재민,5호선,공덕,왕십리,F,X,여,,노년,X,X,,멍,,"크로스백, 양산",1,1.0,1,0,0,0,0,2,멍,,,0,1,0,0,0,0,0,0,0,0,0
729,08월 14일,18:26:00,재민,5호선,공덕,왕십리,F,X,남,,노년,X,X,X,멍,,,1,0.0,1,0,0,0,0,2,멍,,,0,1,0,0,0,0,0,0,0,0,0
730,08월 14일,18:26:00,재민,5호선,충정로,왕십리,F,X,비었음,9.0,,,,,,,,0,,0,0,0,0,0,2,,,,0,0,0,0,0,0,0,0,0,0,0
731,08월 14일,18:54:00,재민,분당선,왕십리,도곡,F,X,비었음,7.0,,,,,,,,0,,0,0,0,0,0,2,,,,0,0,0,0,0,0,0,0,0,0,0
732,08월 14일,19:04:00,재민,분당선,강남구청,도곡,F,X,비었음,4.0,,,,,,,,0,,0,0,0,0,0,2,,,,0,0,0,0,0,0,0,0,0,0,0
733,08월 14일,19:10:00,재민,분당선,왕십리,야탑,F,X,여,,청년,X,X,,이어폰,,"크로스백, 쇼핑백(미니)",1,1.0,0,0,1,0,0,2,이어폰,,,0,0,0,1,0,0,0,0,0,0,0
734,08월 14일,19:10:00,재민,분당선,왕십리,야탑,F,X,여,,중년,X,X,X,독서,,,1,1.0,0,1,0,0,0,2,독서,,,0,0,0,0,0,0,1,0,0,0,0
735,08월 14일,19:26:00,재민,분당선,태평,모란,F,X,비었음,1.0,,,,,,,,0,,0,0,0,0,0,2,,,,0,0,0,0,0,0,0,0,0,0,0
736,08월 14일,19:29:00,재민,분당선,왕십리,야탑,F,X,남,,중년,X,X,X,잠,,,1,0.0,0,1,0,0,0,2,잠,,,0,0,1,0,0,0,0,0,0,0,0
737,08월 14일,18:48:00,현미,6호선,공덕,합정,N,X,여,,어린이,X,X,X,핸드폰,,,1,1.0,0,0,0,1,0,1,핸드폰,,,1,0,0,0,0,0,0,0,0,0,0
738,08월 14일,18:48:00,현미,6호선,공덕,합정,N,X,남,,중년,X,X,,핸드폰,,백팩,1,0.0,0,1,0,0,0,1,핸드폰,,,1,0,0,0,0,0,0,0,0,0,0
739,08월 14일,18:56:00,현미,6호선,합정,증산,N,O,여,,중년,X,X,,핸드폰,,핸드백,1,1.0,0,1,0,0,0,1,핸드폰,,,1,0,0,0,0,0,0,0,0,0,0
740,08월 14일,18:56:00,현미,6호선,합정,증산,N,O,여,,노년,X,X,,멍,,에코백,1,1.0,1,0,0,0,0,1,멍,,,0,1,0,0,0,0,0,0,0,0,0
741,08월 14일,19:12:00,현미,6호선,새절,불광,E,O,비었음,3.0,,,,,,,,0,,0,0,0,0,0,0,,,,0,0,0,0,0,0,0,0,0,0,0
742,08월 14일,19:12:00,현미,6호선,증산,불광,E,O,비었음,4.0,,,,,,,,0,,0,0,0,0,0,0,,,,0,0,0,0,0,0,0,0,0,0,0
743,08월 14일,08:27:00,단비,7호선,신중동,온수,N,X,여,,청년,X,X,,핸드폰,,백팩,1,1.0,0,0,1,0,0,1,핸드폰,,,1,0,0,0,0,0,0,0,0,0,0
744,08월 14일,08:27:00,단비,7호선,신중동,온수,N,X,여,,노년,X,X,,잠,,보스턴백,1,1.0,1,0,0,0,0,1,잠,,,0,0,1,0,0,0,0,0,0,0,0
745,08월 14일,08:40:00,단비,1호선,온수,신길,F,X,여,,청년,X,?,,잠,,크로스백,1,1.0,0,0,1,0,0,2,잠,,,0,0,1,0,0,0,0,0,0,0,0
746,08월 14일,08:40:00,단비,1호선,온수,신길,F,X,여,,노년,X,X,,독서,,보스턴백,1,1.0,1,0,0,0,0,2,독서,,,0,0,0,0,0,0,1,0,0,0,0
747,08월 14일,09:03:00,단비,5호선,신길,공덕,N,X,여,,노년,X,X,,멍,,에코백,1,1.0,1,0,0,0,0,1,멍,,,0,1,0,0,0,0,0,0,0,0,0
748,08월 14일,09:03:00,단비,5호선,신길,공덕,N,X,여,,청년,X,X,,핸드폰,,백팩,1,1.0,0,0,1,0,0,1,핸드폰,,,1,0,0,0,0,0,0,0,0,0,0
749,08월 14일,09:06:00,단비,5호선,신길,공덕,N,X,여,,노년,X,X,,멍,,"백팩, 보스턴백",1,1.0,1,0,0,0,0,1,멍,,,0,1,0,0,0,0,0,0,0,0,0
750,08월 14일,09:08:00,단비,5호선,신길,공덕,N,X,여,,청년,X,X,,핸드폰,,에코백,1,1.0,0,0,1,0,0,1,핸드폰,,,1,0,0,0,0,0,0,0,0,0,0
751,08월 14일,18:22:00,단비,5호선,공덕,신길,F,X,여,,청년,X,X,,핸드폰,,,1,1.0,0,0,1,0,0,2,핸드폰,,,1,0,0,0,0,0,0,0,0,0,0
752,08월 14일,18:22:00,단비,5호선,공덕,여의도,F,X,비었음,3.0,,,,,,,,0,,0,0,0,0,0,2,,,,0,0,0,0,0,0,0,0,0,0,0
753,08월 14일,18:30:00,단비,5호선,공덕,신길,F,X,여,,청년,X,X,,핸드폰,,크로스백,1,1.0,0,0,1,0,0,2,핸드폰,,,1,0,0,0,0,0,0,0,0,0,0
754,08월 14일,18:43:00,단비,1호선,신길,온수,F,X,남,,청년,X,X,,잠,,에코백,1,0.0,0,0,1,0,0,2,잠,,,0,0,1,0,0,0,0,0,0,0,0
755,08월 14일,18:43:00,단비,1호선,신길,온수,F,X,여,,노년,X,X,,잠,,에코백,1,1.0,1,0,0,0,0,2,잠,,,0,0,1,0,0,0,0,0,0,0,0
756,08월 14일,19:06:00,단비,7호선,온수,신중동,F,X,여,,중년,X,X,,잠,,보스턴백,1,1.0,0,1,0,0,0,2,잠,,,0,0,1,0,0,0,0,0,0,0,0
757,08월 14일,19:06:00,단비,7호선,온수,신중동,F,X,여,,청년,X,X,,잠,"에코백만한 크기에 가죽같은,,라탄같은,,가방",에코백,1,1.0,0,0,1,0,0,2,잠,,,0,0,1,0,0,0,0,0,0,0,0
758,08월 15일,12:30:00,보민,2호선,잠실,잠실새내,N,O,비었음,,,,,,,,,0,,0,0,0,0,0,1,,,,0,0,0,0,0,0,0,0,0,0,0
759,08월 15일,12:30:00,보민,2호선,잠실,선릉,N,O,여,,중년,X,X,X,멍,같은 라인에 자리나자 옮겨앉음,큰사이즈 핸드백,1,1.0,0,1,0,0,0,1,멍,,,0,1,0,0,0,0,0,0,0,0,0
760,08월 15일,12:32:00,보민,2호선,잠실새내,역삼,N,O,여,,청년,X,?,X,핸드폰,,우산,1,1.0,0,0,1,0,0,1,핸드폰,,,1,0,0,0,0,0,0,0,0,0,0
761,08월 15일,12:38:00,보민,2호선,선릉,역삼,N,O,여,,중년,X,X,X,,맞은편에 자리가 났지만 옮겨앉지 않음,"핸드백 두개, 중우산",1,1.0,0,1,0,0,0,1,,,,0,0,0,0,0,0,0,0,0,0,0
762,08월 15일,19:16:00,보민,2호선,역삼,잠실새내,N,O,비었음,,,,,,,,,0,,0,0,0,0,0,1,,,,0,0,0,0,0,0,0,0,0,0,0
763,08월 15일,19:16:00,보민,2호선,역삼,잠실,N,O,비었음,,,,,,,,,0,,0,0,0,0,0,1,,,,0,0,0,0,0,0,0,0,0,0,0
764,08월 15일,19:24:00,보민,2호선,잠실새내,잠실,N,O,여,,중년,X,X,X,멍,,"작은 크로스백, 종이봉투, 우산",1,1.0,0,1,0,0,0,1,멍,,,0,1,0,0,0,0,0,0,0,0,0
765,08월 15일,14:39:00,단비,1호선,중동,동암,E,O,비었음,5.0,,,,,,,,0,,0,0,0,0,0,0,,,,0,0,0,0,0,0,0,0,0,0,0
766,08월 15일,14:39:00,단비,1호선,중동,주안,E,O,여,,노년,X,X,,대화,일반석 자리가 비었음에도 임산부석포함해서 나란히 4명의 일행이 앉음,"백팩, 장우산",1,1.0,1,0,0,0,0,0,대화,,,0,0,0,0,1,0,0,0,0,0,0
767,08월 15일,14:52:00,단비,1호선,중동,주안,E,O,여,,노년,X,X,,멍,일반석 비어있는데 굳이 임산부석에 앉음,장우산,1,1.0,1,0,0,0,0,0,멍,,,0,1,0,0,0,0,0,0,0,0,0
768,08월 16일,08:23:00,미현,1호선,수원,신길,F,X,여,,중년,X,X,X,잠,,에코백,1,1.0,0,1,0,0,0,2,잠,,,0,0,1,0,0,0,0,0,0,0,0
769,08월 16일,08:23:00,미현,1호선,수원,신길,F,X,남,,중년,X,X,X,핸드폰,,노트북가방,1,0.0,0,1,0,0,0,2,핸드폰,,,1,0,0,0,0,0,0,0,0,0,0
770,08월 16일,08:16:00,한솔,1호선,병점,수원,E,O,비었음,2.0,,,,,,,,0,,0,0,0,0,0,0,,,,0,0,0,0,0,0,0,0,0,0,0
771,08월 16일,08:16:00,한솔,1호선,병점,수원,E,O,비었음,2.0,,,,,,,,0,,0,0,0,0,0,0,,,,0,0,0,0,0,0,0,0,0,0,0
772,08월 16일,08:28:00,한솔,1호선,병점,신길,N,O,남,,청년,X,X,X,"이어폰, 핸드폰",,,1,0.0,0,0,1,0,0,1,이어폰,핸드폰,,1,0,0,1,0,0,0,0,0,0,0
773,08월 16일,09:10:00,미현,1호선,수원,신길,F,X,여,,청년,O,O,X,"이어폰, 핸드폰",,에코백,1,1.0,0,0,1,0,0,2,이어폰,핸드폰,,1,0,0,1,0,0,0,0,0,0,0
774,08월 16일,09:10:00,미현,1호선,수원,신길,F,X,여,,중년,X,X,X,독서,,백팩,1,1.0,0,1,0,0,0,2,독서,,,0,0,0,0,0,0,1,0,0,0,0
775,08월 16일,09:18:00,미현,5호선,신길,공덕,F,X,여,,청년,X,?,X,잠,,핸드백,1,1.0,0,0,1,0,0,2,잠,,,0,0,1,0,0,0,0,0,0,0,0
776,08월 16일,09:18:00,미현,5호선,신길,공덕,F,X,여,,노년,X,X,X,핸드폰,,핸드백,1,1.0,1,0,0,0,0,2,핸드폰,,,1,0,0,0,0,0,0,0,0,0,0
777,08월 16일,09:12:00,한솔,1호선,병점,신길,F,X,여,,청년,X,X,X,잠,,,1,1.0,0,0,1,0,0,2,잠,,,0,0,1,0,0,0,0,0,0,0,0
778,08월 16일,09:25:00,한솔,5호선,신길,공덕,N,O,여,,중년,X,X,,"핸드폰, 먹기",,에코백,1,1.0,0,1,0,0,0,1,핸드폰,먹기,,1,0,0,0,0,0,0,0,1,0,0
779,08월 16일,09:25:00,한솔,5호선,신길,공덕,N,O,여,,중년,X,X,,"핸드폰, 이어폰",,백팩,1,1.0,0,1,0,0,0,1,핸드폰,이어폰,,1,0,0,1,0,0,0,0,0,0,0
780,08월 16일,09:38:00,한솔,5호선,신길,공덕,N,O,남,,노년,X,X,O,멍,,"백팩, 큰 쇼핑백",1,0.0,1,0,0,0,0,1,멍,,,0,1,0,0,0,0,0,0,0,0,0
781,08월 16일,17:57:00,미현,5호선,공덕,신길,F,O,남,,어린이,X,X,X,대화,엄마와 같이 있음,,1,0.0,0,0,0,1,0,2,대화,,,0,0,0,0,1,0,0,0,0,0,0
782,08월 16일,17:57:00,한솔,5호선,공덕,신길,F,O,여,,청년,X,X,,핸드폰 ,,메신저백,1,1.0,0,0,1,0,0,2,핸드폰,,,1,0,0,0,0,0,0,0,0,0,0
783,08월 16일,17:58:00,미현,5호선,공덕,여의도,F,O,비었음,3.0,,,,,,,,0,,0,0,0,0,0,2,,,,0,0,0,0,0,0,0,0,0,0,0
784,08월 16일,18:02:00,한솔,5호선,공덕,신길,F,O,여,,청년,X,O,,핸드폰,,백팩,1,1.0,0,0,1,0,0,2,핸드폰,,,1,0,0,0,0,0,0,0,0,0,0
785,08월 16일,18:14:00,미현,1호선,신길,금정,F,X,비었음,11.0,,,,,,,,0,,0,0,0,0,0,2,,,,0,0,0,0,0,0,0,0,0,0,0
786,08월 16일,18:14:00,한솔,1호선,공덕,병점,N,O,여,,청년,X,X,,"이어폰, 핸드폰",모자를 푹 눌러써서 연령대 파악 어려움,에코백,1,1.0,0,0,1,0,0,1,이어폰,핸드폰,,1,0,0,1,0,0,0,0,0,0,0
787,08월 16일,18:14:00,미현,1호선,신길,수원,F,X,여,,노년,X,X,X,잠,,,1,1.0,1,0,0,0,0,2,잠,,,0,0,1,0,0,0,0,0,0,0,0
788,08월 16일,18:16:00,한솔,1호선,신길,병점,N,O,여,,노년,X,X,O,잠,,"쿨러백 (락앤락 4개 사이즈), 도트백, 크로스백",1,1.0,1,0,0,0,0,1,잠,,,0,0,1,0,0,0,0,0,0,0,0
789,08월 16일,18:16:00,미현,1호선,영등포,안양,F,O,비었음,8.0,,,,,,,,0,,0,0,0,0,0,2,,,,0,0,0,0,0,0,0,0,0,0,0
790,08월 16일,18:38:00,미현,1호선,신길,수원,F,X,여,,노년,X,X,X,멍,,백팩,1,1.0,1,0,0,0,0,2,멍,,,0,1,0,0,0,0,0,0,0,0,0
791,08월 16일,18:42:00,미현,1호선,명학,의왕,F,X,비었음,4.0,,,,,,,,0,,0,0,0,0,0,2,,,,0,0,0,0,0,0,0,0,0,0,0
792,08월 16일,18:44:00,미현,1호선,신길,수원,F,X,남,,청소년,X,X,X,핸드폰,계속 서서 5-6정거장 이상 오다가 갑자기 앉음,,1,0.0,0,0,0,0,1,2,핸드폰,,,1,0,0,0,0,0,0,0,0,0,0
793,08월 16일,18:45:00,한솔,1호선,신길,병점,N,O,남,,노년,X,X,X,멍,,,1,0.0,1,0,0,0,0,1,멍,,,0,1,0,0,0,0,0,0,0,0,0
794,08월 16일,18:50:00,미현,1호선,당정,수원,N,O,비었음,4.0,,,,,,,,0,,0,0,0,0,0,1,,,,0,0,0,0,0,0,0,0,0,0,0
795,08월 16일,18:55:00,미현,1호선,신길,수원,N,O,남,,중년,X,X,X,핸드폰,,백팩,1,0.0,0,1,0,0,0,1,핸드폰,,,1,0,0,0,0,0,0,0,0,0,0
796,08월 16일,18:59:00,미현,1호선,화서,수원,E,O,비었음,1.0,,,,,,,,0,,0,0,0,0,0,0,,,,0,0,0,0,0,0,0,0,0,0,0
797,08월 16일,21:03:00,현미,6호선,공덕,합정,E,X,남,,중년,X,X,,핸드폰,,,1,0.0,0,1,0,0,0,0,핸드폰,,,1,0,0,0,0,0,0,0,0,0,0
798,08월 16일,21:03:00,현미,6호선,공덕,합정,E,X,비었음,4.0,,,,,,,,0,,0,0,0,0,0,0,,,,0,0,0,0,0,0,0,0,0,0,0
799,08월 16일,21:11:00,현미,6호선,합정,마포구청,N,X,비었음,2.0,,,,,,,,0,,0,0,0,0,0,1,,,,0,0,0,0,0,0,0,0,0,0,0
800,08월 16일,21:14:00,현미,6호선,마포구청,불광,N,X,비었음,7.0,,,,,,,,0,,0,0,0,0,0,1,,,,0,0,0,0,0,0,0,0,0,0,0
801,08월 16일,21:14:00,현미,6호선,마포구청,불광,N,X,여,,중년,X,X,X,통화,,,1,1.0,0,1,0,0,0,1,통화,,,0,0,0,0,0,1,0,0,0,0,0
802,08월 16일,09:16:00,보민,6호선,화랑대,신당,E,O,여,,청년,O,O,X,핸드폰,,,1,1.0,0,0,1,0,0,0,핸드폰,,,1,0,0,0,0,0,0,0,0,0,0
803,08월 16일,09:16:00,보민,6호선,화랑대,태릉입구,E,O,비었음,1.0,,,,,,,,0,,0,0,0,0,0,0,,,,0,0,0,0,0,0,0,0,0,0,0
804,08월 16일,09:19:00,보민,6호선,태릉입구,보문,N,X,남,,청년,X,X,X,핸드폰,,우산,1,0.0,0,0,1,0,0,1,핸드폰,,,1,0,0,0,0,0,0,0,0,0,0
805,08월 16일,09:30:00,보민,6호선,보문,창신,F,X,비었음,1.0,,,,,,,,0,,0,0,0,0,0,2,,,,0,0,0,0,0,0,0,0,0,0,0
806,08월 16일,09:31:00,보민,6호선,창신,이태원,F,O,여,,어린이,X,X,X,핸드폰,외국인,,1,1.0,0,0,0,1,0,2,핸드폰,,,1,0,0,0,0,0,0,0,0,0,0
807,08월 16일,09:35:00,보민,6호선,신당,약수,N,O,남,,중년,X,X,X,멍,,백팩,1,0.0,0,1,0,0,0,1,멍,,,0,1,0,0,0,0,0,0,0,0,0
808,08월 16일,09:38:00,보민,6호선,약수,공덕,N,O,비었음,7.0,,,,,,,,0,,0,0,0,0,0,1,,,,0,0,0,0,0,0,0,0,0,0,0
809,08월 16일,09:44:00,보민,6호선,이태원,삼각지,E,O,비었음,2.0,,,,,,,,0,,0,0,0,0,0,0,,,,0,0,0,0,0,0,0,0,0,0,0
810,08월 16일,09:48:00,보민,6호선,삼각지,공덕,E,O,여,,중년,X,X,X,멍,옆자리 비었으나 옮기지 않음,,1,1.0,0,1,0,0,0,0,멍,,,0,1,0,0,0,0,0,0,0,0,0
811,08월 16일,17:57:00,보민,6호선,공덕,한강진,N,O,여,,청년,X,?,X,핸드폰,,토드백,1,1.0,0,0,1,0,0,1,핸드폰,,,1,0,0,0,0,0,0,0,0,0,0
812,08월 16일,17:58:00,보민,6호선,공덕,삼각지,N,O,여,,중년,X,X,X,"핸드폰, 멍",,크로스백,1,1.0,0,1,0,0,0,1,핸드폰,멍,,1,1,0,0,0,0,0,0,0,0,0
813,08월 16일,18:01:00,보민,6호선,삼각지,화랑대,N,O,비었음,18.0,,,,,,여성들이 임산부석을 둘러싸고 서계셨음,,0,,0,0,0,0,0,1,,,,0,0,0,0,0,0,0,0,0,0,0
814,08월 16일,18:07:00,보민,6호선,한강진,청구,N,O,비었음,3.0,,,,,,,,0,,0,0,0,0,0,1,,,,0,0,0,0,0,0,0,0,0,0,0
815,08월 16일,18:12:00,보민,6호선,청구,동묘앞,F,O,여,,중년,X,X,X,핸드폰,,핸드백,1,1.0,0,1,0,0,0,2,핸드폰,,,1,0,0,0,0,0,0,0,0,0,0
816,08월 16일,18:15:00,보민,6호선,동묘앞,돌곶이,F,O,여,,중년,X,X,X,핸드폰,,백팩,1,1.0,0,1,0,0,0,2,핸드폰,,,1,0,0,0,0,0,0,0,0,0,0
817,08월 16일,18:26:00,보민,6호선,돌곶이,석계,E,O,비었음,1.0,,,,,,,,0,,0,0,0,0,0,0,,,,0,0,0,0,0,0,0,0,0,0,0
818,08월 16일,18:28:00,보민,6호선,석계,화랑대,N,O,여,,중년,X,X,X,핸드폰,,핸드백,1,1.0,0,1,0,0,0,1,핸드폰,,,1,0,0,0,0,0,0,0,0,0,0
819,08월 16일,08:39:00,단비,7호선,신중동,온수,E,O,여,,청년,X,X,,화장,,크로스백,1,1.0,0,0,1,0,0,0,화장,,,0,0,0,0,0,0,0,1,0,0,0
820,08월 16일,08:39:00,단비,7호선,신중동,온수,E,O,여,,청년,X,X,,핸드폰,,백팩,1,1.0,0,0,1,0,0,0,핸드폰,,,1,0,0,0,0,0,0,0,0,0,0
821,08월 16일,08:55:00,단비,1호선,온수,신길,N,X,여,,노년,X,X,,잠,,크로스백,1,1.0,1,0,0,0,0,1,잠,,,0,0,1,0,0,0,0,0,0,0,0
822,08월 16일,08:55:00,단비,1호선,온수,신길,N,X,남,,중년,X,X,,핸드폰,,,1,0.0,0,1,0,0,0,1,핸드폰,,,1,0,0,0,0,0,0,0,0,0,0
823,08월 16일,09:09:00,단비,1호선,영등포,신길,N,X,비었음,1.0,,,,,,,,0,,0,0,0,0,0,1,,,,0,0,0,0,0,0,0,0,0,0,0
824,08월 16일,09:17:00,단비,5호선,신길,공덕,N,O,여,,청년,X,X,,핸드폰,,크로스백,1,1.0,0,0,1,0,0,1,핸드폰,,,1,0,0,0,0,0,0,0,0,0,0
825,08월 16일,09:17:00,단비,5호선,신길,공덕,N,O,여,,노년,X,X,,핸드폰,,에코백,1,1.0,1,0,0,0,0,1,핸드폰,,,1,0,0,0,0,0,0,0,0,0,0
826,08월 16일,18:00:00,단비,5호선,공덕,신길,N,O,여,,청년,X,?,,핸드폰,,에코백,1,1.0,0,0,1,0,0,1,핸드폰,,,1,0,0,0,0,0,0,0,0,0,0
827,08월 16일,18:00:00,단비,5호선,공덕,신길,N,O,비었음,4.0,,,,,,,,0,,0,0,0,0,0,1,,,,0,0,0,0,0,0,0,0,0,0,0
828,08월 16일,18:16:00,단비,1호선,신길,온수,F,X,여,,노년,X,X,,잠,,백팩,1,1.0,1,0,0,0,0,2,잠,,,0,0,1,0,0,0,0,0,0,0,0
829,08월 16일,18:16:00,단비,1호선,신길,온수,F,X,여,,청년,X,X,,핸드폰,에코백 크기의 가죽가방,에코백,1,1.0,0,0,1,0,0,2,핸드폰,,,1,0,0,0,0,0,0,0,0,0,0
830,08월 16일,18:29:00,단비,1호선,신길,온수,F,X,여,,청년,X,X,,핸드폰,에코백 크기의 가죽가방,에코백,1,1.0,0,0,1,0,0,2,핸드폰,,,1,0,0,0,0,0,0,0,0,0,0
831,08월 16일,18:40:00,단비,7호선,온수,신중동,F,X,여,,청년,X,X,,핸드폰,,크로스백,1,1.0,0,0,1,0,0,2,핸드폰,,,1,0,0,0,0,0,0,0,0,0,0
832,08월 16일,18:40:00,단비,7호선,온수,신중동,F,X,남,,중년,X,X,,잠,,백팩,1,0.0,0,1,0,0,0,2,잠,,,0,0,1,0,0,0,0,0,0,0,0
