기록자 정보,,,,,,,,지하철 현황,,탑승자 정보,,,,,,,,
날짜,기록 시간,기록자,호선,탑승역,하차역,지나온 역 수,시간,붐빔 정도,노약자석 빈자리 여부,성별,비어있었던 역 수,연령대,뱃지 여부,임산부 여부,무거운 짐 여부,행동,기타 특이사항,짐 종류
2019. 7. 31.,19:10:00,재민,5,공덕,여의도,3,6,N,,여,,중년,X,X,O,"이어폰, 핸드폰",,"쇼핑백, 장우산"
2019. 7. 31.,19:21:00,재민,9,여의도,신논현,10,20,F,,여,,중년,X,X,X,핸드폰,임산부석 비워달라는 방송이 나왔으나 아랑곳하지 않음,
2019. 7. 31.,19:28:00,재민,9,여의도,신논현,10,,F,,여,,청년,X,X,X,핸드폰,,
2019. 7. 31.,19:32:00,재민,9,여의도,신논현,10,,F,,여,,청년,X,O,X,핸드폰,,
2019. 7. 31.,22:38:00,재민,10,선정릉,야탑,12,24,F,,여,,청년,O,O,X,"핸드폰, 대화",,
2019. 7. 31.,22:42:00,재민,10,선정릉,야탑,12,,F,,남,,중년,X,X,X,핸드폰,,
2019. 7. 31.,18:30:00,보민,6,공덕,화랑대,20,40,N,,여,,중년,X,X,X,,옆자리가 나자 옮겨앉음,
2019. 7. 31.,18:30:00,보민,6,공덕,화랑대,20,,N,,여,,청년,X,X,X,핸드폰,,
2019. 7. 31.,18:30:00,보민,6,공덕,화랑대,20,,N,,여,,중년,X,X,X,핸드폰,,
2019. 7. 31.,18:30:00,보민,6,공덕,화랑대,20,,N,,여,,중년,X,X,X,,금방 내림,
2019. 7. 31.,18:30:00,보민,6,공덕,화랑대,20,,N,,남,,노년,X,X,X,,두자리에 걸터앉음. 지팡이,
2019. 7. 31.,18:47:00,단비,5,공덕,신길,4,8,F,,여,,청년,X,X,X,"이어폰, 핸드폰",,크로스백 작은거
2019. 7. 31.,18:47:00,단비,5,공덕,신길,4,,F,,여,,중년,X,X,O,"이어폰, 잠",,보스턴 백
2019. 7. 31.,19:05:00,단비,1,신길,온수,7,14,N,X,여,,중년,X,X,O,멍,,보스턴 백
2019. 7. 31.,19:05:00,단비,1,신길,온수,7,,N,X,남,,청년,X,X,X,"이어폰, 핸드폰",,클러치
2019. 7. 31.,19:15:00,단비,1,신길,온수,7,,N,X,남,,노년,X,X,X,멍,,"크로스백, 종이가방 (파리바게트 (소) 크기"
2019. 7. 31.,19:19:00,단비,1,개봉,온수,2,,N,X,비었음,2,,,,,,,
2019. 7. 31.,19:27:00,단비,7,온수,신중동,4,8,F,X,여,,청년,X,X,X,"이어폰, 핸드폰",,크로스백
2019. 7. 31.,19:27:00,단비,7,온수,신중동,4,,F,X,여,,청년,X,X,O,핸드폰 게임,,에코백
2019. 8. 1.,13:27:00,한솔,2,신림,신도림,4,8,E,O,여,,중년,X,X,X,이어폰,일반석이 비어있음에도 불구하고 임산부석 착석,
2019. 8. 1.,13:27:00,한솔,2,신림,신도림,4,,E,O,여,,청년,O,O,X,핸드폰,,
2019. 8. 1.,13:43:00,한솔,1,신도림,병점,17,34,F,X,남,,노년,X,X,X,X,정신지체장애가 있는듯했음,
2019. 8. 1.,13:43:00,한솔,1,신도림,병점,17,,F,X,여,,청년,X,O,X,핸드폰,,
2019. 8. 1.,11:20:00,재민,10,야탑,강남구청,13,26,F,X,여,,중년,X,X,X,멍,,"양산, 큰 비닐봉지"
2019. 8. 1.,11:20:00,재민,10,야탑,강남구청,13,,F,X,여,,청년,X,X,X,잠,,
2019. 8. 1.,11:30:00,재민,10,야탑,강남구청,13,,F,X,여,,어린이,X,X,X,멍,,
2019. 8. 1.,11:44:00,재민,10,야탑,강남구청,13,,F,X,여,,중년,X,X,X,대화,4인가족 나란히 앉음,
2019. 8. 1.,11:53:00,재민,7,강남구청,중계,16,32,F,X,여,,중년,X,X,O,핸드폰,,큰 쇼핑백
2019. 8. 1.,11:53:00,재민,7,강남구청,중계,16,,F,X,여,,중년,X,X,X,핸드폰,일반석이 빌 때마다 옮기려는 움직임,
2019. 8. 1.,12:01:00,재민,7,강남구청,중계,16,,F,X,남,,노년,X,X,X,멍,,
2019. 8. 1.,12:10:00,재민,7,용마산,사가정,1,2,F,X,비었음,1,,,,,,,
2019. 8. 1.,12:11:00,재민,7,강남구청,중계,16,,F,X,여,,중년,X,X,X,대화,,
2019. 8. 1.,12:16:00,재민,7,상봉,중계,6,,N,X,비었음,6,,,,,,,
2019. 8. 1.,12:21:00,재민,7,태릉입구,중계,3,,N,X,비었음,3,,,,,,,
2019. 8. 1.,21:50:00,재민,7,태릉입구,강남구청,13,,E,O,여,,청년,X,X,X,핸드폰,외국인,
2019. 8. 1.,21:50:00,재민,7,태릉입구,면목,4,,E,O,비었음,4,,,,,,,
2019. 8. 1.,21:59:00,재민,7,태릉입구,강남구청,13,26,E,O,여,,중년,X,X,X,잠,,
2019. 8. 1.,12:12:00,단비,7,신중동,이수,18,36,N,O,남,,노년,X,X,X,잠,우산 하나만 들고 계심,
2019. 8. 1.,12:12:00,단비,7,신중동,이수,18,,N,O,여,,청년,X,X,X,잠,,
2019. 8. 1.,12:31:00,단비,7,신중동,이수,18,,N,O,여,,중년,X,X,X,핸드폰,,
2019. 8. 1.,12:42:00,단비,7,신중동,이수,18,,N,O,여,,청년,X,X,X,화장,,파우치
2019. 8. 1.,22:51:00,단비,7,대림,신중동,10,20,F,X,여,,청년,X,X,X,핸드폰,,악기 및 에코백
2019. 8. 1.,22:51:00,단비,7,대림,신중동,10,,F,X,여,,중년,X,X,X,잠,,크로스백
2019. 8. 1.,23:02:00,단비,7,대림,신중동,10,,F,X,남,,청년,X,X,X,잠,,백팩
2019. 8. 2.,8:29:00,한솔,1,병점,신길,19,38,N,O,남,,노년,X,X,X,X,,
2019. 8. 2.,8:29:00,한솔,1,병점,신길,19,,N,O,남,,청년,X,X,X,X,외국인,
2019. 8. 2.,8:47:00,한솔,1,병점,신길,19,,N,O,여,,청년,X,X,X,핸드폰,,
2019. 8. 2.,8:59:00,한솔,1,병점,신길,19,,F,X,여,,청년,X,X,X,핸드폰,,
2019. 8. 2.,9:03:00,한솔,1,병점,신길,19,,N,O,여,,청년,X,X,X,아이와 대화,어린이랑 같이 앉음,
2019. 8. 2.,9:26:00,한솔,5,신길,공덕,4,8,F,X,여,,중년,X,X,X,잠,,
2019. 8. 2.,9:26:00,한솔,5,신길,공덕,4,,F,X,여,,중년,X,X,X,"잠, 이어폰",,
2019. 8. 2.,8:23:00,미현,1,수원,영등포,16,32,F,O,여,,노년,X,X,X,잠,심지어 내리실 때 다른 할머니께 자리를 앉으라고 권유,
2019. 8. 2.,8:23:00,미현,1,수원,영등포,16,,F,O,여,,노년,X,X,X,핸드폰,,
2019. 8. 2.,8:50:00,미현,1,수원,영등포,16,,F,O,남,,중년,X,X,X,핸드폰,,
2019. 8. 2.,9:01:00,미현,1,영등포,신길,1,,N,O,남,,청년,X,X,X,잠,,
2019. 8. 2.,9:01:00,미현,1,영등포,신길,1,,N,O,여,,노년,X,X,X,잠,,
2019. 8. 2.,9:11:00,미현,5,신길,공덕,4,8,F,O,여,,청년,X,X,X,잠,,
2019. 8. 2.,9:00:00,보민,6,화랑대,공덕,20,40,N,X,여,,중년,X,X,X,핸드폰,,
2019. 8. 2.,9:00:00,보민,6,화랑대,공덕,20,,N,X,여,,청년,X,X,X,잠,,
2019. 8. 2.,9:00:00,보민,6,화랑대,공덕,20,,N,X,여,,중년,X,X,X,핸드폰,빈자리였고 앞에 사람이 서있는데도 앉음,
2019. 8. 2.,9:00:00,보민,6,화랑대,공덕,20,,N,O,여,,중년,X,X,X,핸드폰,같은 줄에 빈자리가 생겼는데도 계속 앉아있음,
2019. 8. 2.,8:47:00,단비,7,신중동,온수,4,8,F,X,여,,청년,X,X,O,공부,,메신저백
2019. 8. 2.,8:47:00,단비,7,신중동,온수,4,,F,X,남,,청년,X,X,X,"이어폰, 잠",,힙색
2019. 8. 2.,9:02:00,단비,1,온수,신길,7,14,N,O,여,,중년,X,X,O,"이어폰, 핸드폰",,보스턴백
2019. 8. 2.,9:02:00,단비,1,온수,신길,7,,N,O,남,,어린이,X,X,X,대화,,X
2019. 8. 2.,9:02:00,단비,1,온수,신길,7,,N,O,여,,어린이,X,X,X,대화,,X
2019. 8. 2.,9:25:00,단비,5,신길,공덕,4,8,N,X,여,,노년,X,X,X,독서,,"크로스백, 비닐봉지(소)"
2019. 8. 2.,9:25:00,단비,5,신길,공덕,4,,N,X,여,,중년,X,X,O,핸드폰,,보스턴백
2019. 8. 2.,8:32:00,재민,10,야탑,왕십리,16,32,F,X,여,,중년,X,X,X,잠,,
2019. 8. 2.,8:32:00,재민,10,야탑,왕십리,16,,F,X,여,,중년,X,X,O,잠,,가방 3개
2019. 8. 2.,8:36:00,재민,10,야탑,왕십리,16,,F,X,여,,청년,X,X,O,"이어폰, 핸드폰(영상시청)",,
2019. 8. 2.,8:41:00,재민,10,야탑,왕십리,16,,F,X,여,,청년,X,X,O,멍,,쇼핑백
2019. 8. 2.,9:00:00,재민,10,강남구청,왕십리,3,,E,O,비었음,3,,,,,,,
2019. 8. 2.,9:00:00,재민,10,강남구청,왕십리,3,,E,O,비었음,3,,,,,,,
2019. 8. 2.,9:19:00,재민,5,왕십리,공덕,11,22,E,X,여,,청년,X,O,X,핸드폰,,
2019. 8. 2.,9:19:00,재민,5,왕십리,공덕,11,,E,X,비었음,11,,,,,,,
2019. 8. 2.,17:29:00,미현,5,공덕,신길,4,8,F,X,남,,중년,X,X,X,핸드폰,,손바닥 세 개 사이즈의 가방
2019. 8. 2.,17:29:00,미현,5,공덕,신길,4,,F,X,비었음,4,,,,,,,
2019. 8. 2.,17:48:00,미현,1,신길,수원,17,34,F,X,여,,노년,X,X,X,잠,,핸드백
2019. 8. 2.,17:48:00,미현,1,신길,수원,17,,F,X,여,,노년,X,X,X,핸드폰,,손바닥 세 개 사이즈 가방
2019. 8. 2.,18:21:00,미현,1,신길,수원,17,,F,X,여,,청년,X,X,X,핸드폰,,
2019. 8. 2.,18:30:00,미현,1,신길,수원,17,,F,X,여,,중년,X,X,X,핸드폰,,
2019. 8. 2.,17:52:00,한솔,1,신길,영등포,1,,E,O,비었음,1,,,,,,,
2019. 8. 2.,17:52:00,한솔,1,신길,신도림,2,,E,O,비었음,2,,,,,,,
2019. 8. 2.,17:57:00,한솔,1,신길,병점,19,38,E,O,남,,노년,X,X,X,멍,,많이 비어보이는 백팩
2019. 8. 2.,17:59:00,한솔,1,신길,병점,19,,N,O,남,,청년,X,X,O,핸드폰,,내려 놓을 때 둔탁한 소리가 나는 무거운듯한 백팩
2019. 8. 2.,18:18:00,한솔,1,신길,병점,19,,N,O,여,,중년,X,X,O,핸드폰,,에코백
2019. 8. 2.,18:22:00,한솔,1,신길,병점,19,,N,O,여,,중년,X,X,O,핸드폰,,"에코백, 도트백"
2019. 8. 2.,18:27:00,한솔,1,금정,병점,8,,N,O,비었음,8,,,,,,,
2019. 8. 2.,17:29:00,재민,5,공덕,왕십리,11,22,N,X,남,,중년,X,X,X,멍,,
2019. 8. 2.,17:29:00,재민,5,공덕,왕십리,11,,N,X,여,,청년,X,X,X,대화,,
2019. 8. 2.,17:30:00,재민,5,충정로,광화문,2,,N,X,비었음,2,,,,,,,
2019. 8. 2.,17:35:00,재민,5,공덕,왕십리,11,,N,X,여,,청년,X,X,X,핸드폰,,
2019. 8. 2.,17:38:00,재민,5,종로3가,동대문역사문화공원,2,,N,X,비었음,2,,,,,,,
2019. 8. 2.,17:42:00,재민,5,공덕,왕십리,11,,N,X,여,,중년,X,X,X,핸드폰,,
2019. 8. 2.,17:59:00,재민,10,왕십리,야탑,16,32,E,X,비었음,16,,,,,,,
2019. 8. 2.,17:59:00,재민,10,왕십리,야탑,16,,E,X,비었음,16,,,,,,,
2019. 8. 2.,18:20:00,현미,6,공덕,불광,13,26,F,X,여,,청년,X,X,X,핸드폰,,
2019. 8. 2.,18:32:00,현미,6,공덕,응암,11,,F,X,남,,중년,X,X,X,멍,,검은 봉투 1개
2019. 8. 2.,18:45:00,현미,6,응암,불광,2,,N,O,비었음,2,,,,,,,
2019. 8. 3.,9:19:00,한솔,1,병점,종각,26,52,E,O,여,,노년,X,X,X,멍,,
2019. 8. 3.,9:19:00,한솔,1,병점,종각,26,,E,O,여,,노년,X,X,X,멍,,비교적 작은 백팩
2019. 8. 3.,9:24:00,한솔,1,의왕,종각,21,,E,O,비었음,21,,,,,,,
2019. 8. 3.,10:01:00,한솔,1,구로,노량진,5,,E,O,비었음,5,,,,,,,
2019. 8. 3.,10:13:00,한솔,1,병점 ,종각,26,,E,O,여,,노년,X,X,X,,,
2019. 8. 3.,10:32:00,현미,6,불광,경복궁,5,10,F,X,여,,청년,X,O,X,핸드폰,,
2019. 8. 3.,10:36:00,현미,6,불광,경복궁,5,,F,X,여,,중년,X,X,X,멍,,
2019. 8. 3.,18:10:00,한솔,1,종각,병점,26,52,N,O,여,,중년,X,X,X,멍,,
2019. 8. 3.,18:10:00,한솔,1,종각,병점,26,,N,O,여,,노년,X,X,X,멍,,
2019. 8. 3.,18:19:00,한솔,1,종각,병점,26,,N,O,남,,노년,X,X,O,멍,,큰 이마트 백
2019. 8. 3.,18:20:00,현미,6,경복궁,불광,5,10,N,O,비었음,,,,,,,,
2019. 8. 3.,18:21:00,한솔,1,종각,병점,26,,F,X,여,,중년,X,X,X,핸드폰,,
2019. 8. 3.,18:23:00,한솔,1,노량진,신길,2,,N,X,비었음,2,,,,,,,
2019. 8. 3.,18:28:00,한솔,1,종각,병점,26,,N,O,여,,중년,X,X,X,핸드폰,,
2019. 8. 3.,19:03:00,한솔,1,종각,병점,26,,N,O,여,,중년,X,X,O,핸드폰,,엄청엄청 큰 쇼핑백
2019. 8. 3.,17:04:00,한솔,1,종각,병점,26,,N,O,여,,청년,X,X,X,핸드폰,,도트백
2019. 8. 3.,19:29:00,미현,1,종각,수원,24,48,N,X,여,,중년,X,X,O,대화,두분이서 대화 나누심,끌고 다니는 시장 바구니와 그 위에 짐이 또 있음
2019. 8. 3.,19:29:00,미현,1,종각,용산,4,,N,X,비었음,4,,,,,,,
2019. 8. 3.,19:38:00,미현,1,종각,수원,24,,N,X,남,,청소년,X,X,O,핸드폰,엄마가 앉으라고 아들에게 권유 아들은 덥썩 앉음,백팩
2019. 8. 3.,19:48:00,미현,1,종각,수원,24,,F,X,여,,청년,X,X,X,잠,,
2019. 8. 3.,20:11:00,미현,1,종각,수원,24,,F,X,여,,중년,X,X,O,핸드폰,,"쇼핑백 두 개, 우산, 미니 크로스백"
2019. 8. 3.,20:11:00,미현,1,종각,수원,24,,F,X,남,,청년,X,X,O,핸드폰,,쇼퍼백
2019. 8. 3.,20:28:00,미현,1,종각,수원,24,,F,X,남,,청년,X,X,O,멍,외국인,mlb 백팩
2019. 8. 3.,20:29:00,미현,1,종각,수원,24,,F,X,남,,어린이,X,X,X,핸드폰,어린이 세 명이 두 자리에 나눠 앉음 그 앞에 부모님이 서계심,
2019. 8. 3.,20:40:00,미현,1,종각,수원,24,,F,X,남,,청년,X,X,O,대화,외국인,쇼핑백 상체 사이즈
2019. 8. 3.,20:40:00,미현,1,성균관대,수원,2,,F,X,비었음,2,,,,,,옆자리 중년 남성이 자신의 쇼핑백을 올려둠,
2019. 8. 3.,9:42:00,재민,10,야탑,왕십리,16,32,N,X,남,,중년,X,X,O,핸드폰,,백팩
2019. 8. 3.,9:54:00,재민,10,야탑,왕십리,16,,N,O,여,,청년,X,X,O,멍,,백팩
2019. 8. 3.,9:54:00,재민,10,야탑,왕십리,16,,N,O,여,,중년,X,X,O,멍,,"큰 크로스백, 도시락가방(?)"
2019. 8. 3.,10:14:00,재민,10,압구정로데오,왕십리,2,,E,O,비었음,2,,,,,,,
2019. 8. 3.,10:14:00,재민,10,압구정로데오,왕십리,2,,E,O,비었음,2,,,,,,,
2019. 8. 3.,10:32:00,재민,5,왕십리,광화문,7,14,N,O,여,,중년,X,X,X,,,
2019. 8. 3.,10:32:00,재민,5,왕십리,광화문,7,,N,O,여,,중년,X,X,X,,,
2019. 8. 3.,18:06:00,재민,5,광화문,왕십리,7,,F,O,여,,중년,X,X,O,,,백팩
2019. 8. 3.,18:06:00,재민,5,광화문,왕십리,7,,F,O,여,,청년,X,X,X,,,
2019. 8. 3.,18:11:00,재민,5,광화문,왕십리,7,,F,O,여,,중년,X,X,O,,,에코백 빵빵함
2019. 8. 3.,18:15:00,재민,5,광화문,왕십리,7,14,F,O,여,,노년,X,X,X,,,
2019. 8. 3.,18:23:00,재민,10,왕십리,야탑,16,32,N,X,여,,청년,X,O,X,핸드폰,,
2019. 8. 3.,18:23:00,재민,10,왕십리,가천대,13,,N,X,비었음,13,,,,,,옆에 앉은 여성분이 임산부석에 악기를 올려놓음,
2019. 8. 3.,18:35:00,재민,10,왕십리,야탑,16,,F,X,남,,청년,X,X,X,핸드폰,,
2019. 8. 3.,18:49:00,재민,10,왕십리,야탑,16,,F,X,여,,노년,X,X,X,잠,,
2019. 8. 3.,19:01:00,재민,10,왕십리,야탑,16,,F,X,여,,노년,X,X,X,"핸드폰, 이어폰",,
2019. 8. 3.,9:49:00,보민,6,화랑대,태릉입구,1,,N,O,비었음,1,,,,,,,
2019. 8. 3.,9:49:00,보민,6,화랑대,돌곶이,3,,N,O,비었음,3,,,,,,,
2019. 8. 3.,9:49:00,보민,6,석계,돌곶이,1,,N,O,비었음,1,,,,,,,
2019. 8. 3.,9:50:00,보민,6,안암,창신,2,,N,O,비었음,2,,,,,,,
2019. 8. 3.,9:50:00,보민,6,보문,창신,1,,N,O,비었음,1,,,,,,,
2019. 8. 3.,9:50:00,보민,6,화랑대,청구,12,24,E,O,여,,노년,X,X,X,미어캣,다음에 바로 내림,
2019. 8. 3.,9:50:00,보민,6,화랑대,청구,12,,E,O,여,,노년,X,X,O,전단지 정독,,소형 구루마
2019. 8. 3.,9:50:00,보민,6,화랑대,청구,12,,N,O,남,,노년,X,X,X,부채질,옆자리 났는데 꿋꿋이 팔걸치고 앉아 있음,
2019. 8. 3.,9:50:00,보민,6,화랑대,청구,12,,N,O,여,,노년,X,X,X,미어캣,뛰어와서 앉음,힙색
2019. 8. 3.,9:50:00,보민,6,화랑대,청구,12,,N,O,여,,청년,X,X,X,멍,옆자리로 옮겨앉음,
2019. 8. 3.,9:50:00,보민,6,화랑대,청구,12,,N,O,여,,청년,X,X,X,이어폰,,
2019. 8. 3.,9:50:00,보민,6,화랑대,청구,12,,N,O,여,,어린이,X,X,X,이어폰,,크로스백
2019. 8. 3.,10:13:00,보민,5,청구,광화문,4,8,E,O,여,,노년,X,X,X,묵주 돌리기,,핸드백
2019. 8. 3.,10:13:00,보민,5,청구,광화문,4,,E,O,남,,노년,X,X,X,"봉에 팔 걸침, 미어캣",,
2019. 8. 3.,10:20:00,보민,5,청구,광화문,4,,E,O,여,,중년,X,X,X,핸드폰,옆 자리에 앉아서 가방을 임산부석에 올려놓음,
2019. 8. 3.,19:20:00,보민,5,광화문,청구,4,8,E,O,비었음,12,,,,,,,
2019. 8. 3.,19:20:00,보민,6,청구,화랑대,12,24,E,O,비었음,12,,,,,,,
2019. 8. 3.,19:30:00,보민,6,청구,화랑대,12,,E,O,남,,중년,X,X,X,통화,한쪽 다리로 임산부석에 걸터 앉음,일수가방
2019. 8. 3.,18:03:00,단비,1,종각,온수,14,28,E,X,남,,노년,X,X,X,공부,,봉지(미니)
2019. 8. 3.,18:03:00,단비,1,종각,온수,14,,E,X,여,,중년,X,X,X,대화,,
2019. 8. 3.,18:31:00,단비,1,구로,온수,4,,E,X,비었음,,,,,,,,
2019. 8. 3.,18:43:00,단비,7,온수,신중동,4,8,E,X,비었음,,,,,,,,
2019. 8. 3.,18:43:00,단비,7,온수,까치울,1,,E,X,비었음,1,,,,,,,
2019. 8. 3.,18:46:00,단비,7,까치울,춘의,2,,E,X,여,,중년,X,X,X,잠,옆 자리가 비어서 춘의역부터는 일반석에 앉음,
2019. 8. 3.,18:50:00,단비,7,춘의,신중동,1,,E,X,비었음,,,,,,,,
2019. 8. 3.,8:36:00,미현,1,수원,신길,17,34,E,O,남,,중년,X,X,O,핸드폰,,백팩
2019. 8. 5.,8:27:00,한솔,1,병점,신길,19,38,F,O,남,,중년,X,X,O,핸드폰,,노트북 가방
2019. 8. 5.,8:27:00,한솔,1,병점,신길,19,,F,O,여,,청년,O,O,X,"핸드폰, 이어폰",,
2019. 8. 5.,8:36:00,미현,1,수원,군포,5,,E,O,비었음,5,,,,,,,
2019. 8. 5.,8:45:00,한솔,1,병점,수원,2,,F,X,남,,노년,X,X,X,핸드폰,,
2019. 8. 5.,8:51:00,미현,1,수원,신길,17,34,N,O,남,,중년,X,X,X,멍,,크로스백
2019. 8. 5.,8:53:00,미현,1,수원,신길,17,,N,O,여,,청년,X,X,O,핸드폰,,"에코백, 백팩"
2019. 8. 5.,8:53:00,미현,1,금정,안양,2,,N,O,비었음,2,,,,,,,
2019. 8. 5.,9:00:00,한솔,1,병점,신길,19,,F,X,여,,노년,X,X,X,핸드폰,,핸드백
2019. 8. 5.,9:00:00,미현,1,수원,신길,17,,F,X,여,,중년,X,X,X,멍,,핸드백
2019. 8. 5.,9:08:00,한솔,1,병점,신길,19,,F,O,여,,중년,X,X,X,잠,,
2019. 8. 5.,9:12:00,한솔,1,신도림,영등포,1,,F,O,비었음,1,,,,,,,
2019. 8. 5.,9:13:00,미현,1,수원,신길,17,,F,X,여,,중년,X,X,X,핸드폰,,핸드백
2019. 8. 5.,9:15:00,한솔,1,병점,신길,19,,F,O,남,,청년,X,X,O,,,백팩
2019. 8. 5.,9:20:00,한솔,5,신길,공덕,4,8,F,X,남,,노년,X,X,O,,,에코백
2019. 8. 5.,9:20:00,한솔,5,신길,공덕,4,,N,X,여,,중년,X,X,X,,,
2019. 8. 5.,9:38:00,미현,5,신길,공덕,4,8,F,X,여,,노년,X,X,O,멍,,"백팩, 크로스백"
2019. 8. 5.,9:38:00,미현,5,신길,공덕,4,,F,X,여,,청년,X,X,X,핸드폰,,크로스백
2019. 8. 5.,8:29:00,재민,10,야탑,왕십리,16,32,F,X,여,,청년,O,O,X,핸드폰,,
2019. 8. 5.,8:29:00,재민,10,야탑,왕십리,16,,F,X,여,,노년,X,X,X,핸드폰,,
2019. 8. 5.,8:38:00,재민,10,복정,수서,1,,F,X,비었음,1,,,,,,,
2019. 8. 5.,8:40:00,재민,10,야탑,왕십리,16,,F,X,남,,청년,X,X,X,핸드폰 -> 잠,점점 일반석이 많이 나도 옮기지 않음,
2019. 8. 5.,8:43:00,재민,10,야탑,왕십리,16,,F,X,여,,중년,X,X,X,음료마심,,
2019. 8. 5.,8:59:00,재민,10,압구정로데오,왕십리,2,,E,O,비었음,2,,,,,,,
2019. 8. 5.,9:13:00,재민,5,왕십리,공덕,11,22,E,O,여,,청년,X,X,X,핸드폰,,
2019. 8. 5.,9:13:00,재민,5,왕십리,공덕,11,,E,O,비었음,11,,,,,,,
2019. 8. 5.,9:26:00,재민,5,광화문,공덕,11,,E,O,비었음,11,,,,,,,
2019. 8. 5.,9:20:00,현미,6,불광,공덕,15,30,E,X,비었음,15,,,,,,,
2019. 8. 5.,9:20:00,현미,6,불광,합정,7,,E,X,비었음,7,,,,,,,
2019. 8. 5.,9:30:00,현미,6,합정,공덕,4,,E,X,남,,청년,X,X,X,핸드폰,,크로스백
2019. 8. 5.,18:35:00,미현,5,공덕,신길,4,8,F,X,여,,중년,X,X,X,핸드폰,,크로스백
2019. 8. 5.,18:35:00,미현,5,공덕,신길,4,,F,X,여,,청년,X,X,X,핸드폰,,"크로스백, 미니 쇼핑백"
2019. 8. 5.,18:48:00,미현,1,신길,수원,17,,N,X,여,,청년,O,O,X,핸드폰,,크로스백
2019. 8. 5.,18:48:00,미현,1,신길,영등포,1,,N,X,비었음,1,,,,,,,
2019. 8. 5.,18:51:00,미현,1,신길,수원,17,34,N,X,여,,청년,X,X,O,핸드폰,,쇼퍼백
2019. 8. 5.,8:53:00,보민,6,화랑대,돌곶이,3,,N,X,비었음,3,,,,,,,
2019. 8. 5.,8:53:00,보민,6,화랑대,상월곡,4,,N,X,비었음,4,,,,,,,
2019. 8. 5.,9:18:00,보민,6,한강진,삼각지,3,,N,O,비었음,3,,,,,,,
2019. 8. 5.,8:55:00,보민,6,화랑대,공덕,20,,N,X,여,,청년,O,O,X,,,
2019. 8. 5.,8:55:00,보민,6,화랑대,공덕,20,,N,X,여,,노년,X,X,X,,,"썬캡, 힙쌕"
2019. 8. 5.,8:58:00,보민,6,화랑대,공덕,20,,F,X,여,,청년,X,X,O,핸드폰,,백팩
2019. 8. 5.,18:45:00,보민,11,공덕,회기,10,20,F,X,여,,중년,X,X,X,핸드폰,,
2019. 8. 5.,18:45:00,보민,11,공덕,회기,10,,F,X,여,,중년,X,X,X,핸드폰,,
2019. 8. 5.,18:50:00,보민,11,공덕,회기,10,,F,X,여,,중년,X,X,X,"핸드폰, 이어폰, 잠",,
2019. 8. 5.,20:44:00,한솔,5,공덕,신길,4,8,N,O,여,,중년,X,X,X,핸드폰,,
2019. 8. 5.,20:45:00,한솔,5,공덕,신길,4,,N,O,비었음,4,,,,,,,
2019. 8. 5.,20:49:00,한솔,5,여의나루,신길,2,,N,O,비었음,2,,,,,,,
2019. 8. 5.,21:02:00,한솔,1,신길,구로,3,,N,O,비었음,3,,,,,,,
2019. 8. 5.,21:02:00,한솔,1,신길,독산,5,,N,O,비었음,5,,,,,,,
2019. 8. 5.,21:10:00,한솔,1,신길,병점,19,38,N,O,여,,청년,X,X,O,핸드폰,,노말 쇼핑백
2019. 8. 5.,21:16:00,한솔,1,신길,병점,19,,N,O,여,,중년,X,X,O,멍,,쇼핑백
2019. 8. 5.,21:18:00,한솔,1,금천구청,병점,13,,N,O,비었음,13,,,,,,,
2019. 8. 5.,21:41:00,한솔,1,의왕,병점,5,,N,O,비었음,5,,,,,,,
2019. 8. 5.,20:58:00,현미,6,공덕,불광,13,26,E,O,비었음,13,,,,,,,
2019. 8. 5.,20:59:00,현미,6,공덕,디엠씨,6,,E,O,비었음,6,,,,,,,
2019. 8. 5.,21:10:00,현미,6,디엠씨,불광,5,,N,O,남,,청년,X,X,X,멍,,
2019. 8. 5.,21:06:00,재민,5,공덕,왕십리,11,,E,O,비었음,11,,,,,,,
2019. 8. 5.,21:06:00,재민,5,공덕,왕십리,11,,E,O,비었음,11,,,,,,,
2019. 8. 5.,21:31:00,재민,10,왕십리,야탑,16,32,E,O,비었음,16,,,,,,,
2019. 8. 5.,21:31:00,재민,10,왕십리,서울숲,1,,E,O,비었음,1,,,,,,,
2019. 8. 5.,21:37:00,재민,10,서울숲,강남구청,2,,E,O,여,,청년,X,O,X,핸드폰,,
2019. 8. 5.,21:41:00,재민,10,강남구청,야탑,13,,E,O,비었음,13,,,,,,,
2019. 8. 5.,8:36:00,단비,7,신중동,온수,4,8,F,X,여,,청년,X,X,O,핸드폰,,에코백
2019. 8. 5.,8:36:00,단비,7,신중동,온수,4,,F,X,여,,청년,X,X,X,핸드폰,,크로스백
2019. 8. 5.,8:46:00,단비,1,온수,신길,7,14,N,X,여,,중년,X,X,X,핸드폰,,크로스백
2019. 8. 5.,8:46:00,단비,1,온수,신길,7,,N,X,남,,노년,X,X,X,멍,자꾸 두리번 거리심...,봉지(중)
2019. 8. 5.,8:51:00,단비,1,개봉,구로,2,,N,X,비었음,2,,,,,,,
2019. 8. 5.,8:57:00,단비,1,온수,신길,7,,N,X,여,,중년,X,X,X,핸드폰,,
2019. 8. 5.,9:03:00,단비,1,온수,신길,7,,N,X,여,,중년,X,X,O,잠,,메신저백
2019. 8. 5.,9:10:00,단비,5,신길,공덕,4,8,E,X,비었음,4,,,,,,,
2019. 8. 5.,9:10:00,단비,5,신길,공덕,4,,E,X,여,,청년,X,X,X,잠,,크로스백
2019. 8. 5.,9:17:00,단비,5,마포,공덕,1,,E,X,비었음,1,,,,,,,
2019. 8. 5.,18:40:00,단비,5,공덕,신길,4,8,F,X,여,,청년,X,X,X,잠,,크로스백
2019. 8. 5.,18:40:00,단비,5,공덕,신길,4,,F,X,남,,청년,X,X,O,핸드폰,,백팩
2019. 8. 5.,18:56:00,단비,1,신길,부천,10,20,F,X,여,,청년,X,X,X,핸드폰,,"크로스백, 봉지(소)"
2019. 8. 5.,18:56:00,단비,1,신길,부천,10,,F,X,여,,중년,X,X,O,잠,,메신저백
2019. 8. 5.,19:11:00,단비,1,역곡,부천,2,,F,X,여,,청년,X,X,X,핸드폰,,클러치
2019. 8. 5.,19:11:00,단비,1,역곡,부천,2,,F,X,여,,청년,X,X,X,핸드폰,,크로스백
2019. 8. 5.,17:57:00,보민,6,동묘앞,화랑대,7,14,F,X,비었음,7,,,,,,,
2019. 8. 5.,8:58:00,보민,6,화랑대,공덕,20,40,N,X,여,,청년,X,X,X,이어폰,옆자리가 나자 옮겨 앉음,토드백
2019. 8. 7.,8:18:00,한솔,1,병점,수원,2,,E,O,비었음,2,,,,,,,
2019. 8. 7.,8:18:00,한솔,1,병점,금정,8,,F,O,비었음,8,,,,,,,
2019. 8. 7.,8:23:00,미현,1,수원,신길,17,34,F,X,남,,중년,X,X,O,"핸드폰, 이어폰",,"우산, 노트북 가방"
2019. 8. 7.,8:23:00,미현,1,수원,신길,17,,F,X,여,,노년,X,X,X,대화,옆에 남편으로 추정되는 분과 대화중,
2019. 8. 7.,8:29:00,한솔,1,병점,신길,19,38,N,O,여,,중년,X,X,X,핸드폰,,
2019. 8. 7.,8:44:00,한솔,1,병점,신길,19,,F,X,여,,중년,X,X,X,핸드폰,,핸드백
2019. 8. 7.,8:46:00,미현,1,수원,신길,17,,F,X,여,,중년,X,X,X,잠,,작은 크기의 백팩
2019. 8. 7.,8:57:00,미현,1,수원,신길,17,,F,X,여,,중년,X,X,X,핸드폰,,"크로스백, 우산"
2019. 8. 7.,9:07:00,미현,5,신길,공덕,4,8,F,X,비었음,4,,,,,,,
2019. 8. 7.,9:08:00,한솔,1,병점,신길,19,,F,O,여,,청년,O,O,X,"이어폰, 잠",,
2019. 8. 7.,9:07:00,미현,5,신길,공덕,4,,F,X,여,,중년,X,X,O,핸드폰,,백팩
2019. 8. 7.,9:10:00,미현,5,신길,공덕,4,,F,X,여,,중년,X,X,X,잠,,핸드백
2019. 8. 7.,9:16:00,보민,6,화랑대,공덕,20,40,N,X,여,,청년,X,O,O,핸드폰,,"에코백, 장우산"
2019. 8. 7.,9:16:00,보민,6,화랑대,공덕,20,,N,X,여,,노년,X,X,O,멍,,보스턴백
2019. 8. 7.,9:19:00,한솔,1,병점,신길,19,,F,O,여,,노년,X,X,O,멍,,"페인트통, 우산, 핸드백"
2019. 8. 7.,9:26:00,한솔,5,신길,공덕,4,8,F,X,여,,중년,X,X,X,"이어폰, 핸드폰",,
2019. 8. 7.,9:32:00,보민,6,화랑대,공덕,20,,F,X,여,,중년,X,X,X,멍,한정거장 가서 바로 내림,
2019. 8. 7.,9:34:00,보민,6,동묘앞,약수,3,,E,O,비었음,3,,,,,,,
2019. 8. 7.,9:34:00,보민,6,동묘앞,공덕,10,,E,O,비었음,10,,,,,,,
2019. 8. 7.,9:39:00,보민,6,화랑대,공덕,20,,E,O,여,,중년,X,X,X,미어캣,반대줄에 자리가 나자 옮겨앉음,"손가방, 물"
2019. 8. 7.,9:42:00,보민,6,한강진,공덕,5,,N,O,비었음,5,,,,,,,
2019. 8. 7.,8:36:00,재민,10,야탑,왕십리,16,32,F,X,여,,청년,X,X,X,잠,,
2019. 8. 7.,8:36:00,재민,10,야탑,왕십리,16,,F,X,여,,노년,X,X,X,잠,,
2019. 8. 7.,8:52:00,재민,10,야탑,왕십리,16,,F,X,여,,중년,X,X,X,핸드폰,,
2019. 8. 7.,9:06:00,재민,10,강남구청,왕십리,3,,E,O,비었음,3,,,,,,,
2019. 8. 7.,9:23:00,재민,5,왕십리,공덕,11,22,N,X,여,,청년,X,X,X,핸드폰,,
2019. 8. 7.,9:23:00,재민,5,왕십리,공덕,11,,N,X,여,,청년,X,X,X,잠,,
2019. 8. 7.,9:28:00,재민,5,왕십리,공덕,11,,N,X,여,,중년,X,X,X,핸드폰,,
2019. 8. 7.,9:42:00,재민,5,왕십리,공덕,11,,N,X,여,,중년,X,X,X,핸드폰,,
2019. 8. 7.,9:43:00,재민,5,애오개,공덕,1,,N,X,비었음,1,,,,,,,
2019. 8. 7.,18:55:00,한솔,1,신길,병점,19,38,F,X,여,,중년,X,X,X,대화,,
2019. 8. 7.,18:55:00,한솔,1,신길,병점,19,,F,X,여,,중년,X,X,X,"이어폰, 핸드폰",,
2019. 8. 7.,19:34:00,한솔,1,당정,병점,6,,N,O,비었음,6,,,,,,,
2019. 8. 7.,19:38:00,한솔,1,의왕,병점,5,,N,O,비었음,5,,,,,,,
2019. 8. 7.,18:28:00,현미,6,공덕,합정,4,8,E,O,비었음,4,,,,,,,
2019. 8. 7.,18:29:00,현미,6,공덕,합정,4,,E,O,비었음,4,,,,,,,
2019. 8. 7.,18:34:00,현미,6,상수,합정,1,,N,O,남,,중년,X,X,X,핸드폰,,
2019. 8. 7.,20:19:00,미현,5,공덕,신길,4,,N,O,여,,청년,X,X,X,핸드폰,,잠
2019. 8. 7.,20:19:00,미현,5,공덕,신길,4,8,N,O,비었음,4,,,,,,,
2019. 8. 7.,20:33:00,미현,1,신길,수원,17,34,N,O,남,,중년,X,X,O,멍,,노트북 가방
2019. 8. 7.,20:33:00,미현,1,신길,영등포,1,,N,O,비었음,1,,,,,,,
2019. 8. 7.,20:36:00,미현,1,신길,수원,17,,N,O,남,,노년,X,X,X,멍,,
2019. 8. 7.,20:47:00,미현,1,가산디지털단지,금정,7,,F,X,비었음,7,,,,,,한 청년이 임산부석 앞에 서 있음,
2019. 8. 7.,21:09:00,미현,1,신길,수원,17,,N,X,여,,중년,X,X,O,멍,,큰 사이즈의 가방 세 개
2019. 8. 7.,21:09:00,미현,1,신길,수원,17,,N,X,남,,청년,X,X,X,핸드폰,외국인,
2019. 8. 7.,21:17:00,미현,1,의왕,수원,3,,E,O,비었음,3,,,,,,,
2019. 8. 7.,21:12:00,현미,6,합정,디엠씨,4,,F,O,남,,청년,X,X,X,핸드폰,,
2019. 8. 7.,21:13:00,현미,6,합정,디엠씨,4,,F,O,여,,중년,X,X,X,멍,,
2019. 8. 7.,21:24:00,현미,6,디엠씨,불광,5,,N,O,비었음,5,,,,,,,
2019. 8. 7.,21:26:00,현미,6,디엠씨,불광,5,10,N,O,비었음,5,,,,,,,
2019. 8. 7.,21:04:00,보민,6,공덕,약수,7,,E,O,비었음,7,,,,,,,
2019. 8. 7.,21:04:00,보민,6,공덕,효창공원,1,,E,O,비었음,1,,,,,,,
2019. 8. 7.,21:04:00,보민,6,공덕,화랑대,20,40,N,O,남,,청년,X,X,X,"이어폰, 핸드폰",,가벼운 백팩
2019. 8. 7.,21:15:00,보민,6,공덕,화랑대,20,,N,O,여,,청년,X,X,X,핸드폰,옆자리 나자 옮겨앉음,"크로스백, 우산"
2019. 8. 7.,21:15:00,보민,6,공덕,화랑대,20,,N,O,여,,청년,X,X,O,핸드폰,반대편 라인 자리나자 옮겨앉음,"핸드백, 시장바구니"
2019. 8. 7.,21:55:00,보민,6,창신,화랑대,9,,N,X,비었음,9,,,,,,,
2019. 8. 7.,21:35:00,보민,6,석계,화랑대,2,,E,O,비었음,2,,,,,,,
2019. 8. 7.,21:19:00,재민,5,공덕,왕십리,11,22,E,O,남,,청년,X,X,X,핸드폰,7석 중 5석이 비어있는 와중에 임산부석 옆자리에 앉아있던 남자가 임산부석으로 옮김,
2019. 8. 7.,21:19:00,재민,5,공덕,종로3가,5,,E,O,비었음,5,,,,,,,
2019. 8. 7.,21:28:00,재민,5,공덕,왕십리,11,,N,X,남,,중년,X,X,X,핸드폰,,
2019. 8. 7.,21:46:00,재민,10,왕십리,야탑,16,32,E,O,여,,중년,X,X,O,핸드폰 -> 독서,,"백팩, 핸드백"
2019. 8. 7.,21:46:00,재민,10,왕십리,선릉,5,,E,O,비었음,5,,,,,,,
2019. 8. 7.,21:59:00,재민,10,왕십리,야탑,16,,F,X,여,,청년,X,X,X,"핸드폰, 이어폰",,
2019. 8. 7.,8:48:00,단비,1,온수,신길,7,14,F,X,남,,청년,X,X,O,잠,,메신저백
2019. 8. 7.,8:48:00,단비,1,온수,신길,7,,F,X,남,,중년,X,X,X,대화,목발을 짚고 계심,크로스백
2019. 8. 7.,9:03:00,단비,1,온수,신길,7,,F,X,남,,중년,X,X,O,핸드폰,,백팩
2019. 8. 7.,9:10:00,단비,5,신길,공덕,4,8,N,O,여,,청년,X,X,O,핸드폰,,보스턴백
2019. 8. 7.,9:10:00,단비,5,신길,공덕,4,,N,O,여,,청년,X,X,X,핸드폰,,"크로스백, 봉지(미니)"
2019. 8. 7.,18:56:00,단비,5,공덕,신길,4,,F,X,여,,청년,X,X,O,핸드폰,,보스턴백
2019. 8. 7.,18:56:00,단비,5,공덕,신길,4,,F,X,여,,청년,X,X,O,핸드폰,,보스턴백
2019. 8. 7.,19:12:00,단비,1,신길,온수,7,14,F,X,여,,청년,X,X,X,핸드폰,,크로스백
2019. 8. 7.,19:12:00,단비,1,신길,온수,7,,F,X,남,,중년,X,X,X,핸드폰,,
2019. 8. 7.,19:17:00,단비,1,신길,온수,7,,F,X,여,,청년,O,O,X,전화,,크로스백
2019. 8. 7.,19:28:00,단비,1,오류동,온수,1,,F,X,비었음,1,,,,,,,
2019. 8. 7.,19:34:00,단비,7,온수,신중동,4,8,F,X,여,,청년,X,X,O,핸드폰,,보스턴백
2019. 8. 7.,19:34:00,단비,7,온수,신중동,4,,F,X,비었음,4,,,,,,,
2019. 8. 8.,8:15:00,한솔,1,병점,수원,2,,E,O,비었음,2,,,,,,,
2019. 8. 8.,8:15:00,한솔,1,병점,수원,2,,E,O,비었음,2,,,,,,,
2019. 8. 8.,8:28:00,한솔,1,병점,신길,19,38,N,O,남,,중년,X,X,O,"핸드폰, 이어폰",,노트북 가방
2019. 8. 8.,8:28:00,한솔,1,병점,신길,19,,N,O,남,,청년,X,X,O,핸드폰,,백팩
2019. 8. 8.,8:38:00,미현,1,수원,신길,17,34,N,O,남,,중년,X,X,O,핸드폰,,노트북 가방
2019. 8. 8.,8:38:00,미현,1,수원,신길,17,,N,O,여,,중년,X,X,X,핸드폰,,웨이스트백
2019. 8. 8.,8:46:00,한솔,1,병점,신길,19,,N,O,남,,청년,X,X,X,핸드폰,,
2019. 8. 8.,8:52:00,미현,1,수원,신길,17,,N,X,여,,중년,X,X,O,멍,,"양산, 에코백"
2019. 8. 8.,8:52:00,보민,6,화랑대,공덕,20,40,N,O,여,,노년,X,X,X,미어캣,노약좌석 양쪽 칸은 차 있고 혼자 앉아있는 할배 있음,가벼운 백팩
2019. 8. 8.,8:52:00,보민,6,화랑대,공덕,20,,N,O,여,,청년,X,X,X,전화,,토드백
2019. 8. 8.,8:56:00,미현,1,수원,신길,17,,F,X,여,,중년,X,X,X,핸드폰,,크로스백
2019. 8. 8.,9:04:00,미현,1,수원,신길,17,,F,X,여,,중년,X,X,O,핸드폰,,백팩
2019. 8. 8.,9:10:00,보민,6,화랑대,공덕,20,,N,X,여,,청년,X,X,X,잠,,토드백
2019. 8. 8.,9:11:00,보민,6,화랑대,공덕,20,,N,X,여,,중년,X,X,X,멍,,손가방
2019. 8. 8.,9:15:00,보민,6,화랑대,공덕,20,,N,O,여,,중년,X,X,O,잠,,보스턴백
2019. 8. 8.,9:18:00,보민,6,한강진,삼각지,3,,N,O,비었음,3,,,,,,,
2019. 8. 8.,9:19:00,한솔,1,병점,신길,19,,F,X,남,,중년,X,X,X,핸드폰,,
2019. 8. 8.,9:25:00,보민,6,화랑대,공덕,20,,N,O,여,,청년,X,X,O,핸드폰,,보스턴백
2019. 8. 8.,9:27:00,한솔,5,신길,공덕,4,8,F,X,여,,중년,X,X,O,핸드폰,,에코백
2019. 8. 8.,9:28:00,한솔,5,신길,공덕,4,,F,X,남,,중년,X,X,X,"이어폰, 핸드폰",,
2019. 8. 8.,9:28:00,한솔,5,여의도,공덕,3,,F,X,비었음,3,,,,,,,
2019. 8. 8.,9:39:00,미현,5,신길,공덕,4,,F,X,비었음,4,,,,,,,
2019. 8. 8.,9:39:00,미현,5,신길,마포,3,,F,X,비었음,3,,,,,,,
2019. 8. 8.,9:45:00,미현,5,신길,공덕,4,8,F,X,남,,청소년,X,X,X,핸드폰,,
2019. 8. 8.,8:35:00,재민,10,야탑,왕십리,16,32,F,X,여,,청년,X,X,X,이어폰,,
2019. 8. 8.,8:35:00,재민,10,야탑,왕십리,16,,F,X,여,,청년,X,X,X,먹기,,
2019. 8. 8.,8:55:00,재민,10,야탑,왕십리,16,,F,X,여,,청년,X,X,X,"핸드폰, 손풍기쐬기",,
2019. 8. 8.,9:01:00,재민,10,선릉,왕십리,5,,N,X,비었음,5,,,,,,,
2019. 8. 8.,9:05:00,재민,10,강남구청,왕십리,3,,E,O,비었음,3,,,,,,,
2019. 8. 8.,9:23:00,재민,5,왕십리,행당,1,,N,X,비었음,1,,,,,,,
2019. 8. 8.,9:23:00,재민,5,왕십리,공덕,11,22,N,X,여,,청년,X,O,X,"핸드폰, 이어폰",,
2019. 8. 8.,9:24:00,재민,5,왕십리,공덕,11,,N,X,여,,청년,X,X,O,멍,일반석 빈자리 생기니 옮김,백팩 2개
2019. 8. 8.,9:29:00,재민,5,동대문역사문화공원,공덕,7,,N,X,비었음,7,,,,,,,
2019. 8. 8.,9:38:00,재민,5,서대문,공덕,3,,E,O,비었음,3,,,,,,,
2019. 8. 8.,9:10:00,현미,6,불광,월드컵경기장,7,,E,O,비었음,7,,,,,,,
2019. 8. 8.,9:12:00,현미,6,불광,공덕,14,28,E,O,비었음,14,,,,,,,
2019. 8. 8.,9:26:00,현미,6,합정,공덕,4,,E,O,남,,청년,X,X,X,핸드폰,,
2019. 8. 8.,17:39:00,미현,5,공덕,신길,4,8,F,X,여,,노년,X,X,X,핸드폰,,
2019. 8. 8.,17:40:00,보민,6,공덕,화랑대,20,40,N,O,여,,중년,X,X,O,핸드폰,,백팩
2019. 8. 8.,17:40:00,보민,6,공덕,화랑대,20,,N,O,여,,중년,X,X,X,멍,,손가방
2019. 8. 8.,17:39:00,미현,5,공덕,신길,4,,F,X,여,,중년,X,X,X,잠,,
2019. 8. 8.,17:44:00,보민,6,삼각지,약수,5,,N,O,비었음,5,,,,,,,
2019. 8. 8.,17:51:00,보민,6,약수,청구,1,,N,O,비었음,1,,,,,,,
2019. 8. 8.,17:52:00,보민,6,공덕,화랑대,20,40,N,O,여,,청년,X,X,X,,갑자기 일어나서 열차칸 이동??? 내가 너무 빤히 봤나?,
2019. 8. 8.,17:53:00,보민,6,공덕,화랑대,20,,N,O,여,,청년,O,O,O,핸드폰,,백팩
2019. 8. 8.,17:55:00,미현,1,신길,수원,17,34,F,X,여,,청년,X,X,X,핸드폰,,크로스백
2019. 8. 8.,17:55:00,미현,1,신길,수원,17,,F,X,남,,중년,X,X,X,잠,옆자리에 임산부 뱃지를 달고 계신 분이 앉아계심,
2019. 8. 8.,18:09:00,미현,1,신길,수원,17,,F,X,남,,중년,X,X,X,멍,,
2019. 8. 8.,18:26:00,미현,1,신길,수원,17,,F,X,여,,중년,X,X,X,핸드폰,,"미니 쇼핑백, 핸드백"
2019. 8. 8.,18:26:00,미현,1,신길,수원,17,,F,X,여,,청년,X,X,X,핸드폰,,
2019. 8. 8.,18:34:00,미현,1,금정,수원,6,,F,X,비었음,6,,,,,,,
2019. 8. 8.,8:39:00,단비,7,신중동,춘의,1,,N,O,비었음,1,,,,,,,
2019. 8. 8.,8:39:00,단비,7,신중동,온수,4,8,N,O,여,,중년,X,X,X,핸드폰,,크로스백
2019. 8. 8.,8:41:00,단비,7,신중동,온수,4,,N,O,남,,청년,X,X,O,잠,,에코백
2019. 8. 8.,8:56:00,단비,1,온수,신길,7,14,N,X,남,,청년,X,X,O,잠,,백팩
2019. 8. 8.,8:56:00,단비,1,온수,신길,7,,N,X,여,,중년,X,X,O,잠,,에코백
2019. 8. 8.,9:05:00,단비,1,온수,신길,7,,N,X,여,,중년,X,X,O,잠,,에코백
2019. 8. 8.,9:16:00,단비,5,신길,공덕,4,8,F,X,여,,노년,X,X,O,핸드폰,,보스턴백
2019. 8. 8.,9:16:00,단비,5,신길,여의도,1,,F,X,비었음,1,,,,,,,
2019. 8. 8.,9:18:00,단비,5,신길,공덕,4,,F,X,여,,중년,X,X,O,핸드폰,,백팩
2019. 8. 8.,17:40:00,단비,5,공덕,신길,4,8,N,O,남,,중년,X,X,X,핸드폰,,
2019. 8. 8.,17:40:00,단비,5,공덕,여의나루,2,,N,O,비었음,2,,,,,,,
2019. 8. 8.,17:43:00,단비,5,공덕,신길,4,,N,O,여,,노년,X,X,X,대화,,크로스백
2019. 8. 8.,17:46:00,단비,5,여의도,신길,1,,N,O,비었음,1,,,,,,,
2019. 8. 8.,17:54:00,단비,1,신길,부천,10,20,N,X,여,,중년,X,X,X,대화,팔깁스 하고 계심,크로스백
2019. 8. 8.,17:54:00,단비,1,신길,부천,10,,N,X,여,,중년,X,X,X,대화,,크로스백
2019. 8. 8.,17:56:00,단비,1,신길,부천,10,,N,X,여,,중년,X,X,O,핸드폰,,백팩
2019. 8. 8.,17:59:00,단비,1,신길,부천,10,,N,X,여,,노년,X,X,O,멍,,백팩
2019. 8. 8.,17:39:00,재민,5,공덕,답십리,13,26,N,O,여,,중년,X,X,X,잠,,
2019. 8. 8.,17:39:00,재민,5,공덕,답십리,13,,N,O,여,,노년,X,X,O,핸드폰,,구루마
2019. 8. 8.,17:54:00,재민,5,공덕,답십리,13,,F,X,여,,청년,X,X,X,핸드폰,,
2019. 8. 8.,18:08:00,재민,5,답십리,왕십리,2,,N,O,비었음,2,,,,,,,
2019. 8. 8.,18:08:00,재민,5,답십리,왕십리,2,,N,O,여,,중년,X,X,O,멍,,"봉지(중)2개, 토트백(봉지(중)사이즈)"
2019. 8. 8.,18:21:00,재민,10,왕십리,야탑,16,32,F,X,여,,중년,X,X,X,핸드폰,,
2019. 8. 8.,18:21:00,재민,10,왕십리,야탑,16,,F,X,여,,중년,X,X,X,핸드폰,,
2019. 8. 9.,8:09:00,미현,1,수원,신길,17,34,N,O,남,,청년,X,X,O,멍,,쇼퍼백
2019. 8. 9.,8:09:00,미현,1,수원,신길,17,,N,O,여,,중년,X,X,X,잠,,핸드백
2019. 8. 9.,8:13:00,한솔,1,병점,세류,1,,E,O,비었음,1,,,,,,,
2019. 8. 9.,8:13:00,한솔,1,병점,수원,2,,E,O,비었음,2,,,,,,,
2019. 8. 9.,8:23:00,한솔,1,병점,신길,19,38,E,O,여,,청년,X,X,O,핸드폰,,"백팩, 에코백"
2019. 8. 9.,8:26:00,한솔,1,병점,신길,19,,N,O,남,,청년,X,X,O,"핸드폰, 이어폰",,백팩
2019. 8. 9.,8:26:00,한솔,1,병점,신길,19,,N,O,남,,청년,X,X,O,"핸드폰, 이어폰",,노트북 가방
2019. 8. 9.,8:28:00,미현,1,수원,신길,17,,N,O,남,,청년,X,X,X,핸드폰,,
2019. 8. 9.,8:33:00,미현,1,수원,신길,17,,F,X,여,,청년,X,X,X,핸드폰,,핸드백
2019. 8. 9.,8:37:00,미현,3,수원,신길,17,,F,X,여,,중년,X,X,X,핸드폰,,핸드백
2019. 8. 9.,8:50:00,보민,6,화랑대,공덕,20,40,F,O,여,,중년,X,X,X,,1정거장 후 내림,
2019. 8. 9.,8:52:00,보민,6,화랑대,공덕,20,,F,O,여,,청년,X,X,X,빵먹음,"빵먹으면서 걸터앉아있음, 1정거장 후 내림",
2019. 8. 9.,8:52:00,보민,6,화랑대,공덕,20,,F,O,여,,중년,X,X,X,,,
2019. 8. 9.,8:55:00,한솔,1,병점,신길,19,,F,X,여,,노년,X,X,X,멍,,
2019. 8. 9.,8:57:00,보민,6,화랑대,공덕,20,,F,X,여,,중년,X,X,X,"이어폰, 잠",,
2019. 8. 9.,8:59:00,한솔,1,병점,신길,19,,F,X,여,,중년,X,X,O,핸드폰,,캐리어
2019. 8. 9.,9:10:00,보민,6,화랑대,공덕,20,,F,X,여,,청년,X,X,X,핸드폰,,핸드백
2019. 8. 9.,9:10:00,미현,5,신길,공덕,4,8,F,X,여,,중년,X,X,O,핸드폰,,백팩
2019. 8. 9.,9:10:00,미현,5,신길,공덕,4,,F,X,여,,청년,X,X,O,핸드폰,,에코백
2019. 8. 9.,9:20:00,보민,6,약수,공덕,7,,N,O,비었음,7,,,,,,,
2019. 8. 9.,9:16:00,한솔,1,병점,신길,19,,F,X,여,,중년,X,X,X,잠,,
2019. 8. 9.,9:21:00,한솔,5,신길,공덕,4,8,F,O,여,,중년,X,X,O,멍,,백팩
2019. 8. 9.,9:22:00,한솔,5,여의도,마포,2,,F,O,비었음,2,,,,,,,
2019. 8. 9.,9:27:00,한솔,5,신길,공덕,4,,N,O,여,,중년,X,X,O,대화,,메신저백}
2019. 8. 9.,8:39:00,재민,10,야탑,왕십리,16,32,F,X,여,,청년,X,X,X,핸드폰,,
2019. 8. 9.,8:39:00,재민,10,야탑,왕십리,16,,F,X,여,,중년,X,X,X,"핸드폰, 이어폰",,
2019. 8. 9.,8:48:00,재민,10,야탑,왕십리,16,,F,X,여,,청년,X,X,X,핸드폰,,
2019. 8. 9.,8:48:00,재민,10,복정,강남구청,9,,F,X,비었음,9,,,,,,,
2019. 8. 9.,9:09:00,재민,10,강남구청,왕십리,3,,E,O,비었음,3,,,,,,,
2019. 8. 9.,9:09:00,재민,10,야탑,왕십리,16,,E,O,여,,중년,X,X,X,멍,빈 자리 많은데도 임산부석에 앉았다가 1개 역 후에 내림,
2019. 8. 9.,9:11:00,재민,10,압구정로데오,왕십리,2,,E,O,비었음,2,,,,,,,
2019. 8. 9.,9:24:00,재민,5,왕십리,공덕,11,22,F,X,여,,청년,X,X,X,잠,,
2019. 8. 9.,9:24:00,재민,5,왕십리,공덕,11,,F,X,여,,청년,X,X,X,핸드폰,,
2019. 8. 9.,9:33:00,재민,5,을지로4가,공덕,6,,N,O,비었음,6,,,,,,,
2019. 8. 9.,9:15:00,현미,6,불광,디엠씨,7,,E,O,비었음,7,,,,,,,
2019. 8. 9.,9:26:00,현미,6,불광,공덕,15,30,E,O,비었음,15,,,,,,,
2019. 8. 9.,9:26:00,현미,6,디엠씨,공덕,2,,N,O,여,,노년,X,X,O,멍,,구르마에 상자(무거워보였음)
2019. 8. 9.,19:00:00,한솔,5,공덕,신길,4,8,N,X,여,,노년,X,X,X,"핸드폰, 이어폰",,
2019. 8. 9.,19:00:00,한솔,5,공덕,신길,4,,N,X,여,,노년,X,X,O,"핸드폰, 이어폰",,백팩
2019. 8. 9.,19:21:00,한솔,1,신길,병점,19,38,F,O,여,,중년,X,X,O,대화,,백팩
2019. 8. 9.,19:22:00,한솔,1,신길,병점,19,,F,O,여,,노년,X,X,O,멍,,에코백
2019. 8. 9.,19:25:00,한솔,1,신길,병점,19,,F,O,여,,중년,X,X,O,핸드폰,,에코백
2019. 8. 9.,19:41:00,한솔,1,신길,병점,19,,N,O,여,,중년,X,X,X,"이어폰, 잠",,
2019. 8. 9.,19:44:00,한솔,1,석수,안양,2,,N,O,비었음,2,,,,,,,
2019. 8. 9.,19:47:00,한솔,1,신길,병점,19,,N,O,여,,청년,X,X,X,"핸드폰, 이어폰",,
2019. 8. 9.,19:51:00,한솔,1,신길,병점,19,,N,O,여,,청년,X,X,X,"핸드폰, 이어폰",,
2019. 8. 9.,19:53:00,한솔,1,신길,병점,19,,N,O,여,,노년,X,X,X,핸드폰,,
2019. 8. 9.,19:54:00,한솔,1,신길,병점,19,,E,O,남,,중년,X,X,X,핸드폰,,
2019. 8. 9.,19:55:00,한솔,1,신길,병점,19,,N,O,남,,노년,X,X,X,핸드폰,,
2019. 8. 9.,21:48:00,미현,5,공덕,신길,4,8,F,X,여,,중년,X,X,X,멍,,핸드백
2019. 8. 9.,21:48:00,미현,5,공덕,신길,4,,F,X,여,,어린이,X,X,O,멍,,에코백
2019. 8. 9.,22:12:00,미현,1,신길,구로,3,,N,O,비었음,3,,,,,,,
2019. 8. 9.,22:12:00,미현,1,신길,가산디지털단지,4,,N,O,비었음,4,,,,,,,
2019. 8. 9.,22:18:00,미현,1,신길,수원,17,34,F,O,남,,청년,X,X,X,핸드폰,,
2019. 8. 9.,22:20:00,미현,1,신길,수원,17,,F,O,여,,청소년,X,X,X,핸드폰,,
2019. 8. 9.,22:40:00,미현,1,금정,수원,6,,N,O,비었음,6,,,,,,,
2019. 8. 9.,21:50:00,재민,5,공덕,왕십리,11,22,E,O,비었음,11,,,,,,,
2019. 8. 9.,21:50:00,재민,5,공덕,동대문역사문화공원,7,,E,O,비었음,7,,,,,,,
2019. 8. 9.,22:03:00,재민,5,공덕,왕십리,11,,N,O,여,,중년,X,X,O,핸드폰,,백팩
2019. 8. 9.,22:06:00,재민,5,신금호,왕십리,2,,N,O,비었음,2,,,,,,,
2019. 8. 9.,22:15:00,재민,10,왕십리,강남구청,3,,E,O,비었음,3,,,,,,,
2019. 8. 9.,22:15:00,재민,10,왕십리,압구정로데오,2,,E,O,비었음,2,,,,,,,
2019. 8. 9.,22:25:00,재민,10,왕십리,야탑,16,32,N,O,여,,노년,X,X,O,멍,,"백팩, 에코백"
2019. 8. 9.,22:27:00,재민,10,왕십리,야탑,16,,N,O,여,,청년,X,X,X,"핸드폰, 이어폰",,
2019. 8. 9.,22:34:00,재민,10,왕십리,야탑,16,,F,X,남,,청년,X,X,O,"핸드폰, 이어폰",,백팩
2019. 8. 9.,22:44:00,재민,10,왕십리,야탑,16,,F,X,남,,중년,X,X,X,"잠, 이어폰",,
2019. 8. 9.,19:05:00,보민,5,공덕,여의도,3,6,N,O,여,,청년,X,X,X,대화,,토드백
2019. 8. 9.,19:05:00,보민,5,공덕,여의도,3,,N,O,여,,중년,X,X,X,핸드폰,,크로스백
2019. 8. 9.,19:18:00,보민,9,여의도,샛강,1,,N,X,비었음,1,,,,,,,
2019. 8. 9.,19:18:00,보민,9,여의도,노량진,2,,N,X,여,,청년,X,X,O,핸드폰,,보스턴백
2019. 8. 9.,19:20:00,보민,9,샛강,노량진,1,,N,X,여,,중년,X,X,X,핸드폰,,크로스백
2019. 8. 9.,19:26:00,보민,9,노량진,노들,1,,E,X,여,,청년,X,X,X,핸드폰,"옆자리가 비었는데 임산부석 앉음, 한정거장 가서 내림",
2019. 8. 9.,19:24:00,보민,9,노량진,흑석,2,,N,X,비었음,2,,,,,,,
2019. 8. 9.,19:28:00,보민,9,노들,흑석,1,,N,X,비었음,1,,,,,,,
2019. 8. 9.,19:31:00,보민,9,흑석,고속터미널,4,8,F,X,여,,중년,X,X,X,멍,,비닐봉지
2019. 8. 9.,19:31:00,보민,9,흑석,동작,1,,F,X,남,,노년,X,X,X,멍,앉을까 말까 고민하다가 눈치보고 앉음,
2019. 8. 9.,19:35:00,보민,9,동작,고속터미널,1,,F,X,여,,노년,X,X,X,멍,,크로스백
2019. 8. 9.,19:55:00,보민,7,고속터미널,학동,3,,F,X,비었음,3,,,,,,,
2019. 8. 9.,19:55:00,보민,7,고속터미널,상봉,14,28,F,X,남,,청년,X,X,X,핸드폰,"짧은머리, 환자같음",크로스백
2019. 8. 9.,20:00:00,보민,7,학동,태릉입구,14,,F,O,여,,청년,X,X,O,전화,,큰 쇼핑백
2019. 8. 9.,20:22:00,보민,7,상봉,먹골,2,,N,O,여,,노년,X,X,X,대화,남편과 같이 앉음,
2019. 8. 9.,20:26:00,보민,7,먹골,태릉입구,1,,E,O,비었음,1,,,,,,,
2019. 8. 9.,8:36:00,단비,7,신중동,까치울,3,,N,X,비었음,3,,,,,,,
2019. 8. 9.,8:36:00,단비,7,신중동,온수,4,8,N,X,여,,노년,X,X,O,핸드폰,,보스턴백
2019. 8. 9.,8:40:00,단비,7,신중동,온수,4,,N,X,남,,청년,X,X,X,핸드폰,,없음
2019. 8. 9.,8:40:00,단비,7,부천종합운동장,온수,2,,N,X,비었음,,,,,,,,
2019. 8. 9.,8:48:00,단비,1,온수,신길,7,14,N,X,여,,청년,X,X,O,잠,,백팩
2019. 8. 9.,8:48:00,단비,1,온수,신길,7,,N,X,여,,중년,X,X,O,핸드폰,,보스턴백
2019. 8. 9.,9:11:00,단비,5,신길,공덕,4,,N,X,여,,청년,X,X,O,핸드폰,,에코백
2019. 8. 9.,9:11:00,단비,5,신길,공덕,4,8,N,X,여,,노년,X,X,X,멍,,크로스백
2019. 8. 9.,9:12:00,단비,5,신길,공덕,4,,N,X,여,,노년,X,X,O,핸드폰,,백팩
2019. 8. 9.,9:12:00,단비,5,신길,공덕,4,8,N,X,여,,청년,X,?,X,핸드폰,,없음
2019. 8. 9.,19:00:00,단비,5,공덕,신길,4,,E,O,여,,청년,X,X,X,대화,,크로스백
2019. 8. 9.,19:00:00,단비,5,공덕,여의도,3,,E,O,비었음,3,,,,,,,
2019. 8. 9.,19:05:00,단비,5,공덕,신길,4,,E,O,여,,청년,X,X,O,핸드폰,,"보스턴백, 봉지(소)"
2019. 8. 9.,19:16:00,단비,1,신길,온수,7,14,N,X,여,,청년,X,X,O,멍,,보스턴백
2019. 8. 9.,19:16:00,단비,1,신길,온수,7,,N,X,여,,청년,X,X,X,멍,,크로스백
2019. 8. 9.,19:18:00,단비,1,신길,온수,7,,N,X,여,,중년,X,X,O,핸드폰,,보스턴백
2019. 8. 9.,19:19:00,단비,1,영등포,신도림,1,,N,X,비었음,1,,,,,,,
2019. 8. 9.,19:21:00,단비,1,신길,온수,7,,N,X,여,,노년,X,X,X,핸드폰,,크로스백
2019. 8. 9.,19:40:00,단비,7,온수,신중동,4,8,N,X,여,,청년,X,X,X,핸드폰,,크로스백
2019. 8. 9.,19:40:00,단비,7,온수,신중동,4,,N,X,여,,중년,X,X,X,핸드폰,,크로스백
2019. 8. 9.,19:42:00,단비,7,까치울,신중동,3,,N,X,비었음,3,,,,,,,
2019. 8. 9.,19:46:00,단비,7,춘의,신중동,1,,N,X,비었음,1,,,,,,,
2019. 8. 10.,15:07:00,단비,7,신중동,대림,10,20,E,X,여,,중년,X,X,O,핸드폰,,보스턴백
2019. 8. 10.,15:07:00,단비,7,신중동,대림,10,,E,X,여,,청년,X,X,O,핸드폰,,에코백
2019. 8. 10.,15:16:00,단비,7,신중동,대림,10,,E,X,여,,중년,X,X,O,멍,,에코백
2019. 8. 10.,22:49:00,단비,7,대림,신중동,10,,E,O,남,,노년,X,X,,대화,,
2019. 8. 10.,22:49:00,단비,7,대림,신중동,10,20,E,O,여,,청년,X,X,X,핸드폰,,웨이스트백
2019. 8. 10.,22:52:00,단비,7,가산디지털단지,철산,1,,E,O,비었음,1,,,,,,,
2019. 8. 10.,22:52:00,단비,7,대림,신중동,10,,E,O,남,,노년,X,X,X,멍,,
2019. 8. 10.,23:02:00,단비,7,대림,신중동,10,,E,O,여,,중년,X,X,X,대화,,크로스백
2019. 8. 11.,10:51:00,재민,10,야탑,왕십리,16,32,F,O,남,,청년,X,X,X,핸드폰,,
2019. 8. 11.,10:51:00,재민,10,야탑,왕십리,16,,F,O,여,,청년,X,X,X,핸드폰,,
2019. 8. 11.,10:59:00,재민,10,복정,수서,1,,N,O,비었음,1,,,,,,,
2019. 8. 11.,10:59:00,재민,10,복정,수서,1,,N,O,비었음,1,,,,,,,
2019. 8. 11.,11:04:00,재민,10,야탑,왕십리,16,,N,O,여,,중년,X,X,X,핸드폰,,
2019. 8. 11.,11:04:00,재민,10,야탑,왕십리,16,,N,O,여,,어린이,X,X,X,대화,"보호자가 앞에 서 있음, 일반석 나니 옮김",
2019. 8. 11.,11:20:00,재민,10,강남구청,왕십리,3,,E,O,비었음,3,,,,,,,
2019. 8. 11.,11:23:00,재민,10,압구정로데오,왕십리,2,,E,O,비었음,2,,,,,,,
2019. 8. 11.,11:37:00,재민,5,왕십리,마포,12,24,E,O,여,,노년,X,X,X,잠,,
2019. 8. 11.,11:37:00,재민,5,왕십리,마포,12,,E,O,여,,중년,X,X,O,핸드폰,,백팩
2019. 8. 11.,11:46:00,재민,5,을지로4가,마포,7,,E,O,비었음,7,,,,,,,
2019. 8. 11.,11:48:00,재민,5,종로3가,마포,6,,E,O,비었음,6,,,,,,,
2019. 8. 11.,19:42:00,재민,5,마포,왕십리,12,24,E,O,비었음,12,,,,,,,
2019. 8. 11.,19:42:00,재민,5,마포,왕십리,12,,E,O,비었음,12,,,,,,,
2019. 8. 11.,20:12:00,재민,10,왕십리,강남구청,3,,E,O,비었음,3,,,,,,,
2019. 8. 11.,20:12:00,재민,10,왕십리,야탑,16,32,E,O,여,,중년,X,X,X,잠,,
2019. 8. 11.,20:20:00,재민,10,왕십리,야탑,16,,E,O,여,,노년,X,X,X,통화,,
2019. 8. 11.,20:31:00,재민,10,대모산입구,수서,1,,E,O,비었음,1,,,,,,,
2019. 8. 11.,20:36:00,재민,10,왕십리,야탑,16,,N,X,여,,중년,X,X,X,대화,앉을까 말까 고민하고 있는데 일행이 앉힘,
2019. 8. 12.,8:00:00,한솔,1,병점,수원,2,,E,O,비었음,2,,,,,,,
2019. 8. 12.,8:00:00,한솔,1,병점,신길,19,38,E,O,여,,중년,X,X,X,핸드폰,빈자리가 많았음에도 불구하고 굳이 임산부석 착석,
2019. 8. 12.,8:12:00,한솔,1,수원 ,병점,2,,E,O,여,,중년,X,X,X,핸드폰,,
2019. 8. 12.,8:12:00,한솔,1,수원,병점,2,,E,O,비었음,2,,,,,,,
2019. 8. 12.,8:44:00,미현,1,수원,신길,17,34,E,O,여,,청년,O,O,X,핸드폰,,"핸드백, 장대우산"
2019. 8. 12.,8:44:00,미현,1,수원,화서,1,,E,O,비었음,1,,,,,,,
2019. 8. 12.,8:44:00,미현,1,수원,신길,17,,E,O,여,,중년,X,X,X,멍,,"핸드백, 우산(중), 미니쇼핑백"
2019. 8. 12.,9:02:00,미현,1,수원,신길,17,,N,X,여,,청년,X,X,X,핸드폰,,"장대우산, 크로스백"
2019. 8. 12.,9:27:00,미현,1,수원,신길,17,,N,X,여,,중년,X,X,O,핸드폰,,20인치 캐리어
2019. 8. 12.,9:44:00,미현,5,신길,공덕,4,8,F,X,여,,중년,X,X,X,핸드폰,,"핸드백, 3단 우산"
2019. 8. 12.,9:44:00,미현,5,신길,공덕,4,,F,X,여,,중년,X,X,X,핸드폰,,핸드백
2019. 8. 12.,9:45:00,미현,5,여의도,공덕,3,,F,X,비었음,3,,,,,,,
2019. 8. 12.,18:15:00,한솔,5,공덕,신길,4,8,F,X,여,,중년,X,X,X,핸드폰,,핸드백
2019. 8. 12.,18:15:00,한솔,5,공덕,신길,4,,F,X,여,,중년,X,X,X,핸드폰,,핸드백
2019. 8. 12.,18:56:00,한솔,1,신길,병점,19,38,F,O,남,,노년,X,X,X,멍,,
2019. 8. 12.,18:57:00,한솔,1,명학,성균관대,5,,F,O,비었음,5,,,,,,,
2019. 8. 12.,19:05:00,한솔,1,금정,성균관대,4,,N,O,비었음,4,,,,,,,
2019. 8. 12.,19:10:00,한솔,1,신길,병점,19,,E,O,여,,중년,X,X,X,대화,핸드백,
2019. 8. 12.,19:10:00,한솔,1,신길,병점,19,,E,O,남,,어린이,X,X,X,"핸드폰, 대화",,
2019. 8. 12.,21:15:00,미현,5,공덕,신길,4,8,F,O,여,,청년,O,O,X,핸드폰,,핸드백
2019. 8. 12.,21:15:00,미현,5,공덕,신길,4,,F,O,비었음,4,,,,,,,
2019. 8. 12.,21:33:00,미현,1,신길,수원,17,34,F,X,여,,중년,X,X,X,핸드폰,,핸드백
2019. 8. 12.,21:33:00,미현,1,신길,수원,17,,F,X,여,,중년,X,X,X,잠,,"핸드백, 장대우산"
2019. 8. 12.,21:45:00,미현,1,신길,수원,17,,F,X,여,,청년,X,X,O,전화,,"에코백, 2단 우산"
2019. 8. 12.,21:45:00,미현,1,가산디지털단지,금정,7,,F,X,비었음,7,,,,,,,
2019. 8. 12.,22:05:00,미현,1,신길,수원,17,,N,O,여,,중년,X,X,O,핸드폰,옆 자리에 앉아 있다가 임산부석으로 옮김,"백팩, 얼굴 크기의 비닐 봉지"
2019. 8. 12.,22:17:00,미현,1,성균관대역,수원,2,,E,O,비었음,2,,,,,,,
2019. 8. 12.,21:17:00,미현,1,성균관대역,수원,2,,E,O,비었음,2,,,,,,,
2019. 8. 12.,8:47:00,재민,10,야탑,복정,4,,F,X,비었음,4,,,,,,,
2019. 8. 12.,8:47:00,재민,10,야탑,왕십리,16,32,F,X,여,,청년,X,O,O,핸드폰,,"핸드백, 에코백, 장우산"
2019. 8. 12.,8:57:00,재민,10,야탑,왕십리,16,,F,X,여,,청년,X,X,X,화장,,"크로스백, 쇼핑백(소), 단우산"
2019. 8. 12.,8:57:00,재민,10,복정,강남구청,9,,F,X,비었음,9,,,,,,,
2019. 8. 12.,9:17:00,재민,10,야탑,왕십리,16,,E,O,여,,중년,X,X,X,멍,,
2019. 8. 12.,9:17:00,재민,10,강남구청,왕십리,3,,E,O,비었음,3,,,,,,,
2019. 8. 12.,9:19:00,재민,10,압구정로데오,왕십리,2,,E,O,비었음,2,,,,,,,
2019. 8. 12.,9:36:00,재민,5,왕십리,공덕,11,22,F,X,여,,청년,X,X,X,핸드폰,임산부가 탔는데 안 비켜줘서 그 옆자리 분이 비켜줌,
2019. 8. 12.,9:36:00,재민,5,왕십리,공덕,11,,F,X,여,,청년,X,X,X,잠,,
2019. 8. 12.,9:45:00,재민,5,을지로4가,종로3가,1,,N,O,비었음,1,,,,,,,
2019. 8. 12.,9:48:00,재민,5,왕십리,공덕,11,,N,O,남,,청소년,X,X,O,핸드폰,,"백팩, 장우산"
2019. 8. 12.,9:51:00,재민,5,서대문,공덕,3,,N,O,비었음,3,,,,,,,
2019. 8. 12.,21:19:00,재민,5,공덕,왕십리,11,22,E,O,비었음,11,,,,,,,
2019. 8. 12.,21:19:00,재민,5,공덕,충정로,2,,E,O,비었음,2,,,,,,,
2019. 8. 12.,21:22:00,재민,5,공덕,왕십리,11,,E,O,여,,청년,X,X,X,핸드폰,,
2019. 8. 12.,21:44:00,재민,10,왕십리,선릉,5,,E,O,비었음,5,,,,,,,
2019. 8. 12.,21:44:00,재민,10,왕십리,선정릉,4,,E,O,비었음,4,,,,,,,
2019. 8. 12.,21:57:00,재민,10,왕십리,야탑,16,,N,O,여,,중년,X,X,X,대화,,
2019. 8. 12.,21:59:00,재민,10,왕십리,야탑,16,,F,O,여,,청년,X,X,X,핸드폰,,
2019. 8. 12.,22:11:00,재민,10,왕십리,야탑,16,,F,O,여,,청년,X,X,O,"핸드폰, 이어폰",,메신저백
2019. 8. 12.,22:20:00,재민,10,왕십리,야탑,16,32,F,O,남,,중년,X,X,X,핸드폰,,"크로스백, 장우산"
2019. 8. 12.,21:24:00,보민,6,공덕,동묘앞,10,20,E,O,비었음,10,,,,,,,
2019. 8. 12.,21:25:00,보민,6,공덕,동묘앞,10,,E,O,여,,청년,O,O,X,핸드폰,,핸드백
2019. 8. 12.,21:42:00,보민,6,동묘앞,화랑대,10,,N,X,여,,중년,X,X,X,멍,,작은백팩
2019. 8. 12.,21:42:00,보민,6,동묘앞,돌곶이,7,,N,X,남,,노년,X,X,X,멍,,장우산
2019. 8. 12.,21:56:00,보민,6,돌곶이,화랑대,3,,N,O,비었음,3,,,,,,,
2019. 8. 12.,8:36:00,단비,7,신중동,온수,4,8,N,X,여,,청년,X,X,O,핸드폰,,에코백
2019. 8. 12.,8:36:00,단비,7,신중동,온수,4,,N,X,남,,청년,X,X,O,잠,,에코백
2019. 8. 12.,8:49:00,단비,1,온수,신길,7,14,N,X,여,,청년,X,X,O,핸드폰,,보스턴백
2019. 8. 12.,8:49:00,단비,1,온수,개봉,2,,N,X,비었음,2,,,,,,,
2019. 8. 12.,8:54:00,단비,1,온수,신길,7,,N,X,여,,노년,X,X,X,핸드폰,,크로스백
2019. 8. 12.,9:14:00,단비,5,신길,공덕,4,8,N,X,여,,노년,X,X,O,잠,,에코백
2019. 8. 12.,9:14:00,단비,5,신길,공덕,4,,N,X,여,,중년,X,X,O,핸드폰,,"보스턴백, 캐리어"
2019. 8. 12.,18:13:00,단비,5,공덕,신길,4,,N,X,여,,청년,X,X,O,핸드폰,,보스턴백
2019. 8. 12.,18:13:00,단비,5,공덕,신길,4,8,N,X,여,,노년,X,X,X,잠,,크로스백
2019. 8. 12.,18:34:00,단비,1,신길,온수,7,14,F,X,여,,청년,X,X,X,핸드폰,,크로스백
2019. 8. 12.,18:34:00,단비,1,신길,온수,7,,F,X,여,,중년,X,X,O,핸드폰,,보스턴백
2019. 8. 12.,19:00:00,단비,7,온수,신중동,4,8,F,X,여,,중년,X,X,X,핸드폰,,크로스백
2019. 8. 12.,19:00:00,단비,7,온수,신중동,4,,F,X,여,,청년,X,X,X,잠,,봉지 (소)
2019. 8. 13.,8:00:00,한솔,1,병점,신길,19,38,N,O,남,,청년,X,X,O,"이어폰, 잠",텅텅 빈 시작역부터 임산부석에 앉아서 옴,백팩
2019. 8. 13.,8:00:00,한솔,1,병점,신길,19,,N,O,여,,노년,X,X,O,잠,,백팩
2019. 8. 13.,8:21:00,한솔,1,병점,신길,19,,F,X,남,,중년,X,X,X,"이어폰, 잠",앞에 임산부 있는데도 자서 옆사람이 자리내줌.......,
2019. 8. 13.,8:24:00,미현,1,수원,신길,17,34,F,X,남,,중년,X,X,O,핸드폰,,노트북 가방
2019. 8. 13.,8:24:00,미현,1,수원,신길,17,,F,X,여,,중년,X,X,X,핸드폰,,핸드백
2019. 8. 13.,8:28:00,한솔,1,병점,신길,19,,F,X,여,,청년,X,X,O,핸드폰,,"핸드백, 에코백"
2019. 8. 13.,8:32:00,미현,1,수원,신길,17,,F,X,여,,노년,X,X,X,잠,,핸드백
2019. 8. 13.,8:46:00,한솔,1,독산,가산디지털단지,1,,F,X,비었음,1,,,,,,,
2019. 8. 13.,8:49:00,한솔,1,병점,신길,19,,F,X,여,,청년,X,X,X,"핸드폰, 이어폰",,
2019. 8. 13.,8:59:00,미현,1,수원,신길,17,,F,X,남,,중년,X,X,O,핸드폰,,이마트 장바구니
2019. 8. 13.,8:59:00,미현,1,수원,신길,17,,F,X,여,,중년,X,X,X,잠,,핸드백
2019. 8. 13.,9:11:00,한솔,5,신길,공덕,4,8,F,X,여,,중년,X,X,X,"핸드폰, 이어폰",,
2019. 8. 13.,9:12:00,한솔,5,신길,공덕,4,,F,X,여,,중년,X,X,O,"핸드폰, 이어폰",,백팩
2019. 8. 13.,9:10:00,미현,5,신길,공덕,4,8,F,X,여,,중년,X,X,X,멍,,핸드백
2019. 8. 13.,9:10:00,미현,5,신길,공덕,4,,F,X,남,,중년,X,X,X,멍,,크로스백
2019. 8. 13.,9:18:00,한솔,5,마포,공덕,1,,F,X,비었음,1,,,,,,,
2019. 8. 13.,8:42:00,재민,10,야탑,왕십리,16,32,F,X,여,,중년,X,X,X,멍,한참 눈치 보다가 앉음,
2019. 8. 13.,8:42:00,재민,10,야탑,왕십리,16,,F,X,여,,청년,X,X,X,핸드폰,,쇼핑백(중)
2019. 8. 13.,9:13:00,재민,10,강남구청,왕십리,3,,E,O,비었음,3,,,,,,,
2019. 8. 13.,9:28:00,재민,5,왕십리,공덕,11,22,N,X,여,,중년,X,X,X,핸드폰,,
2019. 8. 13.,9:28:00,재민,5,왕십리,공덕,11,,N,X,여,,중년,X,X,O,멍,,백팩
2019. 8. 13.,9:40:00,재민,5,종로3가,공덕,5,,E,X,비었음,5,,,,,,,
2019. 8. 13.,9:44:00,재민,5,왕십리,공덕,11,,E,O,여,,청년,O,O,X,핸드폰,옆자리에 있다가 임산부석이 비니까 옮김,
2019. 8. 13.,9:47:00,재민,5,왕십리,공덕,11,,E,O,남,,청년,X,X,O,대화,,백팩
2019. 8. 13.,9:01:00,현미,6,불광,새절,5,,E,O,비었음,5,,,,,,,
2019. 8. 13.,9:01:00,현미,6,불광,새절,5,,E,O,비었음,5,,,,,,,
2019. 8. 13.,9:13:00,현미,6,새절,마포구청,4,,N,O,여,,청년,X,X,X,핸드폰,,
2019. 8. 13.,9:13:00,현미,6,새절,마포구청,4,,N,O,여,,청년,X,X,X,멍,,
2019. 8. 13.,9:21:00,현미,6,마포구청,공덕,6,12,N,O,비었음,6,,,,,,,
2019. 8. 13.,9:21:00,현미,6,마포구청,공덕,6,,N,O,비었음,6,,,,,,,
2019. 8. 13.,18:56:00,한솔,5,공덕,신길,4,8,N,O,남,,청년,X,X,X,"이어폰, 핸드폰",,
2019. 8. 13.,18:57:00,한솔,5,공덕,신길,4,,N,O,여,,청년,X,X,X,핸드폰,,
2019. 8. 13.,19:13:00,한솔,1,신길,병점,19,38,N,O,여,,청년,X,X,O,핸드폰,,에코백
2019. 8. 13.,19:25:00,한솔,1,신길,병점,19,,F,O,여,,청년,X,X,X,잠,외국인,
2019. 8. 13.,19:45:00,한솔,1,금정,화서,5,,N,O,비었음,5,,,,,,,
2019. 8. 13.,20:05:00,한솔,1,신길,병점,19,,E,O,남,,청년,X,X,O,"이어폰, 핸드폰",옆자리 비어있는데도 앉아있음,에코백
2019. 8. 13.,20:07:00,한솔,1,신길,병점,19,,E,O,여,,청년,X,X,X,"핸드폰, 이어폰",일반자리 앉아있다가 임산부석 비니까 자리 옮김,
2019. 8. 13.,20:55:00,미현,5,공덕,신길,4,,N,O,비었음,4,,,,,,,
2019. 8. 13.,20:55:00,미현,5,공덕,신길,4,8,N,O,비었음,4,,,,,,,
2019. 8. 13.,21:09:00,미현,1,신길,수원,17,34,F,X,남,,노년,X,X,X,"핸드폰, 주변 살피기",,
2019. 8. 13.,21:09:00,미현,1,신길,신도림,2,,F,X,비었음,2,,,,,,,
2019. 8. 13.,21:15:00,미현,1,신길,수원,17,,F,X,여,,중년,X,X,X,핸드폰,,"핸드백, 커피"
2019. 8. 13.,21:24:00,미현,1,신길,수원,17,,F,X,여,,중년,X,X,X,핸드폰,,핸드백
2019. 8. 13.,21:24:00,미현,1,독산,안양,4,,F,X,비었음,4,,,,,,,
2019. 8. 13.,21:33:00,미현,1,관악,안양,1,,F,X,비었음,1,,,,,,,
2019. 8. 13.,21:36:00,미현,1,신길,수원,17,,F,X,여,,청소년,X,X,O,친구와 대화,,백팩
2019. 8. 13.,21:36:00,미현,1,신길,수원,17,,F,X,여,,중년,X,X,O,멍,,백팩
2019. 8. 13.,20:55:00,재민,5,공덕,왕십리,11,22,E,O,여,,노년,X,X,O,잠,,"보스턴백, 비닐봉지(소) 2개"
2019. 8. 13.,20:55:00,재민,5,공덕,왕십리,11,,E,O,남,,중년,X,X,O,필기,,보스턴백
2019. 8. 13.,20:59:00,재민,5,서대문,행당,7,,N,O,비었음,7,,,,,,,
2019. 8. 13.,21:04:00,재민,5,종로3가,왕십리,6,,N,O,비었음,6,,,,,,,
2019. 8. 13.,21:15:00,재민,5,공덕,왕십리,11,,F,O,여,,노년,X,X,O,핸드폰,,"백팩, 크로스백, 에코백"
2019. 8. 13.,21:23:00,재민,10,왕십리,선릉,5,,E,O,비었음,5,,,,,,,
2019. 8. 13.,21:23:00,재민,10,왕십리,압구정로데오,3,,E,O,비었음,3,,,,,,,
2019. 8. 13.,21:29:00,재민,10,왕십리,야탑,16,,E,O,남,,노년,X,X,X,잠,,비닐봉지(중)
2019. 8. 13.,21:30:00,재민,10,왕십리,야탑,16,,N,O,여,,중년,X,X,O,핸드폰,,백팩
2019. 8. 13.,21:34:00,재민,10,왕십리,야탑,16,32,N,O,남,,중년,X,X,O,손풍기,,메신저백
2019. 8. 13.,20:50:00,현미,6,공덕,불광,4,,E,O,비었음,4,,,,,,,
2019. 8. 13.,20:50:00,현미,6,공덕,합정,4,,E,O,비었음,4,,,,,,,
2019. 8. 13.,21:03:00,현미,6,합정,증산,5,10,N,O,남,,중년,X,X,X,핸드폰,,핸드백
2019. 8. 13.,21:11:00,현미,6,증산,불광,4,,N,O,비었음,4,,,,,,,
2019. 8. 13.,8:40:00,보민,6,화랑대,태릉입구,1,,E,O,비었음,1,,,,,,,
2019. 8. 13.,8:40:00,보민,6,화랑대,태릉입구,1,,E,O,비었음,1,,,,,,,
2019. 8. 13.,8:41:00,보민,6,태릉입구,한강진,14,,N,O,여,,중년,X,X,X,핸드폰,,
2019. 8. 13.,8:41:00,보민,6,태릉입구,공덕,19,38,N,O,여,,청년,X,?,X,"핸드폰, 잠",임산부가 탔는데 일어나지 않음. 옆에 있던 남중년이 자리 양보. 초기 임산부?,
2019. 8. 13.,9:07:00,보민,6,한강진,공덕,5,,E,O,비었음,5,,,,,,,
2019. 8. 13.,20:36:00,보민,6,공덕,삼각지,2,,N,O,여,,청년,X,?,X,핸드폰,,토드백
2019. 8. 13.,20:36:00,보민,6,공덕,삼각지,2,,N,O,남,,노년,X,X,X,멍,,서류봉투
2019. 8. 13.,20:38:00,보민,6,삼각지,동묘앞,8,,E,O,비었음,8,,,,,,,
2019. 8. 13.,20:38:00,보민,6,삼각지,화랑대,18,36,E,O,비었음,18,,,,,,,
2019. 8. 13.,20:52:00,보민,6,동묘앞,고려대,4,,N,O,남,,중년,X,X,X,전화,옆자리 나니까 눈치보고 옮겨앉음,
2019. 8. 13.,21:00:00,보민,6,고려대,화랑대,6,,N,O,비었음,6,,,,,,,
2019. 8. 13.,8:46:00,단비,7,신중동,온수,4,8,F,X,여,,청년,X,X,X,핸드폰,,크로스백
2019. 8. 13.,8:46:00,단비,7,신중동,온수,4,,F,X,남,,청년,X,X,X,잠,,크로스백
2019. 8. 13.,9:05:00,단비,1,온수,신길,7,14,E,O,여,,청년,X,X,X,핸드폰,17분에 임산부석 자리가 다시 나자마자 앉음,크로스백
2019. 8. 13.,9:05:00,단비,1,온수,신길,7,,E,O,여,,청년,X,X,O,핸드폰,,에코백
2019. 8. 13.,9:13:00,단비,1,온수,신길,7,,E,O,여,,청년,X,?,X,핸드폰,비켜달라고 해서 앉는데 뱃지없음. 임산부인지 확인 불가. 장애가 있어보임,크로스백
2019. 8. 13.,9:25:00,단비,5,신길,공덕,4,8,N,X,여,,중년,X,X,X,잠,,크로스백
2019. 8. 13.,9:25:00,단비,5,신길,공덕,4,,N,X,비었음,4,,,,,,,
2019. 8. 13.,18:53:00,단비,5,공덕,신길,4,8,N,X,여,,노년,X,X,O,핸드폰,,"크로스백, 캐리어"
2019. 8. 13.,18:53:00,단비,5,공덕,신길,4,,N,X,여,,청년,X,X,O,핸드폰,,백팩
2019. 8. 13.,18:58:00,단비,5,여의나루,신길,2,,N,X,비었음,2,,,,,,,
2019. 8. 13.,19:08:00,단비,1,신길,온수,7,14,N,N,여,,청년,O,O,O,핸드폰,,에코백
2019. 8. 13.,19:08:00,단비,1,신길,온수,7,,N,N,남,,청년,X,X,X,핸드폰,,
2019. 8. 13.,19:16:00,단비,1,구로,온수,4,,N,N,비었음,4,,,,,,,
2019. 8. 13.,19:16:00,단비,1,신길,온수,7,,N,N,여,,중년,X,X,O,핸드폰,옆자리 비어도 계속 임산부석에 앉아있음,보스턴백
2019. 8. 13.,19:36:00,단비,7,온수,신중동,4,8,F,X,비었음,4,,,,,,,
2019. 8. 13.,19:36:00,단비,7,온수,신중동,4,,F,X,비었음,4,,,,,,,
2019. 8. 14.,8:30:00,재민,10,야탑,왕십리,16,32,F,X,여,,노년,X,X,O,멍,,"백팩, 토트백"
2019. 8. 14.,8:30:00,재민,10,야탑,왕십리,16,,F,X,여,,청년,X,?,X,"핸드폰, 이어폰",,
2019. 8. 14.,8:37:00,재민,10,야탑,왕십리,16,,F,X,여,,청년,X,X,X,"핸드폰, 이어폰",,
2019. 8. 14.,8:53:00,재민,10,야탑,왕십리,16,,F,X,여,,청년,X,X,X,"핸드폰, 이어폰",,
2019. 8. 14.,8:56:00,재민,10,강남구청,왕십리,3,,E,O,비었음,3,,,,,,,
2019. 8. 14.,8:59:00,재민,10,압구정로데오,왕십리,2,,E,O,비었음,2,,,,,,,
2019. 8. 14.,9:10:00,재민,5,왕십리,공덕,11,22,N,X,여,,청년,X,X,X,핸드폰,,
2019. 8. 14.,9:10:00,재민,5,왕십리,공덕,11,,N,X,여,,청년,X,X,O,독서,임산부인지 긴가민가 했는데 일반석 나니 옮김,"메신저백, 쇼핑백(소)"
2019. 8. 14.,9:20:00,재민,5,을지로4가,공덕,6,,E,O,비었음,6,,,,,,,
2019. 8. 14.,9:26:00,재민,5,광화문,공덕,4,,E,O,비었음,4,,,,,,,
2019. 8. 14.,9:23:00,현미,6,불광,합정,4,,E,O,비었음,4,,,,,,,
2019. 8. 14.,9:23:00,현미,6,불광,응암,4,,E,O,비었음,4,,,,,,,
2019. 8. 14.,9:36:00,현미,6,응암,새절,1,,E,O,남,,청년,X,X,X,핸드폰,,
2019. 8. 14.,9:43:00,현미,6,새절,합정,6,12,N,O,비었음,6,,,,,,,
2019. 8. 14.,9:48:00,현미,6,합정,광흥창,2,,N,O,여,,중년,X,X,X,멍,,
2019. 8. 14.,9:50:00,현미,6,광흥창,공덕,2,,N,O,비었음,2,,,,,,,
2019. 8. 14.,8:00:00,한솔,1,병점,신길,19,38,E,O,남,,청년,X,X,O,"핸드폰, 이어폰",,백팩
2019. 8. 14.,8:00:00,한솔,1,병점,수원,2,,E,O,비었음,2,,,,,,,
2019. 8. 14.,8:09:00,한솔,1,병점,신길,19,,N,O,여,,중년,X,X,X,핸드폰,,
2019. 8. 14.,8:37:00,미현,1,수원,신길,17,34,E,O,여,,중년,X,X,X,잠,,핸드백
2019. 8. 14.,8:37:00,미현,1,수원,성균관대,2,,E,O,비었음,2,,,,,,,
2019. 8. 14.,8:43:00,미현,1,수원,신길,17,,N,O,여,,청년,X,X,O,핸드폰,,에코백
2019. 8. 14.,8:52:00,한솔,1,병점,신길,19,,N,O,남,,노년,X,X,X,"핸드폰, 이어폰",,
2019. 8. 14.,9:06:00,한솔,5,신길,공덕,4,8,F,X,여,,중년,X,X,X,"핸드폰, 이어폰",,
2019. 8. 14.,9:07:00,한솔,5,신길,공덕,4,,F,X,여,,노년,X,X,O,핸드폰,,에코백
2019. 8. 14.,9:08:00,한솔,5,신길,공덕,4,,F,O,여,,중년,X,X,X,핸드폰,,
2019. 8. 14.,9:33:00,미현,5,신길,공덕,4,,F,X,여,,중년,X,X,X,잠,,핸드백
2019. 8. 14.,9:33:00,미현,5,신길,공덕,4,8,F,X,여,,중년,X,X,X,잠,,핸드백
2019. 8. 14.,9:40:00,미현,5,신길,공덕,4,,F,X,여,,청년,X,X,X,핸드폰,,핸드백
2019. 8. 14.,18:28:00,미현,5,공덕,신길,4,8,F,X,비었음,4,,,,,,,
2019. 8. 14.,18:28:00,미현,5,공덕,신길,4,,F,X,여,,청년,X,X,X,,,
2019. 8. 14.,18:47:00,한솔,1,신길,병점,19,38,F,O,남,,중년,X,X,O,멍,,큰 백팩
2019. 8. 14.,18:48:00,한솔,1,신길,병점,19,,F,O,남,,중년,X,X,X,핸드폰,,
2019. 8. 14.,18:47:00,미현,1,신길,수원,17,34,F,X,여,,청년,X,X,O,핸드폰,,백팩
2019. 8. 14.,18:47:00,미현,1,신길,수원,17,,F,X,여,,청년,X,X,O,핸드폰,,에코백
2019. 8. 14.,18:26:00,한솔,5,공덕,신길,4,8,F,X,비었음,4,,,,,,,
2019. 8. 14.,18:51:00,한솔,1,신길,병점,19,,F,O,여,,중년,X,X,O,핸드폰,,보스턴백
2019. 8. 14.,19:06:00,한솔,1,신길,병점,19,,F,X,남,,청년,X,X,O,"이어폰, 잠",,노트북 가방
2019. 8. 14.,19:14:00,한솔,1,신길,병점,19,,F,X,여,,청년,X,X,X,"이어폰, 핸드폰",,핸드백
2019. 8. 14.,19:16:00,미현,1,신길,수원,17,,F,X,여,,중년,X,X,X,핸드폰,,
2019. 8. 14.,19:29:00,한솔,1,화서,병점,3,,E,O,비었음,3,,,,,,,
2019. 8. 14.,19:35:00,미현,1,화서,수원,1,,E,O,비었음,1,,,,,,,
2019. 8. 14.,19:35:00,한솔,1,수원,병점,2,,E,O,비었음,2,,,,,,,
2019. 8. 14.,18:23:00,재민,5,공덕,애오개,1,,F,X,비었음,1,,,,,,,
2019. 8. 14.,18:23:00,재민,5,공덕,왕십리,11,22,F,X,여,,노년,X,X,X,멍,,"크로스백, 양산"
2019. 8. 14.,18:26:00,재민,5,공덕,왕십리,11,,F,X,남,,노년,X,X,X,멍,,
2019. 8. 14.,18:26:00,재민,5,충정로,왕십리,9,,F,X,비었음,9,,,,,,,
2019. 8. 14.,18:54:00,재민,10,왕십리,도곡,7,,F,X,비었음,7,,,,,,,
2019. 8. 14.,19:04:00,재민,10,강남구청,도곡,4,,F,X,비었음,4,,,,,,,
2019. 8. 14.,19:10:00,재민,10,왕십리,야탑,16,,F,X,여,,청년,X,X,X,이어폰,,"크로스백, 쇼핑백(미니)"
2019. 8. 14.,19:10:00,재민,10,왕십리,야탑,16,,F,X,여,,중년,X,X,X,독서,,
2019. 8. 14.,19:26:00,재민,10,태평,모란,1,,F,X,비었음,1,,,,,,,
2019. 8. 14.,19:29:00,재민,10,왕십리,야탑,16,32,F,X,남,,중년,X,X,X,잠,,
2019. 8. 14.,18:48:00,현미,6,공덕,합정,4,,N,X,여,,어린이,X,X,X,핸드폰,,
2019. 8. 14.,18:48:00,현미,6,공덕,합정,4,,N,X,남,,중년,X,X,O,핸드폰,,백팩
2019. 8. 14.,18:56:00,현미,6,합정,증산,5,,N,O,여,,중년,X,X,X,핸드폰,,핸드백
2019. 8. 14.,18:56:00,현미,6,합정,증산,5,10,N,O,여,,노년,X,X,O,멍,,에코백
2019. 8. 14.,19:12:00,현미,6,새절,불광,3,,E,O,비었음,3,,,,,,,
2019. 8. 14.,19:12:00,현미,6,증산,불광,4,,E,O,비었음,4,,,,,,,
2019. 8. 14.,8:27:00,단비,7,신중동,온수,4,8,N,X,여,,청년,X,X,O,핸드폰,,백팩
2019. 8. 14.,8:27:00,단비,7,신중동,온수,4,,N,X,여,,노년,X,X,O,잠,,보스턴백
2019. 8. 14.,8:40:00,단비,1,온수,신길,7,14,F,X,여,,청년,X,?,X,잠,,크로스백
2019. 8. 14.,8:40:00,단비,1,온수,신길,7,,F,X,여,,노년,X,X,O,책,,보스턴백
2019. 8. 14.,9:03:00,단비,5,신길,공덕,4,8,N,X,여,,노년,X,X,O,멍,,에코백
2019. 8. 14.,9:03:00,단비,5,신길,공덕,4,,N,X,여,,청년,X,X,O,핸드폰,,백팩
2019. 8. 14.,9:06:00,단비,5,신길,공덕,4,,N,X,여,,노년,X,X,O,멍,,"백팩, 보스턴백"
2019. 8. 14.,9:08:00,단비,5,신길,공덕,4,,N,X,여,,청년,X,X,O,핸드폰,,에코백
2019. 8. 14.,18:22:00,단비,5,공덕,신길,4,8,F,X,여,,청년,X,X,O,핸드폰,,
2019. 8. 14.,18:22:00,단비,5,공덕,여의도,3,,F,X,비었음,3,,,,,,,
2019. 8. 14.,18:30:00,단비,5,공덕,신길,4,,F,X,여,,청년,X,X,X,핸드폰,,크로스백
2019. 8. 14.,18:43:00,단비,1,신길,온수,7,14,F,X,남,,청년,X,X,O,잠,,에코백
2019. 8. 14.,18:43:00,단비,1,신길,온수,7,,F,X,여,,노년,X,X,O,잠,,에코백
2019. 8. 14.,19:06:00,단비,7,온수,신중동,4,8,F,X,여,,중년,X,X,O,잠,,보스턴백
2019. 8. 14.,19:06:00,단비,7,온수,신중동,4,,F,X,여,,청년,X,X,O,잠,"에코백만한 크기에 가죽같은,,라탄같은,,가방",에코백
2019. 8. 15.,12:30:00,보민,2,잠실,잠실새내,1,,N,O,비었음,,,,,,,,
2019. 8. 15.,12:30:00,보민,2,잠실,선릉,4,,N,O,여,,중년,X,X,X,멍,같은 라인에 자리나자 옮겨앉음,큰사이즈 핸드백
2019. 8. 15.,12:32:00,보민,2,잠실새내,역삼,4,8,N,O,여,,청년,X,?,X,핸드폰,,우산
2019. 8. 15.,12:38:00,보민,2,선릉,역삼,1,,N,O,여,,중년,X,X,X,,맞은편에 자리가 났지만 옮겨앉지 않음,"핸드백 두개, 중우산"
2019. 8. 15.,19:16:00,보민,2,역삼,잠실새내,4,,N,O,비었음,,,,,,,,
2019. 8. 15.,19:16:00,보민,2,역삼,잠실,5,10,N,O,비었음,,,,,,,,
2019. 8. 15.,19:24:00,보민,2,잠실새내,잠실,1,,N,O,여,,중년,X,X,X,멍,,"작은 크로스백, 종이봉투, 우산"
2019. 8. 15.,14:39:00,단비,1,중동,동암,5,,E,O,비었음,5,,,,,,,
2019. 8. 15.,14:39:00,단비,1,중동,주안,7,,E,O,여,,노년,X,X,O,대화,일반석 자리가 비었음에도 임산부석포함해서 나란히 4명의 일행이 앉음,"백팩, 장우산"
2019. 8. 15.,14:52:00,단비,1,중동,주안,7,14,E,O,여,,노년,X,X,X,멍,일반석 비어있는데 굳이 임산부석에 앉음,장우산
2019. 8. 16.,8:23:00,미현,1,수원,신길,17,34,F,X,여,,중년,X,X,O,잠,,에코백
2019. 8. 16.,8:23:00,미현,1,수원,신길,17,,F,X,남,,중년,X,X,O,핸드폰,,노트북가방
2019. 8. 16.,8:16:00,한솔,1,병점,수원,2,,E,O,비었음,2,,,,,,,
2019. 8. 16.,8:16:00,한솔,1,병점,수원,2,,E,O,비었음,2,,,,,,,
2019. 8. 16.,8:28:00,한솔,1,병점,신길,19,,N,O,남,,청년,X,X,X,"이어폰, 핸드폰",,
2019. 8. 16.,9:10:00,미현,1,수원,신길,17,,F,X,여,,청년,O,O,O,"이어폰, 핸드폰",,에코백
2019. 8. 16.,9:10:00,미현,1,수원,신길,17,,F,X,여,,중년,X,X,O,독서,,백팩
2019. 8. 16.,9:18:00,미현,5,신길,공덕,4,8,F,X,여,,청년,X,?,X,잠,,핸드백
2019. 8. 16.,9:18:00,미현,5,신길,공덕,4,,F,X,여,,노년,X,X,X,핸드폰,,핸드백
2019. 8. 16.,9:12:00,한솔,1,병점,신길,19,38,F,X,여,,청년,X,X,X,잠,,
2019. 8. 16.,9:25:00,한솔,5,신길,공덕,4,,N,O,여,,중년,X,X,O,"핸드폰, 먹기",,에코백
2019. 8. 16.,9:25:00,한솔,5,신길,공덕,4,,N,O,여,,중년,X,X,O,"핸드폰, 이어폰",,백팩
2019. 8. 16.,9:38:00,한솔,5,신길,공덕,4,8,N,O,남,,노년,X,X,O,멍,,"백팩, 큰 쇼핑백"
2019. 8. 16.,17:57:00,미현,5,공덕,신길,4,,F,O,남,,어린이,X,X,X,대화,엄마와 같이 있음,
2019. 8. 16.,17:57:00,한솔,5,공덕,신길,4,,F,O,여,,청년,X,X,O,핸드폰 ,,메신저백
2019. 8. 16.,17:58:00,미현,5,공덕,여의도,3,,F,O,비었음,3,,,,,,,
2019. 8. 16.,18:02:00,한솔,5,공덕,신길,4,,F,O,여,,청년,X,O,O,핸드폰,,백팩
2019. 8. 16.,18:14:00,미현,1,신길,금정,11,,F,X,비었음,11,,,,,,,
2019. 8. 16.,18:14:00,한솔,1,신길,병점,19,38,N,O,여,,청년,X,X,O,"이어폰, 핸드폰",모자를 푹 눌러써서 연령대 파악 어려움,에코백
2019. 8. 16.,18:14:00,미현,1,신길,수원,17,34,F,X,여,,노년,X,X,X,잠,,
2019. 8. 16.,18:16:00,한솔,1,신길,병점,19,,N,O,여,,노년,X,X,O,잠,,"쿨러백 (락앤락 4개 사이즈), 도트백, 크로스백"
2019. 8. 16.,18:16:00,미현,1,영등포,안양,8,,F,O,비었음,8,,,,,,,
2019. 8. 16.,18:38:00,미현,1,신길,수원,17,,F,X,여,,노년,X,X,O,멍,,백팩
2019. 8. 16.,18:42:00,미현,1,명학,의왕,4,,F,X,비었음,4,,,,,,,
2019. 8. 16.,18:44:00,미현,1,신길,수원,17,,F,X,남,,청소년,X,X,X,핸드폰,계속 서서 5-6정거장 이상 오다가 갑자기 앉음,
2019. 8. 16.,18:45:00,한솔,1,신길,병점,19,,N,O,남,,노년,X,X,X,멍,,
2019. 8. 16.,18:50:00,미현,1,당정,수원,4,,N,O,비었음,4,,,,,,,
2019. 8. 16.,18:55:00,미현,1,신길,수원,17,,N,O,남,,중년,X,X,O,핸드폰,,백팩
2019. 8. 16.,18:59:00,미현,1,화서,수원,1,,E,O,비었음,1,,,,,,,
2019. 8. 16.,21:03:00,현미,6,공덕,합정,4,,E,X,남,,중년,X,X,X,핸드폰,,
2019. 8. 16.,21:03:00,현미,6,공덕,합정,4,,E,X,비었음,4,,,,,,,
2019. 8. 16.,21:11:00,현미,6,합정,마포구청,2,,N,X,비었음,2,,,,,,,
2019. 8. 16.,21:14:00,현미,6,마포구청,불광,7,,N,X,비었음,7,,,,,,,
2019. 8. 16.,21:14:00,현미,6,마포구청,불광,7,14,N,X,여,,중년,X,X,X,핸드폰(전화통화),,
2019. 8. 16.,9:16:00,보민,6,화랑대,신당,11,22,E,O,여,,청년,O,O,X,핸드폰,,
2019. 8. 16.,9:16:00,보민,6,화랑대,태릉입구,1,,E,O,비었음,1,,,,,,,
2019. 8. 16.,9:19:00,보민,6,태릉입구,보문,7,,N,X,남,,청년,X,X,X,핸드폰,,우산
2019. 8. 16.,9:30:00,보민,6,보문,창신,1,,F,X,비었음,1,,,,,,,
2019. 8. 16.,9:31:00,보민,6,창신,이태원,7,,F,O,여,,어린이,X,X,X,핸드폰,외국인,
2019. 8. 16.,9:35:00,보민,6,신당,약수,2,,N,O,남,,중년,X,X,O,멍,,백팩
2019. 8. 16.,9:38:00,보민,6,약수,공덕,7,,N,O,비었음,7,,,,,,,
2019. 8. 16.,9:44:00,보민,6,이태원,삼각지,2,,E,O,비었음,2,,,,,,,
2019. 8. 16.,9:48:00,보민,6,삼각지,공덕,2,,E,O,여,,중년,X,X,X,멍,옆자리 비었으나 옮기지 않음,
2019. 8. 16.,17:57:00,보민,6,공덕,한강진,5,,N,O,여,,청년,X,?,X,핸드폰,,토드백
2019. 8. 16.,17:58:00,보민,6,공덕,삼각지,2,,N,O,여,,중년,X,X,X,"핸드폰, 멍",,크로스백
2019. 8. 16.,18:01:00,보민,6,삼각지,화랑대,18,36,N,O,비었음,18,,,,,,여성들이 임산부석을 둘러싸고 서계셨음,
2019. 8. 16.,18:07:00,보민,6,한강진,청구,3,,N,O,비었음,3,,,,,,,
2019. 8. 16.,18:12:00,보민,6,청구,동묘앞,2,,F,O,여,,중년,X,X,X,핸드폰,,핸드백
2019. 8. 16.,18:15:00,보민,6,동묘앞,돌곶이,7,,F,O,여,,중년,X,X,O,핸드폰,,백팩
2019. 8. 16.,18:26:00,보민,6,돌곶이,석계,1,,E,O,비었음,1,,,,,,,
2019. 8. 16.,18:28:00,보민,6,석계,화랑대,2,,N,O,여,,중년,X,X,X,핸드폰,,핸드백
2019. 8. 16.,8:39:00,단비,7,신중동,온수,4,8,E,O,여,,청년,X,X,X,화장,,크로스백
2019. 8. 16.,8:39:00,단비,7,신중동,온수,4,,E,O,여,,청년,X,X,O,핸드폰,,백팩
2019. 8. 16.,8:55:00,단비,1,온수,신길,7,14,N,X,여,,노년,X,X,X,잠,,크로스백
2019. 8. 16.,8:55:00,단비,1,온수,신길,7,,N,X,남,,중년,X,X,X,핸드폰,,
2019. 8. 16.,9:09:00,단비,1,영등포,신길,1,,N,X,비었음,1,,,,,,,
2019. 8. 16.,9:17:00,단비,5,신길,공덕,4,8,N,O,여,,청년,X,X,X,핸드폰,,크로스백
2019. 8. 16.,9:17:00,단비,5,신길,공덕,4,,N,O,여,,노년,X,X,O,핸드폰,,에코백
2019. 8. 16.,18:00:00,단비,5,공덕,신길,4,8,N,O,여,,청년,X,?,O,핸드폰,,에코백
2019. 8. 16.,18:00:00,단비,5,공덕,신길,4,,N,O,비었음,4,,,,,,,
2019. 8. 16.,18:16:00,단비,1,신길,온수,7,14,F,X,여,,노년,X,X,O,잠,,백팩
2019. 8. 16.,18:16:00,단비,1,신길,온수,7,,F,X,여,,청년,X,X,O,핸드폰,에코백 크기의 가죽가방,에코백
2019. 8. 16.,18:29:00,단비,1,신길,온수,7,,F,X,여,,청년,X,X,O,핸드폰,에코백 크기의 가죽가방,에코백
2019. 8. 16.,18:40:00,단비,7,온수,신중동,4,,F,X,여,,청년,X,X,X,핸드폰,,크로스백
2019. 8. 16.,18:40:00,단비,7,온수,신중동,4,8,F,X,남,,중년,X,X,O,잠,,백팩