날짜,기록 시간,기록자,호선,탑승역,하차역,붐빔 정도,노약자석 빈자리 여부,성별,비어있었던 역 수,연령대,뱃지 여부,임산부 여부,무거운 짐 여부,행동,기타 특이사항,짐 종류
2019. 7. 31,19:10,재민,5호선,공덕,여의도,N,,여,,중년,X,X,X,"이어폰, 핸드폰",,"쇼핑백, 장우산"
2019. 7. 31,19:21,재민,9호선,여의도,신논현,F,,여,,중년,X,X,X,핸드폰,임산부석 비워달라는 방송이 나왔으나 아랑곳하지 않음,
2019. 7. 31,19:28,재민,9호선,여의도,신논현,F,,여,,청년,X,X,X,핸드폰,,
2019. 7. 31,19:32,재민,9호선,여의도,신논현,F,,여,,청년,X,O,X,핸드폰,,
2019. 7. 31,22:38,재민,분당선,선정릉,야탑,F,,여,,청년,O,O,X,"핸드폰, 대화",,
2019. 7. 31,22:42,재민,분당선,선정릉,야탑,F,,남,,중년,X,X,X,핸드폰,,
2019. 7. 31,18:30,보민,6호선,공덕,화랑대,N,,여,,중년,X,X,X,,옆자리가 나자 옮겨앉음,
2019. 7. 31,18:30,보민,6호선,공덕,화랑대,N,,여,,청년,X,X,X,핸드폰,,
2019. 7. 31,18:30,보민,6호선,공덕,화랑대,N,,여,,중년,X,X,X,핸드폰,,
2019. 7. 31,18:30,보민,6호선,공덕,화랑대,N,,여,,중년,X,X,X,,금방 내림,
2019. 7. 31,18:30,보민,6호선,공덕,화랑대,N,,남,,노년,X,X,X,,두자리에 걸터앉음. 지팡이,
2019. 7. 31,18:47,단비,5호선,공덕,신길,F,,여,,청년,X,X,,"이어폰, 핸드폰",,크로스백 작은거
2019. 7. 31,18:47,단비,5호선,공덕,신길,F,,여,,중년,X,X,,"이어폰, 잠",,보스턴 백
2019. 7. 31,19:05,단비,1호선,신길,온수,N,X,여,,중년,X,X,,멍,,보스턴 백
2019. 7. 31,19:05,단비,1호선,신길,온수,N,X,남,,청년,X,X,,"이어폰, 핸드폰",,클러치
2019. 7. 31,19:15,단비,1호선,신길,온수,N,X,남,,노년,X,X,,멍,,"크로스백, 종이가방 (파리바게트 (소) 크기"
2019. 7. 31,19:19,단비,1호선,개봉,온수,N,X,비었음,,,,,,,,
2019. 7. 31,19:27,단비,7호선,온수,신중동,F,X,여,,청년,X,X,,"이어폰, 핸드폰",,크로스백
2019. 7. 31,19:27,단비,7호선,온수,신중동,F,X,여,,청년,X,X,,핸드폰 게임,,에코백
2019. 8. 1,13:27,한솔,2호선,신림,신도림,E,O,여,,중년,X,X,X,이어폰,일반석이 비어있음에도 불구하고 임산부석 착석,
2019. 8. 1,13:27,한솔,2호선,신림,신도림,E,O,여,,청년,O,O,X,핸드폰,,
2019. 8. 1,13:43,한솔,1호선,신도림,병점,F,X,남,,노년,X,X,X,X,정신지체장애가 있는듯했음,
2019. 8. 1,13:43,한솔,1호선,신도림,병점,F,X,여,,청년,X,O,X,핸드폰,,
2019. 8. 1,11:20,재민,분당선,야탑,강남구청,F,X,여,,중년,X,X,X,멍,,"양산, 큰 비닐봉지"
2019. 8. 1,11:20,재민,분당선,야탑,강남구청,F,X,여,,청년,X,X,X,잠,,
2019. 8. 1,11:30,재민,분당선,야탑,강남구청,F,X,여,,어린이,X,X,X,멍,,
2019. 8. 1,11:44,재민,분당선,야탑,강남구청,F,X,여,,중년,X,X,X,대화,4인가족 나란히 앉음,
2019. 8. 1,11:53,재민,7호선,강남구청,중계,F,X,여,,중년,X,X,O,핸드폰,,큰 쇼핑백
2019. 8. 1,11:53,재민,7호선,강남구청,중계,F,X,여,,중년,X,X,X,핸드폰,일반석이 빌 때마다 옮기려는 움직임,
2019. 8. 1,12:01,재민,7호선,강남구청,중계,F,X,남,,노년,X,X,X,멍,,
2019. 8. 1,12:10,재민,7호선,용마산,사가정,F,X,비었음,1,,,,,,,
2019. 8. 1,12:11,재민,7호선,강남구청,중계,F,X,여,,중년,X,X,X,대화,,
2019. 8. 1,12:16,재민,7호선,상봉,중계,N,X,비었음,6,,,,,,,
2019. 8. 1,12:21,재민,7호선,태릉입구,중계,N,X,비었음,3,,,,,,,
2019. 8. 1,21:50,재민,7호선,태릉입구,강남구청,E,O,여,,청년,X,X,X,핸드폰,외국인,
2019. 8. 1,21:50,재민,7호선,태릉입구,면목,E,O,비었음,4,,,,,,,
2019. 8. 1,21:59,재민,7호선,태릉입구,강남구청,E,O,여,,중년,X,X,X,잠,,
2019. 8. 1,12:12,단비,7호선,신중동,이수,N,O,남,,노년,X,X,X,잠,우산 하나만 들고 계심,
2019. 8. 1,12:12,단비,7호선,신중동,이수,N,O,여,,청년,X,X,X,잠,,
2019. 8. 1,12:31,단비,7호선,신중동,이수,N,O,여,,중년,X,X,X,핸드폰,,
2019. 8. 1,12:42,단비,7호선,신중동,이수,N,O,여,,청년,X,X,X,화장,,파우치
2019. 8. 1,22:51,단비,7호선,대림,신중동,F,X,여,,청년,X,X,X,핸드폰,,악기 및 에코백
2019. 8. 1,22:51,단비,7호선,대림,신중동,F,X,여,,중년,X,X,X,잠,,크로스백
2019. 8. 1,23:02,단비,7호선,대림,신중동,F,X,남,,청년,X,X,X,잠,,백팩
2019. 8. 2,8:29,한솔,1호선,병점,신길,N,O,남,,노년,X,X,X,X,,
2019. 8. 2,8:29,한솔,1호선,병점,신길,N,O,남,,청년,X,X,X,X,외국인,
2019. 8. 2,8:47,한솔,1호선,병점,신길,N,O,여,,청년,X,X,X,핸드폰,,
2019. 8. 2,8:59,한솔,1호선,병점,신길,F,X,여,,청년,X,X,X,핸드폰,,
2019. 8. 2,9:03,한솔,1호선,병점,신길,N,O,여,,청년,X,X,X,아이와 대화,어린이랑 같이 앉음,
2019. 8. 2,9:26,한솔,5호선,신길,공덕,F,X,여,,중년,X,X,X,잠,,
2019. 8. 2,9:26,한솔,5호선,신길,공덕,F,X,여,,중년,X,X,X,"잠, 이어폰",,
2019. 8. 2,8:23,미현,1호선,수원,영등포,F,O,여,,노년,X,X,X,잠,심지어 내리실 때 다른 할머니께 자리를 앉으라고 권유,
2019. 8. 2,8:23,미현,1호선,수원,영등포,F,O,여,,노년,X,X,X,핸드폰,,
2019. 8. 2,8:50,미현,1호선,수원,영등포,F,O,남,,중년,X,X,X,핸드폰,,
2019. 8. 2,9:01,미현,1호선,영등포,신길,N,O,남,,청년,X,X,X,잠,,
2019. 8. 2,9:01,미현,1호선,영등포,신길,N,O,여,,노년,X,X,X,잠,,
2019. 8. 2,9:11,미현,5호선,신길,공덕,F,O,여,,청년,X,X,X,잠,,
2019. 8. 2,9:00,보민,6호선,화랑대,공덕,N,X,여,,중년,X,X,X,핸드폰,,
2019. 8. 2,9:00,보민,6호선,화랑대,공덕,N,X,여,,청년,X,X,X,잠,,
2019. 8. 2,9:00,보민,6호선,화랑대,공덕,N,X,여,,중년,X,X,X,핸드폰,빈자리였고 앞에 사람이 서있는데도 앉음,
2019. 8. 2,9:00,보민,6호선,화랑대,공덕,N,O,여,,중년,X,X,X,핸드폰,같은 줄에 빈자리가 생겼는데도 계속 앉아있음,
2019. 8. 2,8:47,단비,7호선,신중동,온수,F,X,여,,청년,X,X,,공부,,메신저백
2019. 8. 2,8:47,단비,7호선,신중동,온수,F,X,남,,청년,X,X,,"이어폰, 잠",,힙색
2019. 8. 2,9:02,단비,1호선,온수,신길,N,O,여,,중년,X,X,,"이어폰, 핸드폰",,보스턴백
2019. 8. 2,9:02,단비,1호선,온수,신길,N,O,남,,어린이,X,X,X,대화,,X
2019. 8. 2,9:02,단비,1호선,온수,신길,N,O,여,,어린이,X,X,X,대화,,X
2019. 8. 2,9:25,단비,5호선,신길,공덕,N,X,여,,노년,X,X,,독서,,"크로스백, 비닐봉지(소)"
2019. 8. 2,9:25,단비,5호선,신길,공덕,N,X,여,,중년,X,X,,핸드폰,,보스턴백
2019. 8. 2,8:32,재민,분당선,야탑,왕십리,F,X,여,,중년,X,X,X,잠,,
2019. 8. 2,8:32,재민,분당선,야탑,왕십리,F,X,여,,중년,X,X,O,잠,,가방 3개
2019. 8. 2,8:36,재민,분당선,야탑,왕십리,F,X,여,,청년,X,X,O,"이어폰, 핸드폰(영상시청)",,
2019. 8. 2,8:41,재민,분당선,야탑,왕십리,F,X,여,,청년,X,X,O,멍,,쇼핑백
2019. 8. 2,9:19,재민,5호선,왕십리,공덕,E,X,여,,청년,X,O,X,핸드폰,,
2019. 8. 2,9:19,재민,5호선,왕십리,공덕,E,X,비었음,11,,,,,,,
2019. 8. 2,17:29,미현,5호선,공덕,신길,F,X,남,,중년,X,X,X,핸드폰,,손바닥 세 개 사이즈의 가방
2019. 8. 2,17:29,미현,5호선,공덕,신길,F,X,비었음,4,,,,,,,
2019. 8. 2,17:48,미현,1호선,신길,수원,F,X,여,,노년,X,X,X,잠,,핸드백
2019. 8. 2,17:48,미현,1호선,신길,수원,F,X,여,,노년,X,X,X,핸드폰,,손바닥 세 개 사이즈 가방
2019. 8. 2,18:21,미현,1호선,신길,수원,F,X,여,,청년,X,X,X,핸드폰,,
2019. 8. 2,18:30,미현,1호선,신길,수원,F,X,여,,중년,X,X,X,핸드폰,,
2019. 8. 2,17:52,한솔,1호선,신길,영등포,E,O,비었음,1,,,,,,,
2019. 8. 2,17:52,한솔,1호선,신길,신도림,E,O,비었음,2,,,,,,,
2019. 8. 2,17:57,한솔,1호선,신길,병점,E,O,남,,노년,X,X,,멍,,많이 비어보이는 백팩
2019. 8. 2,17:59,한솔,1호선,신길,병점,N,O,남,,청년,X,X,,핸드폰,,내려 놓을 때 둔탁한 소리가 나는 무거운듯한 백팩
2019. 8. 2,18:18,한솔,1호선,신길,병점,N,O,여,,중년,X,X,,핸드폰,,에코백
2019. 8. 2,18:22,한솔,1호선,신길,병점,N,O,여,,중년,X,X,,핸드폰,,"에코백, 도트백"
2019. 8. 2,18:27,한솔,1호선,금정,병점,N,O,비었음,8,,,,,,,
2019. 8. 2,17:29,재민,5호선,공덕,왕십리,N,X,남,,중년,X,X,X,멍,,
2019. 8. 2,17:29,재민,5호선,공덕,왕십리,N,X,여,,청년,X,X,X,대화,,
2019. 8. 2,17:30,재민,5호선,충정로,광화문,N,X,비었음,2,,,,,,,
2019. 8. 2,17:35,재민,5호선,공덕,왕십리,N,X,여,,청년,X,X,X,핸드폰,,
2019. 8. 2,17:38,재민,5호선,종로3가,동대문역사문화공원,N,X,비었음,2,,,,,,,
2019. 8. 2,17:42,재민,5호선,공덕,왕십리,N,X,여,,중년,X,X,X,핸드폰,,
2019. 8. 2,18:20,현미,6호선,공덕,불광,F,X,여,,청년,X,X,X,핸드폰,,
2019. 8. 2,18:32,현미,6호선,공덕,응암,F,X,남,,중년,X,X,X,멍,,검은 봉투 1개
2019. 8. 2,18:45,현미,6호선,응암,불광,N,O,비었음,2,,,,,,,
2019. 8. 3,9:19,한솔,1호선,병점,종각,E,O,여,,노년,X,X,X,멍,,
2019. 8. 3,9:19,한솔,1호선,병점,종각,E,O,여,,노년,X,X,,멍,,비교적 작은 백팩
2019. 8. 3,9:24,한솔,1호선,의왕,종각,E,O,비었음,21,,,,,,,
2019. 8. 3,10:01,한솔,1호선,구로,노량진,E,O,비었음,5,,,,,,,
2019. 8. 3,10:13,한솔,1호선,병점 ,종각,E,O,여,,노년,X,X,X,,,
2019. 8. 3,10:32,현미,6호선,불광,경복궁,F,X,여,,청년,X,O,X,핸드폰,,
2019. 8. 3,10:36,현미,6호선,불광,경복궁,F,X,여,,중년,X,X,X,멍,,
2019. 8. 3,18:10,한솔,1호선,종각,병점,N,O,여,,중년,X,X,X,멍,,
2019. 8. 3,18:10,한솔,1호선,종각,병점,N,O,여,,노년,X,X,X,멍,,
2019. 8. 3,18:19,한솔,1호선,종각,병점,N,O,남,,노년,X,X,O,멍,,큰 이마트 백
2019. 8. 3,18:20,현미,6호선,경복궁,불광,N,O,비었음,,,,,,,,
2019. 8. 3,18:21,한솔,1호선,종각,병점,F,X,여,,중년,X,X,X,핸드폰,,
2019. 8. 3,18:23,한솔,1호선,노량진,신길,N,X,비었음,2,,,,,,,
2019. 8. 3,18:28,한솔,1호선,종각,병점,N,O,여,,중년,X,X,X,핸드폰,,
2019. 8. 3,19:03,한솔,1호선,종각,병점,N,O,여,,중년,X,X,O,핸드폰,,엄청엄청 큰 쇼핑백
2019. 8. 3,17:04,한솔,1호선,종각,병점,N,O,여,,청년,X,X,X,핸드폰,,도트백
2019. 8. 3,19:29,미현,1호선,종각,수원,N,X,여,,중년,X,X,O,대화,두분이서 대화 나누심,끌고 다니는 시장 바구니와 그 위에 짐이 또 있음
2019. 8. 3,19:29,미현,1호선,종각,용산,N,X,비었음,4,,,,,,,
2019. 8. 3,19:38,미현,1호선,종각,수원,N,X,남,,청소년,X,X,X,핸드폰,엄마가 앉으라고 아들에게 권유 아들은 덥썩 앉음,백팩
2019. 8. 3,19:48,미현,1호선,종각,수원,F,X,여,,청년,X,X,X,잠,,
2019. 8. 3,20:11,미현,1호선,종각,수원,F,X,여,,중년,X,X,X,핸드폰,,"쇼핑백 두 개, 우산, 미니 크로스백"
2019. 8. 3,20:11,미현,1호선,종각,수원,F,X,남,,청년,X,X,X,핸드폰,,쇼퍼백
2019. 8. 3,20:28,미현,1호선,종각,수원,F,X,남,,청년,X,X,X,멍,외국인,mlb 백팩
2019. 8. 3,20:29,미현,1호선,종각,수원,F,X,남,,어린이,X,X,X,핸드폰,어린이 세 명이 두 자리에 나눠 앉음 그 앞에 부모님이 서계심,
2019. 8. 3,20:40,미현,1호선,종각,수원,F,X,남,,청년,X,X,X,대화,외국인,쇼핑백 상체 사이즈
2019. 8. 3,20:40,미현,1호선,성균관대,수원,F,X,비었음,2,,,,,,옆자리 중년 남성이 자신의 쇼핑백을 올려둠,
2019. 8. 3,9:42,재민,분당선,야탑,왕십리,N,X,남,,중년,X,X,O,핸드폰,,백팩
2019. 8. 3,9:54,재민,분당선,야탑,왕십리,N,O,여,,청년,X,X,O,멍,,백팩
2019. 8. 3,9:54,재민,분당선,야탑,왕십리,N,O,여,,중년,X,X,O,멍,,"큰 크로스백, 도시락가방(?)"
2019. 8. 3,10:32,재민,5호선,왕십리,광화문,N,O,여,,중년,X,X,X,,,
2019. 8. 3,10:32,재민,5호선,왕십리,광화문,N,O,여,,중년,X,X,X,,,
2019. 8. 3,18:06,재민,5호선,광화문,왕십리,F,O,여,,중년,X,X,X,,,백팩
2019. 8. 3,18:06,재민,5호선,광화문,왕십리,F,O,여,,청년,X,X,X,,,
2019. 8. 3,18:11,재민,5호선,광화문,왕십리,F,O,여,,중년,X,X,X,,,에코백 빵빵함
2019. 8. 3,18:15,재민,5호선,광화문,왕십리,F,O,여,,노년,X,X,X,,,
2019. 8. 3,18:23,재민,분당선,왕십리,야탑,N,X,여,,청년,X,O,X,핸드폰,,
2019. 8. 3,18:23,재민,분당선,왕십리,가천대,N,X,비었음,13,,,,,,옆에 앉은 여성분이 임산부석에 악기를 올려놓음,
2019. 8. 3,18:35,재민,분당선,왕십리,야탑,F,X,남,,,,,,,,
2019. 8. 3,18:49,재민,분당선,왕십리,야탑,F,X,여,,노년,X,X,X,잠,,
2019. 8. 3,19:01,재민,분당선,왕십리,야탑,F,X,여,,노년,X,X,X,"핸드폰, 이어폰",,
2019. 8. 3,9:49,보민,6호선,화랑대,태릉입구,N,O,비었음,1,,,,,,,
2019. 8. 3,9:49,보민,6호선,화랑대,돌곶이,N,O,비었음,3,,,,,,,
2019. 8. 3,9:49,보민,6호선,석계,돌곶이,N,O,비었음,1,,,,,,,
2019. 8. 3,9:50,보민,6호선,안암,창신,N,O,비었음,2,,,,,,,
2019. 8. 3,9:50,보민,6호선,보문,창신,N,O,비었음,1,,,,,,,
2019. 8. 3,9:50,보민,6호선,화랑대,청구,E,O,여,,노년,X,X,X,미어캣,다음에 바로 내림,
2019. 8. 3,9:50,보민,6호선,화랑대,청구,E,O,여,,노년,X,X,O,전단지 정독,,소형 구루마
2019. 8. 3,9:50,보민,6호선,화랑대,청구,N,O,남,,노년,X,X,X,부채질,옆자리 났는데 꿋꿋이 팔걸치고 앉아 있음,
2019. 8. 3,9:50,보민,6호선,화랑대,청구,N,O,여,,노년,X,X,X,미어캣,뛰어와서 앉음,힙색
2019. 8. 3,9:50,보민,6호선,화랑대,청구,N,O,여,,청년,X,X,X,멍,옆자리로 옮겨앉음,
2019. 8. 3,9:50,보민,6호선,화랑대,청구,N,O,여,,청년,X,X,X,이어폰,,
2019. 8. 3,9:50,보민,6호선,화랑대,청구,N,O,여,,어린이,X,X,X,이어폰,,크로스백
2019. 8. 3,10:13,보민,5호선,청구,경복궁,E,O,여,,노년,X,X,X,묵주 돌리기,,핸드백
2019. 8. 3,10:13,보민,5호선,청구,경복궁,E,O,남,,노년,X,X,X,"봉에 팔 걸침, 미어캣",,
2019. 8. 3,10:20,보민,5호선,청구,경복궁,E,O,여,,중년,X,X,X,핸드폰,옆 자리에 앉아서 가방을 임산부석에 올려놓음,
2019. 8. 3,19:20,보민,5호선,광화문,청구,E,O,비었음,12,,,,,,,
2019. 8. 3,19:20,보민,6호선,청구,화랑대,E,O,비었음,12,,,,,,,
2019. 8. 3,19:30,보민,6호선,광화문,화랑대,E,O,남,,중년,X,X,X,통화,한쪽 다리로 임산부석에 걸터 앉음,일수가방
2019. 8. 3,18:03,단비,1호선,종각,온수,E,X,남,,노년,X,X,X,공부,,봉지(미니)
2019. 8. 3,18:03,단비,1호선,종각,온수,E,X,여,,중년,X,X,X,대화,,
2019. 8. 3,18:31,단비,1호선,구로,온수,E,X,비었음,,,,,,,,
2019. 8. 3,18:43,단비,7호선,온수,신중동,E,X,비었음,,,,,,,,
2019. 8. 3,18:43,단비,7호선,온수,까치울,E,X,비었음,,,,,,,,
2019. 8. 3,18:46,단비,7호선,까치울,춘의,E,X,여,,중년,X,X,X,잠,옆 자리가 비어서 춘의역부터는 일반석에 앉음,
2019. 8. 3,18:50,단비,7호선,춘의,신중동,E,X,비었음,,,,,,,,
2019. 8. 5,8:27,한솔,1호선,병점,신길,F,O,남,,중년,X,X,X,핸드폰,,노트북 가방
2019. 8. 5,8:27,한솔,1호선,병점,신길,F,O,여,,청년,O,O,X,"핸드폰, 이어폰",,
2019. 8. 3,8:36,미현,1호선,수원,신길,E,O,남,,중년,X,X,X,핸드폰,,백팩
2019. 8. 5,8:36,미현,1호선,수원,군포,E,O,비었음,5,,,,,,,
2019. 8. 5,8:45,한솔,1호선,병점,수원,F,X,남,,노년,X,X,X,핸드폰,,
2019. 8. 5,8:51,미현,1호선,수원,신길,N,O,남,,중년,X,X,X,멍,,크로스백
2019. 8. 5,8:53,미현,1호선,수원,신길,N,O,여,,청년,X,X,X,핸드폰,,"에코백, 백팩"
2019. 8. 5,8:53,미현,1호선,금정,안양,N,O,비었음,2,,,,,,,
2019. 8. 5,9:00,한솔,1호선,병점,신길,F,X,여,,노년,X,X,,핸드폰,,핸드백
2019. 8. 5,9:00,미현,1호선,수원,신길,F,X,여,,중년,X,X,X,멍,,핸드백
2019. 8. 5,9:08,한솔,1호선,병점,신길,F,O,여,,중년,X,X,X,잠,,
2019. 8. 5,9:12,한솔,1호선,신도림,영등포,F,O,비었음,1,,,,,,,
2019. 8. 5,9:13,미현,1호선,수원,신길,F,X,여,,중년,X,X,X,핸드폰,,핸드백
2019. 8. 5,9:15,한솔,1호선,병점,신길,F,O,남,,청년,X,X,,,,백팩
2019. 8. 5,9:20,한솔,5호선,신길,공덕,F,X,남,,노년,X,X,X,,,에코백
2019. 8. 5,9:20,한솔,5호선,신길,공덕,N,X,여,,중년,X,X,,,,
2019. 8. 5,9:38,미현,5호선,신길,공덕,F,X,여,,노년,X,X,X,멍,,"백팩, 크로스백"
2019. 8. 5,9:38,미현,5호선,신길,공덕,F,X,여,,청년,X,X,X,핸드폰,,크로스백
2019. 8. 5,8:29,재민,분당선,야탑,왕십리,F,X,여,,청년,O,O,X,핸드폰,,
2019. 8. 5,8:29,재민,분당선,야탑,왕십리,F,X,여,,노년,X,X,X,핸드폰,,
2019. 8. 5,8:38,재민,분당선,복정,수서,F,X,비었음,1,,,,,,,
2019. 8. 5,8:40,재민,분당선,야탑,왕십리,F,X,남,,청년,X,X,X,핸드폰 -> 잠,점점 일반석이 많이 나도 옮기지 않음,
2019. 8. 5,8:43,재민,분당선,야탑,왕십리,F,X,여,,중년,X,X,X,음료마심,,
2019. 8. 5,8:59,재민,분당선,압구정로데오,왕십리,E,O,비었음,2,,,,,,,
2019. 8. 5,9:13,재민,5호선,왕십리,공덕,E,O,여,,청년,X,X,X,핸드폰,,
2019. 8. 5,9:13,재민,5호선,왕십리,공덕,E,O,비었음,11,,,,,,,
2019. 8. 5,9:26,재민,5호선,광화문,공덕,E,O,비었음,11,,,,,,,
2019. 8. 5,9:20,현미,6호선,불광,공덕,E,X,비었음,15,,,,,,,
2019. 8. 5,9:20,현미,6호선,불광,합정,E,X,비었음,7,,,,,,,
2019. 8. 5,9:30,현미,6호선,합정,공덕,E,X,남,,청년,X,X,X,핸드폰,,크로스백
2019. 8. 5,18:35,미현,5호선,공덕,신길,F,X,여,,중년,X,X,X,핸드폰,,크로스백
2019. 8. 5,18:35,미현,5호선,공덕,신길,F,X,여,,청년,X,X,X,핸드폰,,"크로스백, 미니 쇼핑백"
2019. 8. 5,18:48,미현,1호선,신길,수원,N,X,여,,청년,O,O,X,핸드폰,,크로스백
2019. 8. 5,18:48,미현,1호선,신길,영등포,N,X,비었음,1,,0,O,,,,
2019. 8. 5,18:51,미현,1호선,신길,수원,N,X,여,,청년,X,X,X,핸드폰,,쇼퍼백
2019. 8. 5,8:53,보민,6호선,화랑대,돌곶이,N,X,비었음,3,,,,,,,
2019. 8. 5,8:53,보민,6호선,화랑대,상월곡,N,X,비었음,4,,,,,,,
2019. 8. 5,9:18,보민,6호선,한강진,삼각지,N,O,비었음,3,,,,,,,
2019. 8. 5,8:55,보민,6호선,화랑대,공덕,N,X,여,,청년,O,O,X,,,
2019. 8. 5,8:55,보민,6호선,화랑대,공덕,N,X,여,,노년,X,X,X,,,"썬캡, 힙쌕"
2019. 8. 5,8:58,보민,6호선,화랑대,공덕,F,X,여,,청년,X,X,X,핸드폰,,백팩
2019. 8. 5,8:58,보민,6호선,화랑대,공덕,N,X,여,,청년,X,X,X,이어폰,옆자리가 나자 옮겨 앉음,토드백
2019. 8. 5,18:45,보민,경의중앙선,공덕,회기,F,X,여,,중년,X,X,X,핸드폰,,
2019. 8. 5,18:45,보민,경의중앙선,공덕,회기,F,X,여,,중년,X,X,X,핸드폰,,
2019. 8. 5,18:50,보민,경의중앙선,공덕,회기,F,X,여,,중년,X,X,X,"핸드폰, 이어폰, 잠",,
2019. 8. 5,20:44,한솔,5호선,공덕,신길,N,O,여,,중년,X,X,X,핸드폰,,
2019. 8. 5,20:45,한솔,5호선,공덕,신길,N,O,비었음,4,,0,O,,,,
2019. 8. 5,20:49,한솔,5호선,여의나루,신길,N,O,비었음,2,,0,O,,,,
2019. 8. 5,21:02,한솔,1호선,신길,구로,N,O,비었음,3,,0,O,,,,
2019. 8. 5,21:02,한솔,1호선,신길,독산,N,O,비었음,5,,0,O,,,,
2019. 8. 5,21:10,한솔,1호선,신길,병점,N,O,여,,청년,X,X,,핸드폰,,노말 쇼핑백
2019. 8. 5,21:16,한솔,1호선,신길,병점,N,O,여,,중년,X,X,,멍,,쇼핑백
2019. 8. 5,21:18,한솔,1호선,금천구청,병점,N,O,비었음,13,,,,,,,
2019. 8. 5,21:41,한솔,1호선,의왕,병점,N,O,비었음,5,,,,,,,
2019. 8. 5,20:58,현미,6호선,공덕,불광,E,O,비었음,13,,,,,,,
2019. 8. 5,20:59,현미,6호선,공덕,디엠씨,E,O,비었음,6,,,,,,,
2019. 8. 5,21:10,현미,6호선,디엠씨,불광,N,O,남,,청년,X,X,X,멍,,
2019. 8. 5,21:06,재민,5호선,공덕,왕십리,E,O,비었음,11,,0,O,,,,
2019. 8. 5,21:06,재민,5호선,공덕,왕십리,E,O,비었음,11,,0,O,,,,
2019. 8. 5,21:31,재민,분당선,왕십리,야탑,E,O,비었음,16,,0,O,,,,
2019. 8. 5,21:31,재민,분당선,왕십리,서울숲,E,O,비었음,1,,0,O,,,,
2019. 8. 5,21:37,재민,분당선,서울숲,강남구청,E,O,여,,청년,X,O,X,핸드폰,,
2019. 8. 5,21:41,재민,분당선,강남구청,야탑,E,O,비었음,13,,0,O,,,,
2019. 8. 5,8:36,단비,7호선,신중동,온수,F,X,여,,청년,X,X,X,핸드폰,,에코백
2019. 8. 5,8:36,단비,7호선,신중동,온수,F,X,여,,청년,X,X,X,핸드폰,,크로스백
2019. 8. 5,8:46,단비,1호선,온수,신길,N,X,여,,중년,X,X,X,핸드폰,,크로스백
2019. 8. 5,8:46,단비,1호선,온수,신길,N,X,남,,노년,X,X,X,멍,자꾸 두리번 거리심...,봉지(중)
2019. 8. 5,8:51,단비,1호선,개봉,구로,N,X,비었음,,,,,,,,
2019. 8. 5,8:57,단비,1호선,온수,신길,N,X,여,,중년,X,X,X,핸드폰,,
2019. 8. 5,9:03,단비,1호선,온수,신길,N,X,여,,중년,X,X,X,잠,,메신저백
2019. 8. 5,9:10,단비,5호선,신길,공덕,E,X,비었음,,,,,,,,
2019. 8. 5,9:10,단비,5호선,신길,공덕,E,X,여,,청년,X,X,X,잠,,크로스백
2019. 8. 5,9:17,단비,5호선,마포,공덕,E,X,비었음,,,,,,,,
2019. 8. 5,18:40,단비,5호선,공덕,신길,F,X,여,,청년,X,X,X,잠,,크로스백
2019. 8. 5,18:40,단비,5호선,공덕,신길,F,X,남,,청년,X,X,X,핸드폰,,백팩
2019. 8. 5,18:56,단비,1호선,신길,부천,F,X,여,,청년,X,X,X,핸드폰,,"크로스백, 봉지(소)"
2019. 8. 5,18:56,단비,1호선,신길,부천,F,X,여,,중년,X,X,X,잠,,메신저백
2019. 8. 5,19:11,단비,1호선,역곡,부천,F,X,여,,청년,X,X,X,핸드폰,,클러치
2019. 8. 5,19:11,단비,1호선,역곡,부천,F,X,여,,청년,X,X,X,핸드폰,,크로스백
2019. 8. 7,8:18,한솔,1호선,병점,수원,E,O,비었음,2,,0,O,,,,
2019. 8. 7,8:18,한솔,1호선,병점,금정,F,O,비었음,8,,0,O,,,,
2019. 8. 7,8:23,미현,1호선,수원,신길,F,X,남,,중년,X,X,X,"핸드폰, 이어폰",,"우산, 노트북 가방"
2019. 8. 7,8:23,미현,1호선,수원,신길,F,X,여,,노년,X,X,X,대화,옆에 남편으로 추정되는 분과 대화중,
2019. 8. 7,8:29,한솔,1호선,병점,신길,N,O,여,,중년,X,X,X,핸드폰,,
2019. 8. 7,8:44,한솔,1호선,병점,신길,F,X,여,,중년,X,X,,핸드폰,,핸드백
2019. 8. 7,8:46,미현,1호선,수원,신길,F,X,여,,중년,X,X,X,잠,,작은 크기의 백팩
2019. 8. 7,8:57,미현,1호선,수원,신길,F,X,여,,중년,X,X,X,핸드폰,,"크로스백, 우산"
2019. 8. 7,9:07,미현,5호선,신길,공덕,F,X,비었음,4,,0,O,,,,
2019. 8. 7,9:08,한솔,1호선,병점,신길,F,O,여,,청년,O,O,X,"이어폰, 잠",,
2019. 8. 7,9:07,미현,5호선,신길,공덕,F,X,여,,중년,X,X,X,핸드폰,,백팩
2019. 8. 7,9:10,미현,5호선,신길,공덕,F,X,여,,중년,X,X,X,잠,,핸드백
2019. 8. 7,9:16,보민,6호선,화랑대,공덕,N,X,여,,청년,X,O,O,핸드폰,,"에코백, 장우산"
2019. 8. 7,9:16,보민,6호선,화랑대,공덕,N,X,여,,노년,X,X,X,멍,,보스턴백
2019. 8. 7,9:19,한솔,1호선,병점,신길,F,O,여,,노년,X,X,O,멍,,"페인트통, 우산, 핸드백"
2019. 8. 7,9:26,한솔,5호선,신길,공덕,F,X,여,,중년,X,X,X,"이어폰, 핸드폰",,
2019. 8. 7,9:32,보민,6호선,화랑대,공덕,F,X,여,,중년,X,X,X,멍,한정거장 가서 바로 내림,
2019. 8. 7,9:34,보민,6호선,동묘앞,약수,E,O,비었음,3,,0,O,,,,
2019. 8. 7,9:34,보민,6호선,동묘앞,공덕,E,O,비었음,10,,0,O,,,,
2019. 8. 7,9:39,보민,6호선,화랑대,공덕,E,O,여,,중년,X,X,X,미어캣,반대줄에 자리가 나자 옮겨앉음,"손가방, 물"
2019. 8. 7,9:42,보민,6호선,한강진,공덕,N,O,비었음,5,,0,O,,,,
2019. 8. 7,8:36,재민,분당선,야탑,왕십리,F,X,여,,청년,X,X,X,잠,,
2019. 8. 7,8:36,재민,분당선,야탑,왕십리,F,X,여,,노년,X,X,X,잠,,
2019. 8. 7,8:52,재민,분당선,야탑,왕십리,F,X,여,,중년,X,X,X,핸드폰,,
2019. 8. 7,9:06,재민,분당선,강남구청,왕십리,E,O,비었음,3,,0,O,,,,
2019. 8. 7,9:23,재민,5호선,왕십리,공덕,N,X,여,,청년,X,X,X,핸드폰,,
2019. 8. 7,9:23,재민,5호선,왕십리,공덕,N,X,여,,청년,X,X,X,잠,,
2019. 8. 7,9:28,재민,5호선,왕십리,공덕,N,X,여,,중년,X,X,X,핸드폰,,
2019. 8. 7,9:42,재민,5호선,왕십리,공덕,N,X,여,,중년,X,X,X,핸드폰,,
2019. 8. 7,9:43,재민,5호선,애오개,공덕, N,X,비었음,1,,0,O,,,,
2019. 8. 7,18:55,한솔,1호선,신길,병점,F,X,여,,중년,X,X,X,대화,,
2019. 8. 7,18:55,한솔,1호선,신길,병점,F,X,여,,중년,X,X,X,"이어폰, 핸드폰",,
2019. 8. 7,19:34,한솔,1호선,당정,병점,N,O,비었음,6,,0,O,,,,
2019. 8. 7,19:38,한솔,1호선,의왕,병점,N,O,비었음,5,,0,O,,,,
2019. 8. 7,18:28,현미,6호선,공덕,합정,E,O,비었음,4,,,,,,,
2019. 8. 7,18:29,현미,6호선,공덕,합정,E,O,비었음,4,,,,,,,
2019. 8. 7,18:34,현미,6호선,상수,합정,N,O,남,,중년,X,X,X,핸드폰,,
2019. 8. 7,20:19,미현,5호선,공덕,신길,N,O,여,,청년,X,X,X,핸드폰,,잠
2019. 8. 7,20:19,미현,5호선,공덕,신길,N,O,비었음,4,,0,O,,,,
2019. 8. 7,20:33,미현,1호선,신길,수원,N,O,남,,중년,X,X,X,멍,,노트북 가방
2019. 8. 7,20:33,미현,1호선,신길,영등포,N,O,비었음,1,,0,O,,,,
2019. 8. 7,20:36,미현,1호선,신길,수원,N,O,남,,노년,X,X,X,멍,,
2019. 8. 7,20:47,미현,1호선,가산디지털단지,금정,F,X,비었음,7,,0,O,,,한 청년이 임산부석 앞에 서 있음,
2019. 8. 7,21:09,미현,1호선,신길,수원,N,X,여,,중년,X,X,O,멍,,큰 사이즈의 가방 세 개
2019. 8. 7,21:09,미현,1호선,신길,수원,N,X,남,,청년,X,X,X,핸드폰,외국인,
2019. 8. 7,21:17,미현,1호선,의왕,수원,E,O,비었음,3,,0,O,,,,
2019. 8. 7,21:12,현미,6호선,합정,디엠씨,F,O,남,,청년,X,X,X,핸드폰,,
2019. 8. 7,21:13,현미,6호선,합정,디엠씨,F,O,여,,중년,X,X,X,멍,,
2019. 8. 7,21:24,현미,6호선,디엠씨,불광,N,O,비었음,5,,,,,,,
2019. 8. 7,21:26,현미,6호선,디엠씨,불광,N,O,비었음,5,,,,,,,
2019. 8. 7,21:04,보민,6호선,공덕,약수,E,O,비었음,,,0,O,,,,
2019. 8. 7,21:04,보민,6호선,공덕,효창공원,E,O,비었음,1,,0,O,,,,
2019. 8. 7,21:04,보민,6호선,공덕,화랑대,N,O,남,,청년,X,X,X,"이어폰, 핸드폰",,가벼운 백팩
2019. 8. 7,21:15,보민,6호선,공덕,화랑대,N,O,여,,청년,X,X,X,핸드폰,옆자리 나자 옮겨앉음,"크로스백, 우산"
2019. 8. 7,21:15,보민,6호선,공덕,화랑대,N,O,여,,청년,X,X,X,핸드폰,반대편 라인 자리나자 옮겨앉음,"핸드백, 시장바구니"
2019. 8. 7,21:55,보민,6호선,창신,화랑대,N,X,비었음,9,,0,O,,,,
2019. 8. 7,21:35,보민,6호선,석계,화랑대,E,O,비었음,2,,0,O,,,,
2019. 8. 7,21:19,재민,5호선,공덕,왕십리,E,O,남,,청년,X,X,X,핸드폰,7석 중 5석이 비어있는 와중에 임산부석 옆자리에 앉아있던 남자가 임산부석으로 옮김,
2019. 8. 7,21:19,재민,5호선,공덕,종로3가,E,O,비었음,5,,,,,,,
2019. 8. 7,21:28,재민,5호선,공덕,왕십리,N,X,남,,중년,X,X,X,핸드폰,,
2019. 8. 7,21:46,재민,분당선,왕십리,야탑,E,O,여,,중년,X,X,X,핸드폰 -> 독서,,"백팩, 핸드백"
2019. 8. 7,21:46,재민,분당선,왕십리,선릉,E,O,비었음,5,,,,,,,
2019. 8. 7,21:59,재민,분당선,왕십리,야탑,F,X,여,,청년,X,X,X,"핸드폰, 이어폰",,
2019. 8. 7,8:48,단비,1호선,온수,신길,F,X,남,,청년,X,X,X,잠,,메신저백
2019. 8. 7,8:48,단비,1호선,온수,신길,F,X,남,,중년,X,X,X,대화,목발을 짚고 계심,크로스백
2019. 8. 7,9:03,단비,1호선,온수,신길,F,X,남,,중년,X,X,X,핸드폰,,백팩
2019. 8. 7,9:10,단비,5호선,신길,공덕,N,O,여,,청년,X,X,X,핸드폰,,보스턴백
2019. 8. 7,9:10,단비,5호선,신길,공덕,N,O,여,,청년,X,X,X,핸드폰,,"크로스백, 봉지(미니)"
2019. 8. 7,18:56,단비,5호선,공덕,신길,F,X,여,,청년,X,X,X,핸드폰,,보스턴백
2019. 8. 7,18:56,단비,5호선,공덕,신길,F,X,여,,청년,X,X,X,핸드폰,,보스턴백
2019. 8. 7,19:12,단비,1호선,신길,온수,F,X,여,,청년,X,X,X,핸드폰,,크로스백
2019. 8. 7,19:12,단비,1호선,신길,온수,F,X,남,,중년,X,X,X,핸드폰,,
2019. 8. 7,19:17,단비,1호선,신도림,온수,F,X,여,,청년,O,O,X,전화,,크로스백
2019. 8. 7,19:28,단비,1호선,오류동,온수,F,X,비었음,,,,,,,,
2019. 8. 7,19:34,단비,7호선,온수,신중동,F,X,여,,청년,X,X,X,핸드폰,,보스턴백
2019. 8. 7,19:34,단비,7호선,온수,신중동,F,X,비었음,,,,,,,,
2019. 8. 8,8:15,한솔,1호선,병점,수원,E,O,비었음,2,,,,,,,
2019. 8. 8,8:15,한솔,1호선,병점,수원,E,O,비었음,2,,0,O,,,,
2019. 8. 8,8:28,한솔,1호선,병점,신길,N,O,남,,중년,X,X,,"핸드폰, 이어폰",,노트북 가방
2019. 8. 8,8:28,한솔,1호선,병점,신길,N,O,남,,청년,X,X,,핸드폰,,백팩
2019. 8. 8,8:38,미현,1호선,수원,신길,N,O,남,,중년,X,X,X,핸드폰,,노트북 가방
2019. 8. 8,8:38,미현,1호선,수원,신길,N,O,여,,중년,X,X,X,핸드폰,,웨이스트백
2019. 8. 8,8:46,한솔,1호선,병점,신길,N,O,남,,청년,X,X,X,핸드폰,,
2019. 8. 8,8:52,미현,1호선,수원,신길,N,X,여,,중년,X,X,X,멍,,"양산, 에코백"
2019. 8. 8,8:52,보민,6호선,화랑대,공덕,N,O,여,,노년,X,X,X,미어캣,노약좌석 양쪽 칸은 차 있고 혼자 앉아있는 할배 있음,가벼운 백팩
2019. 8. 8,8:52,보민,6호선,화랑대,공덕,N,O,여,,청년,X,X,X,전화,,토드백
2019. 8. 8,8:56,미현,1호선,수원,신길,F,X,여,,중년,X,X,X,핸드폰,,크로스백
2019. 8. 8,9:04,미현,1호선,수원,신길,F,X,여,,중년,X,X,X,핸드폰,,백팩
2019. 8. 8,9:10,보민,6호선,화랑대,공덕,N,X,여,,청년,X,X,X,잠,,토드백
2019. 8. 8,9:11,보민,6호선,화랑대,공덕,N,X,여,,중년,X,X,X,멍,,손가방
2019. 8. 8,9:15,보민,6호선,화랑대,화랑대,N,O,여,,중년,X,X,X,잠,,보스턴백
2019. 8. 8,9:18,보민,6호선,한강진,삼각지,N,O,비었음,3,,0,O,,,,
2019. 8. 8,9:19,한솔,1호선,병점,신길,F,X,남,,중년,X,X,X,핸드폰,,
2019. 8. 8,9:25,보민,6호선,화랑대,공덕,N,O,여,,청년,X,X,X,핸드폰,,보스턴백
2019. 8. 8,9:27,한솔,5호선,신길,공덕,F,X,여,,중년,X,X,,핸드폰,,에코백
2019. 8. 8,9:28,한솔,5호선,신길,공덕,F,X,남,,중년,X,X,X,"이어폰, 핸드폰",,
2019. 8. 8,9:28,한솔,5호선,여의도,공덕,F,X,비었음,3,,0,O,,,,
2019. 8. 8,9:39,미현,5호선,신길,공덕,F,X,비었음,4,,,,,,,
2019. 8. 8,9:39,미현,5호선,신길,마포,F,X,비었음,3,,0,,,,,
2019. 8. 8,9:45,미현,5호선,신길,공덕,F,X,남,,청소년,X,X,X,핸드폰,,
2019. 8. 8,8:35,재민,분당선,야탑,왕십리,F,X,여,,청년,X,X,X,이어폰,,
2019. 8. 8,8:35,재민,분당선,야탑,왕십리,F,X,여,,청년,X,X,X,먹기,,
2019. 8. 8,8:55,재민,분당선,야탑,왕십리,F,X,여,,청년,X,X,X,"핸드폰, 손풍기쐬기",,
2019. 8. 8,9:01,재민,분당선,선릉,왕십리,N,X,비었음,5,,0,O,,,,
2019. 8. 8,9:05,재민,분당선,강남구청,왕십리,E,O,비었음,3,,0,O,,,,
2019. 8. 8,9:23,재민,5호선,왕십리,행당,N,X,비었음,1,,0,O,,,,
2019. 8. 8,9:23,재민,5호선,왕십리,공덕,N,X,여,,청년,X,O,X,"핸드폰, 이어폰",,
2019. 8. 8,9:24,재민,5호선,왕십리,공덕,N,X,여,,청년,X,X,,멍,일반석 빈자리 생기니 옮김,백팩 2개
2019. 8. 8,9:29,재민,5호선,동대문역사문화공원,공덕,N,X,비었음,7,,0,O,,,,
2019. 8. 8,9:38,재민,5호선,서대문,공덕,E,O,비었음,3,,0,O,,,,
2019. 8. 8,9:10,현미,6호선,불광,월드컵경기장,E,O,비었음,7,,0,O,,,,
2019. 8. 8,9:12,현미,6호선,불광,공덕,E,O,비었음,14,,0,O,,,,
2019. 8. 8,9:26,현미,6호선,합정,공덕,E,O,남,,청년,X,X,X,핸드폰,,
2019. 8. 8,17:39,미현,5호선,공덕,신길,F,X,여,,노년,X,X,X,핸드폰,,
2019. 8. 8,17:40,보민,6호선,공덕,화랑대,N,O,여,,중년,X,X,X,핸드폰,,백팩
2019. 8. 8,17:40,보민,6호선,공덕,화랑대,N,O,여,,중년,X,X,X,멍,,손가방
2019. 8. 8,17:39,미현,5호선,공덕,신길,F,X,여,,중년,X,X,X,잠,,
2019. 8. 8,17:44,보민,6호선,삼각지,약수,N,O,비었음,5,,0,O,,,,
2019. 8. 8,17:51,보민,6호선,약수,청구,N,O,비었음,1,,0,O,,,,
2019. 8. 8,17:52,보민,6호선,공덕,화랑대,N,O,여,,청년,X,X,X,,갑자기 일어나서 열차칸 이동??? 내가 너무 빤히 봤나?,
2019. 8. 8,17:53,보민,6호선,공덕,화랑대,N,O,여,,청년,O,O,X,핸드폰,,백팩
2019. 8. 8,17:55,미현,1호선,신길,수원,F,X,여,,청년,X,X,X,핸드폰,,크로스백
2019. 8. 8,17:55,미현,1호선,신길,수원,F,X,남,,중년,X,X,X,잠,옆자리에 임산부 뱃지를 달고 계신 분이 앉아계심,
2019. 8. 5,17:57,보민,6호선,동묘앞,화랑대,F,X,비었음,7,,0,O,,,,
2019. 8. 8,18:09,미현,1호선,신길,수원,F,X,남,,중년,X,X,X,멍,,
2019. 8. 8,18:26,미현,1호선,신길,수원,F,X,여,,중년,X,X,X,핸드폰,,"미니 쇼핑백, 핸드백"
2019. 8. 8,18:26,미현,1호선,신길,수원,F,X,여,,청년,X,X,X,핸드폰,,
2019. 8. 8,18:34,미현,1호선,금정,수원,F,X,비었음,6,,0,O,,,,
2019. 8. 8,8:39,단비,7호선,신중동,춘의,N,O,비었음,,,0,O,,,,
2019. 8. 8,8:39,단비,7호선,신중동,온수,N,O,여,,중년,X,X,X,핸드폰,,크로스백
2019. 8. 8,8:41,단비,7호선,신중동,온수,N,O,남,,청년,X,X,X,잠,,에코백
2019. 8. 8,8:56,단비,1호선,온수,신길,N,X,남,,청년,X,X,X,잠,,백팩
2019. 8. 8,8:56,단비,1호선,온수,신길,N,X,여,,중년,X,X,X,잠,,에코백
2019. 8. 8,9:05,단비,1호선,온수,신길,N,X,여,,중년,X,X,X,잠,,에코백
2019. 8. 8,9:16,단비,5호선,신길,공덕,F,X,여,,노년,X,X,X,핸드폰,,보스턴백
2019. 8. 8,9:16,단비,5호선,신길,여의도,F,X,비었음,,,0,O,,,,
2019. 8. 8,9:18,단비,5호선,신길,공덕,F,X,여,,중년,X,X,X,핸드폰,,백팩
2019. 8. 8,17:40,단비,5호선,공덕,신길,N,O,남,,중년,X,X,X,핸드폰,,
2019. 8. 8,17:40,단비,5호선,공덕,여의나루,N,O,비었음,,,0,O,,,,
2019. 8. 8,17:43,단비,5호선,공덕,신길,N,O,여,,노년,X,X,X,대화,,크로스백
2019. 8. 8,17:46,단비,5호선,여의도,신길,N,O,비었음,,,0,O,,,,
2019. 8. 8,17:54,단비,1호선,신길,부천,N,X,여,,중년,X,X,X,대화,팔깁스 하고 계심,크로스백
2019. 8. 8,17:54,단비,1호선,신길,부천,N,X,여,,중년,X,X,X,대화,,크로스백
2019. 8. 8,17:56,단비,1호선,신길,부천,N,X,여,,중년,X,X,X,핸드폰,,백팩
2019. 8. 8,17:59,단비,1호선,신길,부천,N,X,여,,노년,X,X,X,멍,,백팩
2019. 8. 8,17:39,재민,5호선,공덕,답십리,N,O,여,,중년,X,X,X,잠,,
2019. 8. 8,17:39,재민,5호선,공덕,답십리,N,O,여,,노년,X,X,O,핸드폰,,구루마
2019. 8. 8,17:54,재민,5호선,공덕,답십리,F,X,여,,청년,X,X,X,핸드폰,,
2019. 8. 8,18:08,재민,5호선,답십리,왕십리,N,O,비었음,2,,0,O,,,,
2019. 8. 8,18:08,재민,5호선,답십리,왕십리,N,O,여,,중년,X,X,O,멍,,"봉지(중)2개, 토트백(봉지(중)사이즈)"
2019. 8. 8,18:21,재민,분당선,왕십리,야탑,F,X,여,,중년,X,X,X,핸드폰,,
2019. 8. 8,18:21,재민,분당선,왕십리,야탑,F,X,여,,중년,X,X,X,핸드폰,,
2019. 8. 9,8:09,미현,1호선,수원,신길,N,O,남,,청년,X,X,X,멍,,쇼퍼백
2019. 8. 9,8:09,미현,1호선,수원,신길,N,O,여,,중년,X,X,X,잠,,핸드백
2019. 8. 9,8:13,한솔,1호선,병점,세류,E,O,비었음,1,,0,O,,,,
2019. 8. 9,8:13,한솔,1호선,병점,수원,E,O,비었음,2,,0,O,,,,
2019. 8. 9,8:23,한솔,1호선,병점,신길,E,O,여,,청년,X,X,,핸드폰,,"백팩, 에코백"
2019. 8. 9,8:26,한솔,1호선,병점,신길,N,O,남,,청년,X,X,,"핸드폰, 이어폰",,백팩
2019. 8. 9,8:26,한솔,1호선,병점,신길,N,O,남,,청년,X,X,,"핸드폰, 이어폰",,노트북 가방
2019. 8. 9,8:28,미현,1호선,수원,신길,N,O,남,,청년,X,X,X,핸드폰,,
2019. 8. 9,8:33,미현,1호선,수원,신길,F,X,여,,청년,X,X,X,핸드폰,,핸드백
2019. 8. 9,8:37,미현,3호선,수원,신길,F,X,여,,중년,X,X,X,핸드폰,,핸드백
2019. 8. 9,8:50,보민,6호선,화랑대,공덕,F,O,여,,중년,X,X,X,,1정거장 후 내림,
2019. 8. 9,8:52,보민,6호선,화랑대,공덕,F,O,여,,청년,X,X,X,빵먹음,"빵먹으면서 걸터앉아있음, 1정거장 후 내림",
2019. 8. 9,8:52,보민,6호선,화랑대,공덕,F,O,여,,중년,X,X,X,,,
2019. 8. 9,8:55,한솔,1호선,병점,신길,F,X,여,,노년,X,X,X,멍,,
2019. 8. 9,8:57,보민,6호선,화랑대,공덕,F,X,여,,중년,X,X,X,"이어폰, 잠",,
2019. 8. 9,8:59,한솔,1호선,병점,신길,F,X,여,,중년,X,X,O,핸드폰,,캐리어
2019. 8. 9,9:10,보민,6호선,화랑대,공덕,F,X,여,,청년,X,X,X,핸드폰,,핸드백
2019. 8. 9,9:10,미현,5호선,신길,공덕,F,X,여,,중년,X,X,X,핸드폰,,백팩
2019. 8. 9,9:10,미현,5호선,신길,공덕,F,X,여,,청년,X,X,X,핸드폰,,에코백
2019. 8. 9,9:20,보민,6호선,약수,공덕,N,O,비었음,7,,0,O,,,,
2019. 8. 9,9:16,한솔,1호선,병점,신길,F,X,여,,중년,X,X,X,잠,,
2019. 8. 9,9:21,한솔,5호선,신길,공덕,F,O,여,,중년,X,X,,멍,,백팩
2019. 8. 9,9:22,한솔,5호선,여의도,마포,F,O,비었음,2,,0,O,,,,
2019. 8. 9,9:27,한솔,5호선,신길,공덕,N,O,여,,중년,X,X,,대화,,메신저백}
2019. 8. 9,8:39,재민,분당선,야탑,왕십리,F,X,여,,청년,X,X,X,핸드폰,,
2019. 8. 9,8:39,재민,분당선,야탑,왕십리,F,X,여,,중년,X,X,X,"핸드폰, 이어폰",,
2019. 8. 9,8:48,재민,분당선,야탑,왕십리,F,X,여,,청년,X,X,X,핸드폰,,
2019. 8. 9,8:48,재민,분당선,복정,강남구청,F,X,비었음,9,,0,O,,,,
2019. 8. 9,9:09,재민,분당선,강남구청,왕십리,E,O,비었음,3,,0,O,,,,
2019. 8. 9,9:09,재민,분당선,야탑,왕십리,E,O,여,,중년,X,X,X,멍,빈 자리 많은데도 임산부석에 앉았다가 1개 역 후에 내림,
2019. 8. 9,9:11,재민,분당선,압구정로데오,왕십리,E,O,비었음,2,,0,O,,,,
2019. 8. 9,9:24,재민,5호선,왕십리,공덕,F,X,여,,청년,X,X,X,잠,,
2019. 8. 9,9:24,재민,5호선,왕십리,공덕,F,X,여,,청년,X,X,X,핸드폰,,
2019. 8. 9,9:33,재민,5호선,을지로4가,공덕,N,O,비었음,6,,0,O,,,,
2019. 8. 9,9:15,현미,6호선,불광,디엠씨,E,O,비었음,7,,0,O,,,,
2019. 8. 9,9:26,현미,6호선,불광,공덕,E,O,비었음,15,,0,O,,,,
2019. 8. 9,9:26,현미,6호선,디엠씨,공덕,N,O,여,,노년,X,X,O,멍,,구르마에 상자(무거워보였음)
2019. 8. 9,19:00,한솔,5호선,공덕,신길,N,X,여,,노년,X,X,X,"핸드폰, 이어폰",,
2019. 8. 9,19:00,한솔,5호선,공덕,신길,N,X,여,,노년,X,X,,"핸드폰, 이어폰",,백팩
2019. 8. 9,19:21,한솔,1호선,신길,병점,F,O,여,,중년,X,X,,대화,,백팩
2019. 8. 9,19:22,한솔,1호선,신길,병점,F,O,여,,노년,X,X,,멍,,에코백
2019. 8. 9,19:25,한솔,1호선,신길,병점,F,O,여,,중년,X,X,,핸드폰,,에코백
2019. 8. 9,19:41,한솔,1호선,신길,병점,N,O,여,,중년,X,X,X,"이어폰, 잠",,
2019. 8. 9,19:44,한솔,1호선,석수,안양,N,O,비었음,2,,,,,,,
2019. 8. 9,19:47,한솔,1호선,신길,병점,N,O,여,,청년,X,X,X,"핸드폰, 이어폰",,
2019. 8. 9,19:51,한솔,1호선,신길,병점,N,O,여,,청년,X,X,X,"핸드폰, 이어폰",,
2019. 8. 9,19:53,한솔,1호선,신길 ,병점,N,O,여,,노년,X,X,X,핸드폰,,
2019. 8. 9,19:54,한솔,1호선,신길,병점,E,O,남,,중년,X,X,X,핸드폰,,
2019. 8. 9,19:55,한솔,1호선,신길,병점,N,O,남,,노년,X,X,X,핸드폰,,
2019. 8. 9,21:48,미현,5호선,공덕,신길,F,X,여,,중년,X,X,X,멍,,핸드백
2019. 8. 9,21:48,미현,5호선,공덕,신길,F,X,여,,어린이,X,X,X,멍,,에코백
2019. 8. 9,22:12,미현,1호선,신길,구로,N,O,비었음,3,,0,O,,,,
2019. 8. 9,22:12,미현,1호선,신길,가산디지털단지,N,O,비었음,4,,0,O,,,,
2019. 8. 9,22:18,미현,1호선,신길,수원,F,O,남,,청년,X,X,X,핸드폰,,
2019. 8. 9,22:20,미현,1호선,신길,수원,F,O,여,,청소년,X,X,X,핸드폰,,
2019. 8. 9,22:40,미현,1호선,금정,수원,N,O,비었음,6,,0,O,,,,
2019. 8. 9,21:50,재민,5호선,공덕,왕십리,E,O,비었음,11,,0,O,,,,
2019. 8. 9,21:50,재민,5호선,공덕,동대문역사문화공원,E,O,비었음,7,,0,O,,,,
2019. 8. 9,22:03,재민,5호선,공덕,왕십리,N,O,여,,중년,X,X,X,핸드폰,,백팩
2019. 8. 9,22:06,재민,5호선,신금호,왕십리,N,O,비었음,2,,0,O,,,,
2019. 8. 9,22:15,재민,분당선,왕십리,강남구청,E,O,비었음,3,,0,O,,,,
2019. 8. 9,22:15,재민,분당선,왕십리,압구정로데오,E,O,비었음,2,,0,O,,,,
2019. 8. 9,22:25,재민,분당선,왕십리,야탑,N,O,여,,노년,X,X,X,멍,,"백팩, 에코백"
2019. 8. 9,22:27,재민,분당선,왕십리,야탑,N,O,여,,청년,X,X,X,"핸드폰, 이어폰",,
2019. 8. 9,22:34,재민,분당선,왕십리,야탑,F,X,남,,청년,X,X,X,"핸드폰, 이어폰",,백팩
2019. 8. 9,22:44,재민,분당선,왕십리,야탑,F,X,남,,중년,X,X,X,"잠, 이어폰",,
2019. 8. 9,19:05,보민,5호선,공덕,여의도,N,O,여,,청년,X,X,X,대화,,토드백
2019. 8. 9,19:05,보민,5호선,공덕,여의도,N,O,여,,중년,X,X,X,핸드폰,,크로스백
2019. 8. 9,19:18,보민,9호선,여의도,샛강,N,X,비었음,1,,0,O,,,,
2019. 8. 9,19:18,보민,9호선,여의도,노량진,N,X,여,,청년,X,X,X,핸드폰,,보스턴백
2019. 8. 9,19:20,보민,9호선,샛강,노량진,N,X,여,,중년,X,X,X,핸드폰,,크로스백
2019. 8. 9,19:26,보민,9호선,노량진,노들,E,X,여,,청년,X,X,X,핸드폰,"옆자리가 비었는데 임산부석 앉음, 한정거장 가서 내림",
2019. 8. 9,19:24,보민,9호선,노량진,흑석,N,X,비었음,2,,0,O,,,,
2019. 8. 9,19:28,보민,9호선,노들,흑석,N,X,비었음,1,,0,O,,,,
2019. 8. 9,19:31,보민,9호선,흑석,고속터미널,F,X,여,,중년,X,X,X,멍,,비닐봉지
2019. 8. 9,19:31,보민,9호선,흑석,동작,F,X,남,,노년,X,X,X,멍,앉을까 말까 고민하다가 눈치보고 앉음,
2019. 8. 9,19:35,보민,9호선,동작,고속터미널,F,X,여,,노년,X,X,X,멍,,크로스백
2019. 8. 9,19:55,보민,7호선,고속터미널,학동,F,X,비었음,3,,0,O,,,,
2019. 8. 9,19:55,보민,7호선,고속터미널,상봉,F,X,남,,청년,X,X,X,핸드폰,"짧은머리, 환자같음",크로스백
2019. 8. 9,20:00,보민,7호선,학동,태릉입구,F,O,여,,청년,X,X,O,전화,,큰 쇼핑백
2019. 8. 9,20:22,보민,7호선,상봉,먹골,N,O,여,,노년,X,X,X,대화,남편과 같이 앉음,
2019. 8. 9,20:26,보민,7호선,먹골,태릉입구,E,O,비었음,1,,0,O,,,,
2019. 8. 12,8:00,한솔,1호선,병점,수원,E,O,비었음,2,,0,O,,,,
2019. 8. 12,8:00,한솔,1호선,병점,신길,E,O,여,,중년,X,X,X,핸드폰,빈자리가 많았음에도 불구하고 굳이 임산부석 착석,
2019. 8. 12,8:12,한솔,1호선,수원 ,병점,E,O,여,,중년,X,X,X,핸드폰,,
2019. 8. 12,8:12,한솔,1호선,수원,병점,E,O,비었음,2,,0,O,,,,
2019. 8. 12,8:44,미현,1호선,수원,신길,E,O,여,,청년,O,O,X,핸드폰,,"핸드백, 장대우산"
2019. 8. 12,8:44,미현,1호선,수원,화서,E,O,비었음,1,,0,O,,,,
2019. 8. 12,8:44,미현,1호선,수원,신길,E,O,여,,중년,X,X,X,멍,,"핸드백, 우산(중), 미니쇼핑백"
2019. 8. 12,9:02,미현,1호선,수원,신길,N,X,여,,청년,X,X,X,핸드폰,,"장대우산, 크로스백"
2019. 8. 12,9:27,미현,1호선,수원,신길,N,X,여,,중년,X,X,O,핸드폰,,20인치 캐리어
2019. 8. 12,9:44,미현,5호선,신길,공덕,F,X,여,,중년,X,X,X,핸드폰,,"핸드백, 3단 우산"
2019. 8. 12,9:44,미현,5호선,신길,공덕,F,X,여,,중년,X,X,X,핸드폰,,핸드백
2019. 8. 12,9:45,미현,5호선,여의도,공덕,F,X,비었음,3,,0,O,,,,
2019. 8. 12,18:15,한솔,5호선,공덕,신길,F,X,여,,중년,X,X,,핸드폰,,핸드백
2019. 8. 12,18:15,한솔,5호선,공덕,신길,F,X,여,,중년,X,X,,핸드폰,,핸드백
2019. 8. 12,18:56,한솔,1호선,신길,병점,F,O,남,,노년,X,X,X,멍,,
2019. 8. 12,18:57,한솔,1호선,명학,성균관대,F,O,비었음,5,,0,O,,,,
2019. 8. 12,19:05,한솔,1호선,금정,성균관대,N,O,비었음,4,,0,O,,,,
2019. 8. 12,19:10,한솔,1호선,신길,병점,E,O,여,,중년,X,X,,대화,핸드백,
2019. 8. 12,19:10,한솔,1호선,신길,병점,E,O,남,,어린이,X,X,X,"핸드폰, 대화",,
2019. 8. 12,21:15,미현,5호선,공덕,신길,F,O,여,,청년,O,O,X,핸드폰,,핸드백
2019. 8. 12,21:15,미현,5호선,공덕,신길,F,O,비었음,4,,0,O,,,,
2019. 8. 12,21:33,미현,1호선,신길,수원,F,X,여,,중년,X,X,X,핸드폰,,핸드백
2019. 8. 12,21:33,미현,1호선,신길,수원,F,X,여,,중년,X,X,X,잠,,"핸드백, 장대우산"
2019. 8. 12,21:45,미현,1호선,신길,수원,F,X,여,,청년,X,X,X,전화,,"에코백, 2단 우산"
2019. 8. 12,21:45,미현,1호선,가산디지털단지,금정,F,X,비었음,7,,0,O,,,,
2019. 8. 12,22:05,미현,1호선,신길,수원,N,O,여,,중년,X,X,X,핸드폰,옆 자리에 앉아 있다가 임산부석으로 옮김,"백팩, 얼굴 크기의 비닐 봉지"
2019. 8. 12,22:17,미현,1호선,성균관대역,수원,E,O,비었음,2,,0,O,,,,
2019. 8. 12,21:17,미현,1호선,성균관대역,수원,E,O,비었음,2,,0,O,,,,
2019. 8. 12,8:47,재민,분당선,야탑,복정,F,X,비었음,,,,,,,,
2019. 8. 12,8:47,재민,분당선,야탑,왕십리,F,X,여,,청년,X,O,,핸드폰,,"핸드백, 에코백, 장우산"
2019. 8. 12,8:57,재민,분당선,야탑,왕십리,F,X,여,,청년,X,X,,화장,,"크로스백, 쇼핑백(소), 단우산"
2019. 8. 12,8:57,재민,분당선,복정,강남구청,F,X,비었음,9,,,,,,,
2019. 8. 12,9:17,재민,분당선,야탑,왕십리,E,O,여,,중년,X,X,X,멍,,
2019. 8. 12,9:17,재민,분당선,강남구청,왕십리,E,O,비었음,3,,,,,,,
2019. 8. 12,9:19,재민,분당선,압구정로데오,왕십리,E,O,비었음,2,,,,,,,
2019. 8. 12,9:36,재민,5호선,왕십리,공덕,F,X,여,,청년,X,X,X,핸드폰,임산부가 탔는데 안 비켜줘서 그 옆자리 분이 비켜줌,
2019. 8. 12,9:36,재민,5호선,왕십리,공덕,F,X,여,,청년,X,X,X,잠,,
2019. 8. 12,9:45,재민,5호선,을지로4가,종로3가,N,O,비었음,1,,,,,,,
2019. 8. 12,9:48,재민,5호선,왕십리,공덕,N,O,남,,청소년,X,X,,핸드폰,,"백팩, 장우산"
2019. 8. 12,9:51,재민,5호선,서대문,공덕,N,O,비었음,3,,,,,,,
2019. 8. 12,21:19,재민,5호선,공덕,왕십리,E,O,비었음,11,,,,,,,
2019. 8. 12,21:19,재민,5호선,공덕,충정로,E,O,비었음,2,,,,,,,
2019. 8. 12,21:22,재민,5호선,공덕,왕십리,E,O,여,,청년,X,X,X,핸드폰,,
2019. 8. 12,21:44,재민,분당선,왕십리,선릉,E,O,비었음,5,,,,,,,
2019. 8. 12,21:44,재민,분당선,왕십리,선정릉,E,O,비었음,4,,,,,,,
2019. 8. 12,21:57,재민,분당선,왕십리,야탑,N,O,여,,중년,X,X,X,대화,,
2019. 8. 12,21:59,재민,분당선,왕십리,야탑,F,O,여,,청년,X,X,X,핸드폰,,
2019. 8. 12,22:11,재민,분당선,왕십리,야탑,F,O,여,,청년,X,X,,"핸드폰, 이어폰",,메신저백
2019. 8. 12,22:20,재민,분당선,왕십리,야탑,F,O,남,,중년,X,X,,핸드폰,,"크로스백, 장우산"
2019. 8. 13,8:00,한솔,1호선,병점,신길,N,O,남,,청년,X,X,,"이어폰, 잠",텅텅 빈 시작역부터 임산부석에 앉아서 옴,백팩
2019. 8. 13,8:00,한솔,1호선,병점,신길,N,O,여,,노년,X,X,,잠,,백팩
2019. 8. 13,8:21,한솔,1호선,병점,신길,F,X,남,,중년,X,X,X,"이어폰, 잠",앞에 임산부 있는데도 자서 옆사람이 자리내줌.......,
2019. 8. 13,8:24,미현,1호선,수원,신길,F,X,남,,중년,X,X,X,핸드폰,,노트북 가방
2019. 8. 13,8:24,미현,1호선,수원,신길,F,X,여,,중년,X,X,X,핸드폰,,핸드백
2019. 8. 13,8:28,한솔,1호선,병점,신길,F,X,여,,청년,X,X,,핸드폰,,"핸드백, 에코백"
2019. 8. 13,8:32,미현,1호선,수원,신길,F,X,여,,노년,X,X,X,잠,,핸드백
2019. 8. 13,8:46,한솔,1호선,독산,가산디지털단지,F,X,비었음,1,,0,O,,,,
2019. 8. 13,8:49,한솔,1호선,병점,신길,F,X,여,,청년,X,X,X,"핸드폰, 이어폰",,
2019. 8. 13,8:59,미현,1호선,수원,신길,F,X,남,,중년,X,X,X,핸드폰,,이마트 장바구니
2019. 8. 13,8:59,미현,1호선,수원,신길,F,X,여,,중년,X,X,X,잠,,핸드백
2019. 8. 13,9:11,한솔,5호선,신길,공덕,F,X,여,,중년,X,X,X,"핸드폰, 이어폰",,
2019. 8. 13,9:12,한솔,5호선,신길,공덕,F,X,여,,중년,X,X,,"핸드폰, 이어폰",,백팩
2019. 8. 13,9:10,미현,5호선,신길,공덕,F,X,여,,중년,X,X,X,멍,,핸드백
2019. 8. 13,9:10,미현,5호선,신길,공덕,F,X,남,,중년,X,X,X,멍,,크로스백
2019. 8. 13,9:18,한솔,5호선,마포,공덕,F,X,비었음,1,,0,O,,,,
2019. 8. 13,8:42,재민,분당선,야탑,왕십리,F,X,여,,중년,X,X,X,멍,한참 눈치 보다가 앉음,
2019. 8. 13,8:42,재민,분당선,야탑,왕십리,F,X,여,,청년,X,X,,핸드폰,,쇼핑백(중)
2019. 8. 13,9:13,재민,분당선,강남구청,왕십리,E,O,비었음,3,,0,O,,,,
2019. 8. 13,9:28,재민,5호선,왕십리,공덕,N,X,여,,중년,X,X,X,핸드폰,,
2019. 8. 13,9:28,재민,5호선,왕십리,공덕,N,X,여,,중년,X,X,,멍,,백팩
2019. 8. 13,9:40,재민,5호선,종로3가,공덕,E,X,비었음,5,,0,O,,,,
2019. 8. 13,9:44,재민,5호선,왕십리,공덕,E,O,여,,청년,O,O,X,핸드폰,옆자리에 있다가 임산부석이 비니까 옮김,
2019. 8. 13,9:47,재민,5호선,왕십리,공덕,E,O,남,,청년,X,X,,대화,,백팩
2019. 8. 13,18:56,한솔,5호선,공덕,신길,N,O,남,,청년,X,X,X,"이어폰, 핸드폰",,
2019. 8. 13,18:57,한솔,5호선,공덕,신길,N,O,여,,청년,X,X,X,핸드폰,,
2019. 8. 13,19:13,한솔,1호선,신길,병점,N,O,여,,청년,X,X,,핸드폰,,에코백
2019. 8. 13,19:25,한솔,1호선,신길,병점,F,O,여,,청년,X,X,X,잠,외국인,
2019. 8. 13,19:45,한솔,1호선,금정,화서,N,O,비었음,5,,0,O,,,,
2019. 8. 13,20:05,한솔,1호선,신길,병점,E,O,남,,청년,X,X,,"이어폰, 핸드폰",옆자리 비어있는데도 앉아있음,에코백
2019. 8. 13,20:07,한솔,1호선,신길,병점,E,O,여,,청년,X,X,X,"핸드폰, 이어폰",일반자리 앉아있다가 임산부석 비니까 자리 옮김,
2019. 8. 13,20:55,미현,5호선,공덕,신길,N,O,비었음,4,,0,O,,,,
2019. 8. 13,20:55,미현,5호선,공덕,신길,N,O,비었음,4,,0,O,,,,
2019. 8. 13,21:09,미현,1호선,신길,수원,F,X,남,,노년,X,X,X,"핸드폰, 주변 살피기",,
2019. 8. 13,21:09,미현,1호선,신길,신도림,F,X,비었음,2,,0,O,,,,
2019. 8. 13,21:15,미현,1호선,신길,수원,F,X,여,,중년,X,X,X,핸드폰,,"핸드백, 커피"
2019. 8. 13,21:24,미현,1호선,신길,수원,F,X,여,,중년,X,X,X,핸드폰,,핸드백
2019. 8. 13,21:24,미현,1호선,독산,안양,F,X,비었음,4,,0,O,,,,
2019. 8. 13,21:33,미현,1호선,관악,안양,F,X,비었음,1,,0,O,,,,
2019. 8. 13,21:36,미현,1호선,수원,신길,F,X,여,,청소년,X,X,X,친구와 대화,,백팩
2019. 8. 13,21:36,미현,1호선,수원,신길,F,X,여,,중년,X,X,X,멍,,백팩
,,,,,,,,,,,0,O,,,,
,,,,,,,,,,,0,O,,,,
,,,,,,,,,,,0,O,,,,
,,,,,,,,,,,0,O,,,,
,,,,,,,,,,,0,O,,,,
,,,,,,,,,,,0,O,,,,
,,,,,,,,,,,0,O,,,,
,,,,,,,,,,,0,O,,,,
,,,,,,,,,,,0,O,,,,
,,,,,,,,,,,0,O,,,,
,,,,,,,,,,,0,O,,,,
,,,,,,,,,,,0,O,,,,
,,,,,,,,,,,0,O,,,,
,,,,,,,,,,,0,O,,,,
,,,,,,,,,,,0,O,,,,
,,,,,,,,,,,0,O,,,,
,,,,,,,,,,,0,O,,,,
,,,,,,,,,,,0,O,,,,
,,,,,,,,,,,0,O,,,,
,,,,,,,,,,,0,O,,,,
,,,,,,,,,,,0,O,,,,
,,,,,,,,,,,0,O,,,,
,,,,,,,,,,,0,O,,,,
,,,,,,,,,,,0,O,,,,
,,,,,,,,,,,0,O,,,,
,,,,,,,,,,,0,O,,,,
,,,,,,,,,,,0,O,,,,
,,,,,,,,,,,0,O,,,,
,,,,,,,,,,,0,O,,,,
,,,,,,,,,,,0,O,,,,
,,,,,,,,,,,0,O,,,,
,,,,,,,,,,,0,O,,,,
,,,,,,,,,,,0,O,,,,
,,,,,,,,,,,0,O,,,,
,,,,,,,,,,,0,O,,,,
,,,,,,,,,,,0,O,,,,
,,,,,,,,,,,0,O,,,,
,,,,,,,,,,,0,O,,,,
,,,,,,,,,,,0,O,,,,
,,,,,,,,,,,0,O,,,,
,,,,,,,,,,,0,O,,,,
,,,,,,,,,,,0,O,,,,
,,,,,,,,,,,0,O,,,,
,,,,,,,,,,,0,O,,,,
,,,,,,,,,,,0,O,,,,
,,,,,,,,,,,0,O,,,,
,,,,,,,,,,,0,O,,,,
,,,,,,,,,,,0,O,,,,
,,,,,,,,,,,0,O,,,,
,,,,,,,,,,,0,O,,,,
,,,,,,,,,,,0,O,,,,
,,,,,,,,,,,0,O,,,,
,,,,,,,,,,,0,O,,,,
,,,,,,,,,,,0,O,,,,
,,,,,,,,,,,0,O,,,,
,,,,,,,,,,,0,O,,,,
,,,,,,,,,,,0,O,,,,
,,,,,,,,,,,0,O,,,,
,,,,,,,,,,,0,O,,,,
,,,,,,,,,,,0,O,,,,
,,,,,,,,,,,0,O,,,,
,,,,,,,,,,,0,O,,,,
,,,,,,,,,,,0,O,,,,
,,,,,,,,,,,0,O,,,,
,,,,,,,,,,,0,O,,,,
,,,,,,,,,,,0,O,,,,
,,,,,,,,,,,0,O,,,,
,,,,,,,,,,,0,O,,,,
,,,,,,,,,,,0,O,,,,
,,,,,,,,,,,0,O,,,,
,,,,,,,,,,,0,O,,,,
,,,,,,,,,,,0,O,,,,
,,,,,,,,,,,0,O,,,,
,,,,,,,,,,,0,O,,,,
,,,,,,,,,,,0,O,,,,
,,,,,,,,,,,0,O,,,,
,,,,,,,,,,,0,O,,,,
,,,,,,,,,,,0,O,,,,
,,,,,,,,,,,0,O,,,,
,,,,,,,,,,,0,O,,,,
,,,,,,,,,,,0,O,,,,
,,,,,,,,,,,0,O,,,,
,,,,,,,,,,,0,O,,,,
,,,,,,,,,,,0,O,,,,
,,,,,,,,,,,0,O,,,,
,,,,,,,,,,,0,O,,,,
,,,,,,,,,,,0,O,,,,
,,,,,,,,,,,0,O,,,,
,,,,,,,,,,,0,O,,,,
,,,,,,,,,,,0,O,,,,
,,,,,,,,,,,0,O,,,,
,,,,,,,,,,,0,O,,,,
,,,,,,,,,,,0,O,,,,
,,,,,,,,,,,0,O,,,,
,,,,,,,,,,,0,O,,,,
,,,,,,,,,,,0,O,,,,
,,,,,,,,,,,0,O,,,,
,,,,,,,,,,,0,O,,,,
,,,,,,,,,,,0,O,,,,
,,,,,,,,,,,0,O,,,,
,,,,,,,,,,,0,O,,,,
,,,,,,,,,,,0,O,,,,
,,,,,,,,,,,0,O,,,,
,,,,,,,,,,,0,O,,,,
,,,,,,,,,,,0,O,,,,
,,,,,,,,,,,0,O,,,,
,,,,,,,,,,,0,O,,,,
,,,,,,,,,,,0,O,,,,
,,,,,,,,,,,0,O,,,,
,,,,,,,,,,,0,O,,,,
,,,,,,,,,,,0,O,,,,
,,,,,,,,,,,0,O,,,,
,,,,,,,,,,,0,O,,,,
,,,,,,,,,,,0,O,,,,
,,,,,,,,,,,0,O,,,,
,,,,,,,,,,,0,O,,,,
,,,,,,,,,,,0,O,,,,
,,,,,,,,,,,0,O,,,,
,,,,,,,,,,,0,O,,,,
,,,,,,,,,,,0,O,,,,
,,,,,,,,,,,0,O,,,,
,,,,,,,,,,,0,O,,,,
,,,,,,,,,,,0,O,,,,
,,,,,,,,,,,0,O,,,,
,,,,,,,,,,,0,O,,,,
,,,,,,,,,,,0,O,,,,
,,,,,,,,,,,0,O,,,,
,,,,,,,,,,,0,O,,,,
,,,,,,,,,,,0,O,,,,
,,,,,,,,,,,0,O,,,,
,,,,,,,,,,,0,O,,,,
,,,,,,,,,,,0,O,,,,
,,,,,,,,,,,0,O,,,,
,,,,,,,,,,,0,O,,,,
,,,,,,,,,,,0,O,,,,
,,,,,,,,,,,0,O,,,,
,,,,,,,,,,,0,O,,,,
,,,,,,,,,,,0,O,,,,
,,,,,,,,,,,0,O,,,,
,,,,,,,,,,,0,O,,,,
,,,,,,,,,,,0,O,,,,
,,,,,,,,,,,0,O,,,,
,,,,,,,,,,,0,O,,,,
,,,,,,,,,,,0,O,,,,
,,,,,,,,,,,0,O,,,,
,,,,,,,,,,,0,O,,,,
,,,,,,,,,,,0,O,,,,
,,,,,,,,,,,0,O,,,,
,,,,,,,,,,,0,O,,,,
,,,,,,,,,,,0,O,,,,
,,,,,,,,,,,0,O,,,,
,,,,,,,,,,,0,O,,,,
,,,,,,,,,,,0,O,,,,
,,,,,,,,,,,0,O,,,,
,,,,,,,,,,,0,O,,,,
,,,,,,,,,,,0,O,,,,
,,,,,,,,,,,0,O,,,,
,,,,,,,,,,,0,O,,,,
,,,,,,,,,,,0,O,,,,
,,,,,,,,,,,0,O,,,,
,,,,,,,,,,,0,O,,,,
,,,,,,,,,,,0,O,,,,
,,,,,,,,,,,0,O,,,,
,,,,,,,,,,,0,O,,,,
,,,,,,,,,,,0,O,,,,
,,,,,,,,,,,0,O,,,,
,,,,,,,,,,,0,O,,,,
,,,,,,,,,,,0,O,,,,
,,,,,,,,,,,0,O,,,,
,,,,,,,,,,,0,O,,,,
,,,,,,,,,,,0,O,,,,
,,,,,,,,,,,0,O,,,,
,,,,,,,,,,,0,O,,,,
,,,,,,,,,,,0,O,,,,
,,,,,,,,,,,0,O,,,,
,,,,,,,,,,,0,O,,,,
,,,,,,,,,,,0,O,,,,
,,,,,,,,,,,0,O,,,,
,,,,,,,,,,,0,O,,,,
,,,,,,,,,,,0,O,,,,
,,,,,,,,,,,0,O,,,,
,,,,,,,,,,,0,O,,,,
,,,,,,,,,,,0,O,,,,
,,,,,,,,,,,0,O,,,,
,,,,,,,,,,,0,O,,,,
,,,,,,,,,,,0,O,,,,
,,,,,,,,,,,0,O,,,,
,,,,,,,,,,,0,O,,,,
,,,,,,,,,,,0,O,,,,
,,,,,,,,,,,0,O,,,,
,,,,,,,,,,,0,O,,,,
,,,,,,,,,,,0,O,,,,
,,,,,,,,,,,0,O,,,,
,,,,,,,,,,,0,O,,,,
,,,,,,,,,,,0,O,,,,
,,,,,,,,,,,0,O,,,,
,,,,,,,,,,,0,O,,,,
,,,,,,,,,,,0,O,,,,
,,,,,,,,,,,0,O,,,,
,,,,,,,,,,,0,O,,,,
,,,,,,,,,,,0,O,,,,
,,,,,,,,,,,0,O,,,,
,,,,,,,,,,,0,O,,,,
,,,,,,,,,,,0,O,,,,
,,,,,,,,,,,0,O,,,,
,,,,,,,,,,,0,O,,,,
,,,,,,,,,,,0,O,,,,
,,,,,,,,,,,0,O,,,,
,,,,,,,,,,,0,O,,,,
,,,,,,,,,,,0,O,,,,
,,,,,,,,,,,0,O,,,,
,,,,,,,,,,,0,O,,,,
,,,,,,,,,,,0,O,,,,
,,,,,,,,,,,0,O,,,,
,,,,,,,,,,,0,O,,,,
,,,,,,,,,,,0,O,,,,
,,,,,,,,,,,0,O,,,,
,,,,,,,,,,,0,O,,,,
,,,,,,,,,,,0,O,,,,
,,,,,,,,,,,0,O,,,,
,,,,,,,,,,,0,O,,,,
,,,,,,,,,,,0,O,,,,
,,,,,,,,,,,0,O,,,,
,,,,,,,,,,,0,O,,,,
,,,,,,,,,,,0,O,,,,
,,,,,,,,,,,0,O,,,,
,,,,,,,,,,,0,O,,,,
,,,,,,,,,,,0,O,,,,
,,,,,,,,,,,0,O,,,,
,,,,,,,,,,,0,O,,,,
,,,,,,,,,,,0,O,,,,
,,,,,,,,,,,0,O,,,,
,,,,,,,,,,,0,O,,,,
,,,,,,,,,,,0,O,,,,
,,,,,,,,,,,0,O,,,,
,,,,,,,,,,,0,O,,,,
,,,,,,,,,,,0,O,,,,
,,,,,,,,,,,0,O,,,,
,,,,,,,,,,,0,O,,,,
,,,,,,,,,,,0,O,,,,
,,,,,,,,,,,0,O,,,,
,,,,,,,,,,,0,O,,,,
,,,,,,,,,,,0,O,,,,
,,,,,,,,,,,0,O,,,,
,,,,,,,,,,,0,O,,,,
,,,,,,,,,,,0,O,,,,
,,,,,,,,,,,0,O,,,,
,,,,,,,,,,,0,O,,,,
,,,,,,,,,,,0,O,,,,
,,,,,,,,,,,0,O,,,,
,,,,,,,,,,,0,O,,,,
,,,,,,,,,,,0,O,,,,
,,,,,,,,,,,0,O,,,,
,,,,,,,,,,,0,O,,,,
,,,,,,,,,,,0,O,,,,
,,,,,,,,,,,0,O,,,,
,,,,,,,,,,,0,O,,,,
,,,,,,,,,,,0,O,,,,
,,,,,,,,,,,0,O,,,,
,,,,,,,,,,,0,O,,,,
,,,,,,,,,,,0,O,,,,
,,,,,,,,,,,0,O,,,,
,,,,,,,,,,,0,O,,,,
,,,,,,,,,,,0,O,,,,
,,,,,,,,,,,0,O,,,,
,,,,,,,,,,,0,O,,,,
,,,,,,,,,,,0,O,,,,
,,,,,,,,,,,0,O,,,,
,,,,,,,,,,,0,O,,,,
,,,,,,,,,,,0,O,,,,
,,,,,,,,,,,0,O,,,,
,,,,,,,,,,,0,O,,,,
,,,,,,,,,,,0,O,,,,
,,,,,,,,,,,0,O,,,,
,,,,,,,,,,,0,O,,,,
,,,,,,,,,,,0,O,,,,
,,,,,,,,,,,0,O,,,,
,,,,,,,,,,,0,O,,,,
,,,,,,,,,,,0,O,,,,
,,,,,,,,,,,0,O,,,,
,,,,,,,,,,,0,O,,,,
,,,,,,,,,,,0,O,,,,
,,,,,,,,,,,0,O,,,,
,,,,,,,,,,,0,O,,,,
,,,,,,,,,,,0,O,,,,
,,,,,,,,,,,0,O,,,,
,,,,,,,,,,,0,O,,,,
,,,,,,,,,,,0,O,,,,
,,,,,,,,,,,0,O,,,,
,,,,,,,,,,,0,O,,,,
,,,,,,,,,,,0,O,,,,
,,,,,,,,,,,0,O,,,,
,,,,,,,,,,,0,O,,,,
,,,,,,,,,,,0,O,,,,
,,,,,,,,,,,0,O,,,,
,,,,,,,,,,,0,O,,,,
,,,,,,,,,,,0,O,,,,
,,,,,,,,,,,0,O,,,,
,,,,,,,,,,,0,O,,,,
,,,,,,,,,,,0,O,,,,
,,,,,,,,,,,0,O,,,,
,,,,,,,,,,,0,O,,,,
,,,,,,,,,,,0,O,,,,
,,,,,,,,,,,0,O,,,,
,,,,,,,,,,,0,O,,,,
,,,,,,,,,,,0,O,,,,
,,,,,,,,,,,0,O,,,,
,,,,,,,,,,,0,O,,,,
,,,,,,,,,,,0,O,,,,
,,,,,,,,,,,0,O,,,,
,,,,,,,,,,,0,O,,,,
,,,,,,,,,,,0,O,,,,
,,,,,,,,,,,0,O,,,,
,,,,,,,,,,,0,O,,,,
,,,,,,,,,,,0,O,,,,
,,,,,,,,,,,0,O,,,,
,,,,,,,,,,,0,O,,,,
,,,,,,,,,,,0,O,,,,
,,,,,,,,,,,0,O,,,,
,,,,,,,,,,,0,O,,,,
,,,,,,,,,,,0,O,,,,
,,,,,,,,,,,0,O,,,,
,,,,,,,,,,,0,O,,,,
,,,,,,,,,,,0,O,,,,
,,,,,,,,,,,0,O,,,,
,,,,,,,,,,,0,O,,,,
,,,,,,,,,,,0,O,,,,
,,,,,,,,,,,0,O,,,,
,,,,,,,,,,,0,O,,,,
,,,,,,,,,,,0,O,,,,
,,,,,,,,,,,0,O,,,,
,,,,,,,,,,,0,O,,,,
,,,,,,,,,,,0,O,,,,
,,,,,,,,,,,0,O,,,,
,,,,,,,,,,,0,O,,,,
,,,,,,,,,,,0,O,,,,
,,,,,,,,,,,0,O,,,,
,,,,,,,,,,,0,O,,,,
,,,,,,,,,,,0,O,,,,
,,,,,,,,,,,0,O,,,,
,,,,,,,,,,,0,O,,,,
,,,,,,,,,,,0,O,,,,
,,,,,,,,,,,0,O,,,,
,,,,,,,,,,,0,O,,,,
,,,,,,,,,,,0,O,,,,
,,,,,,,,,,,0,O,,,,
,,,,,,,,,,,0,O,,,,
,,,,,,,,,,,0,O,,,,
,,,,,,,,,,,0,O,,,,
,,,,,,,,,,,0,O,,,,
,,,,,,,,,,,0,O,,,,
,,,,,,,,,,,0,O,,,,
,,,,,,,,,,,0,O,,,,
,,,,,,,,,,,0,O,,,,
,,,,,,,,,,,0,O,,,,
,,,,,,,,,,,0,O,,,,
,,,,,,,,,,,0,O,,,,
,,,,,,,,,,,0,O,,,,
,,,,,,,,,,,0,O,,,,
,,,,,,,,,,,0,O,,,,
,,,,,,,,,,,0,O,,,,
,,,,,,,,,,,0,O,,,,
,,,,,,,,,,,0,O,,,,
,,,,,,,,,,,0,O,,,,
,,,,,,,,,,,0,O,,,,
,,,,,,,,,,,0,O,,,,
,,,,,,,,,,,0,O,,,,
,,,,,,,,,,,0,O,,,,
,,,,,,,,,,,0,O,,,,
,,,,,,,,,,,0,O,,,,
,,,,,,,,,,,0,O,,,,
,,,,,,,,,,,0,O,,,,
,,,,,,,,,,,0,O,,,,
,,,,,,,,,,,0,O,,,,
,,,,,,,,,,,0,O,,,,
,,,,,,,,,,,0,O,,,,
,,,,,,,,,,,0,O,,,,
,,,,,,,,,,,0,O,,,,
,,,,,,,,,,,0,O,,,,
,,,,,,,,,,,0,O,,,,
,,,,,,,,,,,0,O,,,,
,,,,,,,,,,,0,O,,,,
,,,,,,,,,,,0,O,,,,
,,,,,,,,,,,0,O,,,,
,,,,,,,,,,,0,O,,,,
,,,,,,,,,,,0,O,,,,
,,,,,,,,,,,0,O,,,,
,,,,,,,,,,,0,O,,,,
,,,,,,,,,,,0,O,,,,
,,,,,,,,,,,0,O,,,,
,,,,,,,,,,,0,O,,,,
,,,,,,,,,,,0,O,,,,
,,,,,,,,,,,0,O,,,,
,,,,,,,,,,,0,O,,,,
,,,,,,,,,,,0,O,,,,
,,,,,,,,,,,0,O,,,,
,,,,,,,,,,,0,O,,,,
,,,,,,,,,,,0,O,,,,
,,,,,,,,,,,0,O,,,,
,,,,,,,,,,,0,O,,,,
,,,,,,,,,,,0,O,,,,
,,,,,,,,,,,0,O,,,,
,,,,,,,,,,,0,O,,,,
,,,,,,,,,,,0,O,,,,
,,,,,,,,,,,0,O,,,,
,,,,,,,,,,,0,O,,,,
,,,,,,,,,,,0,O,,,,
,,,,,,,,,,,0,O,,,,
,,,,,,,,,,,0,O,,,,
,,,,,,,,,,,0,O,,,,
,,,,,,,,,,,0,O,,,,
,,,,,,,,,,,0,O,,,,
,,,,,,,,,,,0,O,,,,
,,,,,,,,,,,0,O,,,,
,,,,,,,,,,,0,O,,,,
,,,,,,,,,,,0,O,,,,
,,,,,,,,,,,0,O,,,,
,,,,,,,,,,,0,O,,,,
,,,,,,,,,,,0,O,,,,
,,,,,,,,,,,0,O,,,,
,,,,,,,,,,,0,O,,,,
,,,,,,,,,,,0,O,,,,
,,,,,,,,,,,0,O,,,,
,,,,,,,,,,,0,O,,,,
,,,,,,,,,,,0,O,,,,
,,,,,,,,,,,0,O,,,,
,,,,,,,,,,,0,O,,,,
,,,,,,,,,,,0,O,,,,
,,,,,,,,,,,0,O,,,,
,,,,,,,,,,,0,O,,,,
,,,,,,,,,,,0,O,,,,
,,,,,,,,,,,0,O,,,,
,,,,,,,,,,,0,O,,,,
,,,,,,,,,,,0,O,,,,
,,,,,,,,,,,0,O,,,,
,,,,,,,,,,,0,O,,,,
,,,,,,,,,,,0,O,,,,
,,,,,,,,,,,0,O,,,,
,,,,,,,,,,,0,O,,,,
,,,,,,,,,,,0,O,,,,
,,,,,,,,,,,0,O,,,,
,,,,,,,,,,,0,O,,,,
,,,,,,,,,,,0,O,,,,
,,,,,,,,,,,0,O,,,,
,,,,,,,,,,,0,O,,,,
,,,,,,,,,,,0,O,,,,
,,,,,,,,,,,0,O,,,,
,,,,,,,,,,,0,O,,,,
,,,,,,,,,,,0,O,,,,
,,,,,,,,,,,0,O,,,,
,,,,,,,,,,,0,O,,,,
,,,,,,,,,,,0,O,,,,
,,,,,,,,,,,0,O,,,,
,,,,,,,,,,,0,O,,,,
,,,,,,,,,,,0,O,,,,
,,,,,,,,,,,0,O,,,,
,,,,,,,,,,,0,O,,,,
,,,,,,,,,,,0,O,,,,
,,,,,,,,,,,0,O,,,,
,,,,,,,,,,,0,O,,,,
,,,,,,,,,,,0,O,,,,
,,,,,,,,,,,0,O,,,,
,,,,,,,,,,,0,O,,,,
,,,,,,,,,,,0,O,,,,
,,,,,,,,,,,0,O,,,,
,,,,,,,,,,,0,O,,,,
,,,,,,,,,,,0,O,,,,
,,,,,,,,,,,0,O,,,,
,,,,,,,,,,,0,O,,,,
,,,,,,,,,,,0,O,,,,
,,,,,,,,,,,0,O,,,,
,,,,,,,,,,,0,O,,,,
,,,,,,,,,,,0,O,,,,
,,,,,,,,,,,0,O,,,,
,,,,,,,,,,,0,O,,,,
,,,,,,,,,,,0,O,,,,
,,,,,,,,,,,0,O,,,,
,,,,,,,,,,,0,O,,,,
,,,,,,,,,,,0,O,,,,
,,,,,,,,,,,0,O,,,,
,,,,,,,,,,,0,O,,,,
,,,,,,,,,,,0,O,,,,
,,,,,,,,,,,0,O,,,,
,,,,,,,,,,,0,O,,,,
,,,,,,,,,,,0,O,,,,
,,,,,,,,,,,0,O,,,,
,,,,,,,,,,,0,O,,,,
,,,,,,,,,,,0,O,,,,
,,,,,,,,,,,0,O,,,,
,,,,,,,,,,,0,O,,,,
,,,,,,,,,,,0,O,,,,
,,,,,,,,,,,0,O,,,,
,,,,,,,,,,,0,O,,,,
,,,,,,,,,,,0,O,,,,
,,,,,,,,,,,0,O,,,,
,,,,,,,,,,,0,O,,,,
,,,,,,,,,,,0,O,,,,
,,,,,,,,,,,0,O,,,,
,,,,,,,,,,,0,O,,,,
,,,,,,,,,,,0,O,,,,
,,,,,,,,,,,0,O,,,,
,,,,,,,,,,,0,O,,,,
,,,,,,,,,,,0,O,,,,
,,,,,,,,,,,0,O,,,,
,,,,,,,,,,,0,O,,,,
,,,,,,,,,,,0,O,,,,
,,,,,,,,,,,0,O,,,,
,,,,,,,,,,,0,O,,,,
,,,,,,,,,,,0,O,,,,
,,,,,,,,,,,0,O,,,,
,,,,,,,,,,,0,O,,,,
,,,,,,,,,,,0,O,,,,
,,,,,,,,,,,0,O,,,,
,,,,,,,,,,,0,O,,,,
,,,,,,,,,,,0,O,,,,
,,,,,,,,,,,0,O,,,,
,,,,,,,,,,,0,O,,,,
,,,,,,,,,,,0,O,,,,
,,,,,,,,,,,0,O,,,,
,,,,,,,,,,,0,O,,,,
,,,,,,,,,,,0,O,,,,
,,,,,,,,,,,0,O,,,,
,,,,,,,,,,,0,O,,,,
,,,,,,,,,,,0,O,,,,
,,,,,,,,,,,0,O,,,,
,,,,,,,,,,,0,O,,,,
,,,,,,,,,,,0,O,,,,
,,,,,,,,,,,0,O,,,,
,,,,,,,,,,,0,O,,,,
,,,,,,,,,,,0,O,,,,
,,,,,,,,,,,0,O,,,,
,,,,,,,,,,,0,O,,,,
,,,,,,,,,,,0,O,,,,
,,,,,,,,,,,0,O,,,,
,,,,,,,,,,,0,O,,,,
,,,,,,,,,,,0,O,,,,
,,,,,,,,,,,0,O,,,,
,,,,,,,,,,,0,O,,,,
,,,,,,,,,,,0,O,,,,
,,,,,,,,,,,0,O,,,,
,,,,,,,,,,,0,O,,,,
,,,,,,,,,,,0,O,,,,
,,,,,,,,,,,0,O,,,,
,,,,,,,,,,,0,O,,,,
,,,,,,,,,,,0,O,,,,
,,,,,,,,,,,0,O,,,,
,,,,,,,,,,,0,O,,,,
,,,,,,,,,,,0,O,,,,
,,,,,,,,,,,0,O,,,,
,,,,,,,,,,,0,O,,,,
