date,time,line,start,stop,E,N,F,old_age_seat,is_empty,Female,Male,isempty_station,child,teenage,Youth,middle_age,old_age,badge,pregnant,heavy,cellphone,thinking,sleep,earphone,talking,calling,reading,makeup,eating,writing
2019. 7. 31.,19:10:00,5,공덕,여의도,0,1,0,0,0,1,0,,0,0,0,1,0,0,0,1,1,0,0,1,0,0,0,0,0,0
2019. 7. 31.,19:21:00,9,여의도,신논현,0,0,1,0,0,1,0,,0,0,0,1,0,0,0,0,1,0,0,0,0,0,0,0,0,0
2019. 7. 31.,19:28:00,9,여의도,신논현,0,0,1,0,0,1,0,,0,0,1,0,0,0,0,0,1,0,0,0,0,0,0,0,0,0
2019. 7. 31.,19:32:00,9,여의도,신논현,0,0,1,0,0,1,0,,0,0,1,0,0,0,1,0,1,0,0,0,0,0,0,0,0,0
2019. 7. 31.,22:38:00,10,선정릉,야탑,0,0,1,0,0,1,0,,0,0,1,0,0,1,1,0,1,0,0,0,1,0,0,0,0,0
2019. 7. 31.,22:42:00,10,선정릉,야탑,0,0,1,0,0,0,1,,0,0,0,1,0,0,0,0,1,0,0,0,0,0,0,0,0,0
2019. 7. 31.,18:30:00,6,공덕,화랑대,0,1,0,0,0,1,0,,0,0,0,1,0,0,0,0,0,0,0,0,0,0,0,0,0,0
2019. 7. 31.,18:30:00,6,공덕,화랑대,0,1,0,0,0,1,0,,0,0,1,0,0,0,0,0,1,0,0,0,0,0,0,0,0,0
2019. 7. 31.,18:30:00,6,공덕,화랑대,0,1,0,0,0,1,0,,0,0,0,1,0,0,0,0,1,0,0,0,0,0,0,0,0,0
2019. 7. 31.,18:30:00,6,공덕,화랑대,0,1,0,0,0,1,0,,0,0,0,1,0,0,0,0,0,0,0,0,0,0,0,0,0,0
2019. 7. 31.,18:30:00,6,공덕,화랑대,0,1,0,0,0,0,1,,0,0,0,0,1,0,0,0,0,0,0,0,0,0,0,0,0,0
2019. 7. 31.,18:47:00,5,공덕,신길,0,0,1,0,0,1,0,,0,0,1,0,0,0,0,0,1,0,0,1,0,0,0,0,0,0
2019. 7. 31.,18:47:00,5,공덕,신길,0,0,1,0,0,1,0,,0,0,0,1,0,0,0,1,0,0,1,1,0,0,0,0,0,0
2019. 7. 31.,19:05:00,1,신길,온수,0,1,0,1,0,1,0,,0,0,0,1,0,0,0,1,0,1,0,0,0,0,0,0,0,0
2019. 7. 31.,19:05:00,1,신길,온수,0,1,0,1,0,0,1,,0,0,1,0,0,0,0,0,1,0,0,1,0,0,0,0,0,0
2019. 7. 31.,19:15:00,1,신길,온수,0,1,0,1,0,0,1,,0,0,0,0,1,0,0,0,0,1,0,0,0,0,0,0,0,0
2019. 7. 31.,19:19:00,1,개봉,온수,0,1,0,1,1,,,,,,,,,,,,,,,,,,,,,
2019. 7. 31.,19:27:00,7,온수,신중동,0,0,1,1,0,1,0,,0,0,1,0,0,0,0,0,1,0,0,1,0,0,0,0,0,0
2019. 7. 31.,19:27:00,7,온수,신중동,0,0,1,1,0,1,0,,0,0,1,0,0,0,0,1,1,0,0,0,0,0,0,0,0,0
2019. 8. 1.,13:27:00,2,신림,신도림,1,0,0,0,0,1,0,,0,0,0,1,0,0,0,0,0,0,0,1,0,0,0,0,0,0
2019. 8. 1.,13:27:00,2,신림,신도림,1,0,0,0,0,1,0,,0,0,1,0,0,1,1,0,1,0,0,0,0,0,0,0,0,0
2019. 8. 1.,13:43:00,1,신도림,병점,0,0,1,1,0,0,1,,0,0,0,0,1,0,0,0,0,1,0,0,0,0,0,0,0,0
2019. 8. 1.,13:43:00,1,신도림,병점,0,0,1,1,0,1,0,,0,0,1,0,0,0,1,0,1,0,0,0,0,0,0,0,0,0
2019. 8. 1.,11:20:00,10,야탑,강남구청,0,0,1,1,0,1,0,,0,0,0,1,0,0,0,0,0,1,0,0,0,0,0,0,0,0
2019. 8. 1.,11:20:00,10,야탑,강남구청,0,0,1,1,0,1,0,,0,0,1,0,0,0,0,0,0,0,1,0,0,0,0,0,0,0
2019. 8. 1.,11:30:00,10,야탑,강남구청,0,0,1,1,0,1,0,,1,0,0,0,0,0,0,0,0,1,0,0,0,0,0,0,0,0
2019. 8. 1.,11:44:00,10,야탑,강남구청,0,0,1,1,0,1,0,,0,0,0,1,0,0,0,0,0,0,0,0,1,0,0,0,0,0
2019. 8. 1.,11:53:00,7,강남구청,중계,0,0,1,1,0,1,0,,0,0,0,1,0,0,0,1,1,0,0,0,0,0,0,0,0,0
2019. 8. 1.,11:53:00,7,강남구청,중계,0,0,1,1,0,1,0,,0,0,0,1,0,0,0,0,1,0,0,0,0,0,0,0,0,0
2019. 8. 1.,12:01:00,7,강남구청,중계,0,0,1,1,0,0,1,,0,0,0,0,1,0,0,0,0,1,0,0,0,0,0,0,0,0
2019. 8. 1.,12:10:00,7,용마산,사가정,0,0,1,1,1,,,1,,,,,,,,,,,,,,,,,,
2019. 8. 1.,12:11:00,7,강남구청,중계,0,0,1,1,0,1,0,,0,0,0,1,0,0,0,0,0,0,0,0,1,0,0,0,0,0
2019. 8. 1.,12:16:00,7,상봉,중계,0,1,0,1,1,,,6,,,,,,,,,,,,,,,,,,
2019. 8. 1.,12:21:00,7,태릉입구,중계,0,1,0,1,1,,,3,,,,,,,,,,,,,,,,,,
2019. 8. 1.,21:50:00,7,태릉입구,강남구청,1,0,0,0,0,1,0,,0,0,1,0,0,0,0,0,1,0,0,0,0,0,0,0,0,0
2019. 8. 1.,21:50:00,7,태릉입구,면목,1,0,0,0,1,,,4,,,,,,,,,,,,,,,,,,
2019. 8. 1.,21:59:00,7,태릉입구,강남구청,1,0,0,0,0,1,0,,0,0,0,1,0,0,0,0,0,0,1,0,0,0,0,0,0,0
2019. 8. 1.,12:12:00,7,신중동,이수,0,1,0,0,0,0,1,,0,0,0,0,1,0,0,0,0,0,1,0,0,0,0,0,0,0
2019. 8. 1.,12:12:00,7,신중동,이수,0,1,0,0,0,1,0,,0,0,1,0,0,0,0,0,0,0,1,0,0,0,0,0,0,0
2019. 8. 1.,12:31:00,7,신중동,이수,0,1,0,0,0,1,0,,0,0,0,1,0,0,0,0,1,0,0,0,0,0,0,0,0,0
2019. 8. 1.,12:42:00,7,신중동,이수,0,1,0,0,0,1,0,,0,0,1,0,0,0,0,0,0,0,0,0,0,0,0,1,0,0
2019. 8. 1.,22:51:00,7,대림,신중동,0,0,1,1,0,1,0,,0,0,1,0,0,0,0,0,1,0,0,0,0,0,0,0,0,0
2019. 8. 1.,22:51:00,7,대림,신중동,0,0,1,1,0,1,0,,0,0,0,1,0,0,0,0,0,0,1,0,0,0,0,0,0,0
2019. 8. 1.,23:02:00,7,대림,신중동,0,0,1,1,0,0,1,,0,0,1,0,0,0,0,0,0,0,1,0,0,0,0,0,0,0
2019. 8. 2.,8:29:00,1,병점,신길,0,1,0,0,0,0,1,,0,0,0,0,1,0,0,0,0,1,0,0,0,0,0,0,0,0
2019. 8. 2.,8:29:00,1,병점,신길,0,1,0,0,0,0,1,,0,0,1,0,0,0,0,0,0,1,0,0,0,0,0,0,0,0
2019. 8. 2.,8:47:00,1,병점,신길,0,1,0,0,0,1,0,,0,0,1,0,0,0,0,0,1,0,0,0,0,0,0,0,0,0
2019. 8. 2.,8:59:00,1,병점,신길,0,0,1,1,0,1,0,,0,0,1,0,0,0,0,0,1,0,0,0,0,0,0,0,0,0
2019. 8. 2.,9:03:00,1,병점,신길,0,1,0,0,0,1,0,,0,0,1,0,0,0,0,0,0,0,0,0,1,0,0,0,0,0
2019. 8. 2.,9:26:00,5,신길,공덕,0,0,1,1,0,1,0,,0,0,0,1,0,0,0,0,0,0,1,0,0,0,0,0,0,0
2019. 8. 2.,9:26:00,5,신길,공덕,0,0,1,1,0,1,0,,0,0,0,1,0,0,0,0,0,0,1,1,0,0,0,0,0,0
2019. 8. 2.,8:23:00,1,수원,영등포,0,0,1,0,0,1,0,,0,0,0,0,1,0,0,0,0,0,1,0,0,0,0,0,0,0
2019. 8. 2.,8:23:00,1,수원,영등포,0,0,1,0,0,1,0,,0,0,0,0,1,0,0,0,1,0,0,0,0,0,0,0,0,0
2019. 8. 2.,8:50:00,1,수원,영등포,0,0,1,0,0,0,1,,0,0,0,1,0,0,0,0,1,0,0,0,0,0,0,0,0,0
2019. 8. 2.,9:01:00,1,영등포,신길,0,1,0,0,0,0,1,,0,0,1,0,0,0,0,0,0,0,1,0,0,0,0,0,0,0
2019. 8. 2.,9:01:00,1,영등포,신길,0,1,0,0,0,1,0,,0,0,0,0,1,0,0,0,0,0,1,0,0,0,0,0,0,0
2019. 8. 2.,9:11:00,5,신길,공덕,0,0,1,0,0,1,0,,0,0,1,0,0,0,0,0,0,0,1,0,0,0,0,0,0,0
2019. 8. 2.,9:00:00,6,화랑대,공덕,0,1,0,1,0,1,0,,0,0,0,1,0,0,0,0,1,0,0,0,0,0,0,0,0,0
2019. 8. 2.,9:00:00,6,화랑대,공덕,0,1,0,1,0,1,0,,0,0,1,0,0,0,0,0,0,0,1,0,0,0,0,0,0,0
2019. 8. 2.,9:00:00,6,화랑대,공덕,0,1,0,1,0,1,0,,0,0,0,1,0,0,0,0,1,0,0,0,0,0,0,0,0,0
2019. 8. 2.,9:00:00,6,화랑대,공덕,0,1,0,0,0,1,0,,0,0,0,1,0,0,0,0,1,0,0,0,0,0,0,0,0,0
2019. 8. 2.,8:47:00,7,신중동,온수,0,0,1,1,0,1,0,,0,0,1,0,0,0,0,1,0,0,0,0,0,0,0,0,0,1
2019. 8. 2.,8:47:00,7,신중동,온수,0,0,1,1,0,0,1,,0,0,1,0,0,0,0,0,0,0,1,1,0,0,0,0,0,0
2019. 8. 2.,9:02:00,1,온수,신길,0,1,0,0,0,1,0,,0,0,0,1,0,0,0,1,1,0,0,1,0,0,0,0,0,0
2019. 8. 2.,9:02:00,1,온수,신길,0,1,0,0,0,0,1,,1,0,0,0,0,0,0,0,0,0,0,0,1,0,0,0,0,0
2019. 8. 2.,9:02:00,1,온수,신길,0,1,0,0,0,1,0,,1,0,0,0,0,0,0,0,0,0,0,0,1,0,0,0,0,0
2019. 8. 2.,9:25:00,5,신길,공덕,0,1,0,1,0,1,0,,0,0,0,0,1,0,0,0,0,0,0,0,0,0,1,0,0,0
2019. 8. 2.,9:25:00,5,신길,공덕,0,1,0,1,0,1,0,,0,0,0,1,0,0,0,1,1,0,0,0,0,0,0,0,0,0
2019. 8. 2.,8:32:00,10,야탑,왕십리,0,0,1,1,0,1,0,,0,0,0,1,0,0,0,0,0,0,1,0,0,0,0,0,0,0
2019. 8. 2.,8:32:00,10,야탑,왕십리,0,0,1,1,0,1,0,,0,0,0,1,0,0,0,1,0,0,1,0,0,0,0,0,0,0
2019. 8. 2.,8:36:00,10,야탑,왕십리,0,0,1,1,0,1,0,,0,0,1,0,0,0,0,1,1,0,0,1,0,0,0,0,0,0
2019. 8. 2.,8:41:00,10,야탑,왕십리,0,0,1,1,0,1,0,,0,0,1,0,0,0,0,1,0,1,0,0,0,0,0,0,0,0
2019. 8. 2.,9:00:00,10,,,1,0,0,0,1,,,,,,,,,,,,,,,,,,,,,
2019. 8. 2.,9:00:00,10,,,1,0,0,0,1,,,,,,,,,,,,,,,,,,,,,
2019. 8. 2.,9:19:00,5,왕십리,공덕,1,0,0,1,0,1,0,,0,0,1,0,0,0,1,0,1,0,0,0,0,0,0,0,0,0
2019. 8. 2.,9:19:00,5,왕십리,공덕,1,0,0,1,1,,,11,,,,,,,,,,,,,,,,,,
2019. 8. 2.,17:29:00,5,공덕,신길,0,0,1,1,0,0,1,,0,0,0,1,0,0,0,0,1,0,0,0,0,0,0,0,0,0
2019. 8. 2.,17:29:00,5,공덕,신길,0,0,1,1,1,,,4,,,,,,,,,,,,,,,,,,
2019. 8. 2.,17:48:00,1,신길,수원,0,0,1,1,0,1,0,,0,0,0,0,1,0,0,0,0,0,1,0,0,0,0,0,0,0
2019. 8. 2.,17:48:00,1,신길,수원,0,0,1,1,0,1,0,,0,0,0,0,1,0,0,0,1,0,0,0,0,0,0,0,0,0
2019. 8. 2.,18:21:00,1,신길,수원,0,0,1,1,0,1,0,,0,0,1,0,0,0,0,0,1,0,0,0,0,0,0,0,0,0
2019. 8. 2.,18:30:00,1,신길,수원,0,0,1,1,0,1,0,,0,0,0,1,0,0,0,0,1,0,0,0,0,0,0,0,0,0
2019. 8. 2.,17:52:00,1,신길,영등포,1,0,0,0,1,,,1,,,,,,,,,,,,,,,,,,
2019. 8. 2.,17:52:00,1,신길,신도림,1,0,0,0,1,,,2,,,,,,,,,,,,,,,,,,
2019. 8. 2.,17:57:00,1,신길,병점,1,0,0,0,0,0,1,,0,0,0,0,1,0,0,0,0,1,0,0,0,0,0,0,0,0
2019. 8. 2.,17:59:00,1,신길,병점,0,1,0,0,0,0,1,,0,0,1,0,0,0,0,1,1,0,0,0,0,0,0,0,0,0
2019. 8. 2.,18:18:00,1,신길,병점,0,1,0,0,0,1,0,,0,0,0,1,0,0,0,1,1,0,0,0,0,0,0,0,0,0
2019. 8. 2.,18:22:00,1,신길,병점,0,1,0,0,0,1,0,,0,0,0,1,0,0,0,1,1,0,0,0,0,0,0,0,0,0
2019. 8. 2.,18:27:00,1,금정,병점,0,1,0,0,1,,,8,,,,,,,,,,,,,,,,,,
2019. 8. 2.,17:29:00,5,공덕,왕십리,0,1,0,1,0,0,1,,0,0,0,1,0,0,0,0,0,1,0,0,0,0,0,0,0,0
2019. 8. 2.,17:29:00,5,공덕,왕십리,0,1,0,1,0,1,0,,0,0,1,0,0,0,0,0,0,0,0,0,1,0,0,0,0,0
2019. 8. 2.,17:30:00,5,충정로,광화문,0,1,0,1,1,,,2,,,,,,,,,,,,,,,,,,
2019. 8. 2.,17:35:00,5,공덕,왕십리,0,1,0,1,0,1,0,,0,0,1,0,0,0,0,0,1,0,0,0,0,0,0,0,0,0
2019. 8. 2.,17:38:00,5,종로3가,동대문역사문화공원,0,1,0,1,1,,,2,,,,,,,,,,,,,,,,,,
2019. 8. 2.,17:42:00,5,공덕,왕십리,0,1,0,1,0,1,0,,0,0,0,1,0,0,0,0,1,0,0,0,0,0,0,0,0,0
2019. 8. 2.,17:59:00,10,왕십리,야탑,1,0,0,1,1,,,16,,,,,,,,,,,,,,,,,,
2019. 8. 2.,17:59:00,10,왕십리,야탑,1,0,0,1,1,,,16,,,,,,,,,,,,,,,,,,
2019. 8. 2.,18:20:00,6,공덕,불광,0,0,1,1,0,1,0,,0,0,1,0,0,0,0,0,1,0,0,0,0,0,0,0,0,0
2019. 8. 2.,18:32:00,6,공덕,응암,0,0,1,1,0,0,1,,0,0,0,1,0,0,0,0,0,1,0,0,0,0,0,0,0,0
2019. 8. 2.,18:45:00,6,응암,불광,0,1,0,0,1,,,2,,,,,,,,,,,,,,,,,,
2019. 8. 3.,9:19:00,1,병점,종각,1,0,0,0,0,1,0,,0,0,0,0,1,0,0,0,0,1,0,0,0,0,0,0,0,0
2019. 8. 3.,9:19:00,1,병점,종각,1,0,0,0,0,1,0,,0,0,0,0,1,0,0,0,0,1,0,0,0,0,0,0,0,0
2019. 8. 3.,9:24:00,1,의왕,종각,1,0,0,0,1,,,21,,,,,,,,,,,,,,,,,,
2019. 8. 3.,10:01:00,1,구로,노량진,1,0,0,0,1,,,5,,,,,,,,,,,,,,,,,,
2019. 8. 3.,10:13:00,1,병점 ,종각,1,0,0,0,0,1,0,,0,0,0,0,1,0,0,0,0,0,0,0,0,0,0,0,0,0
2019. 8. 3.,10:32:00,6,불광,경복궁,0,0,1,1,0,1,0,,0,0,1,0,0,0,1,0,1,0,0,0,0,0,0,0,0,0
2019. 8. 3.,10:36:00,6,불광,경복궁,0,0,1,1,0,1,0,,0,0,0,1,0,0,0,0,0,1,0,0,0,0,0,0,0,0
2019. 8. 3.,18:10:00,1,종각,병점,0,1,0,0,0,1,0,,0,0,0,1,0,0,0,0,0,1,0,0,0,0,0,0,0,0
2019. 8. 3.,18:10:00,1,종각,병점,0,1,0,0,0,1,0,,0,0,0,0,1,0,0,0,0,1,0,0,0,0,0,0,0,0
2019. 8. 3.,18:19:00,1,종각,병점,0,1,0,0,0,0,1,,0,0,0,0,1,0,0,1,0,1,0,0,0,0,0,0,0,0
2019. 8. 3.,18:20:00,6,경복궁,불광,0,1,0,0,1,,,,,,,,,,,,,,,,,,,,,
2019. 8. 3.,18:21:00,1,종각,병점,0,0,1,1,0,1,0,,0,0,0,1,0,0,0,0,1,0,0,0,0,0,0,0,0,0
2019. 8. 3.,18:23:00,1,노량진,신길,0,1,0,1,1,,,2,,,,,,,,,,,,,,,,,,
2019. 8. 3.,18:28:00,1,종각,병점,0,1,0,0,0,1,0,,0,0,0,1,0,0,0,0,1,0,0,0,0,0,0,0,0,0
2019. 8. 3.,19:03:00,1,종각,병점,0,1,0,0,0,1,0,,0,0,0,1,0,0,0,1,1,0,0,0,0,0,0,0,0,0
2019. 8. 3.,17:04:00,1,종각,병점,0,1,0,0,0,1,0,,0,0,1,0,0,0,0,0,1,0,0,0,0,0,0,0,0,0
2019. 8. 3.,19:29:00,1,종각,수원,0,1,0,1,0,1,0,,0,0,0,1,0,0,0,1,0,0,0,0,1,0,0,0,0,0
2019. 8. 3.,19:29:00,1,종각,용산,0,1,0,1,1,,,4,,,,,,,,,,,,,,,,,,
2019. 8. 3.,19:38:00,1,종각,수원,0,1,0,1,0,0,1,,0,1,0,0,0,0,0,1,1,0,0,0,0,0,0,0,0,0
2019. 8. 3.,19:48:00,1,종각,수원,0,0,1,1,0,1,0,,0,0,1,0,0,0,0,0,0,0,1,0,0,0,0,0,0,0
2019. 8. 3.,20:11:00,1,종각,수원,0,0,1,1,0,1,0,,0,0,0,1,0,0,0,1,1,0,0,0,0,0,0,0,0,0
2019. 8. 3.,20:11:00,1,종각,수원,0,0,1,1,0,0,1,,0,0,1,0,0,0,0,1,1,0,0,0,0,0,0,0,0,0
2019. 8. 3.,20:28:00,1,종각,수원,0,0,1,1,0,0,1,,0,0,1,0,0,0,0,1,0,1,0,0,0,0,0,0,0,0
2019. 8. 3.,20:29:00,1,종각,수원,0,0,1,1,0,0,1,,1,0,0,0,0,0,0,0,1,0,0,0,0,0,0,0,0,0
2019. 8. 3.,20:40:00,1,종각,수원,0,0,1,1,0,0,1,,0,0,1,0,0,0,0,1,0,0,0,0,1,0,0,0,0,0
2019. 8. 3.,20:40:00,1,성균관대,수원,0,0,1,1,1,,,2,,,,,,,,,,,,,,,,,,
2019. 8. 3.,9:42:00,10,야탑,왕십리,0,1,0,1,0,0,1,,0,0,0,1,0,0,0,1,1,0,0,0,0,0,0,0,0,0
2019. 8. 3.,9:54:00,10,야탑,왕십리,0,1,0,0,0,1,0,,0,0,1,0,0,0,0,1,0,1,0,0,0,0,0,0,0,0
2019. 8. 3.,9:54:00,10,야탑,왕십리,0,1,0,0,0,1,0,,0,0,0,1,0,0,0,1,0,1,0,0,0,0,0,0,0,0
2019. 8. 3.,10:14:00,10,,왕십리,1,0,0,0,1,,,,,,,,,,,,,,,,,,,,,
2019. 8. 3.,10:14:00,10,,왕십리,1,0,0,0,1,,,,,,,,,,,,,,,,,,,,,
2019. 8. 3.,10:32:00,5,왕십리,광화문,0,1,0,0,0,1,0,,0,0,0,1,0,0,0,0,0,0,0,0,0,0,0,0,0,0
2019. 8. 3.,10:32:00,5,왕십리,광화문,0,1,0,0,0,1,0,,0,0,0,1,0,0,0,0,0,0,0,0,0,0,0,0,0,0
2019. 8. 3.,18:06:00,5,광화문,왕십리,0,0,1,0,0,1,0,,0,0,0,1,0,0,0,1,0,0,0,0,0,0,0,0,0,0
2019. 8. 3.,18:06:00,5,광화문,왕십리,0,0,1,0,0,1,0,,0,0,1,0,0,0,0,0,0,0,0,0,0,0,0,0,0,0
2019. 8. 3.,18:11:00,5,광화문,왕십리,0,0,1,0,0,1,0,,0,0,0,1,0,0,0,1,0,0,0,0,0,0,0,0,0,0
2019. 8. 3.,18:15:00,5,광화문,왕십리,0,0,1,0,0,1,0,,0,0,0,0,1,0,0,0,0,0,0,0,0,0,0,0,0,0
2019. 8. 3.,18:23:00,10,왕십리,야탑,0,1,0,1,0,1,0,,0,0,1,0,0,0,1,0,1,0,0,0,0,0,0,0,0,0
2019. 8. 3.,18:23:00,10,왕십리,가천대,0,1,0,1,1,,,13,,,,,,,,,,,,,,,,,,
2019. 8. 3.,18:35:00,10,왕십리,야탑,0,0,1,1,0,0,1,,0,0,1,0,0,0,0,0,1,0,0,0,0,0,0,0,0,0
2019. 8. 3.,18:49:00,10,왕십리,야탑,0,0,1,1,0,1,0,,0,0,0,0,1,0,0,0,0,0,1,0,0,0,0,0,0,0
2019. 8. 3.,19:01:00,10,왕십리,야탑,0,0,1,1,0,1,0,,0,0,0,0,1,0,0,0,1,0,0,1,0,0,0,0,0,0
2019. 8. 3.,9:49:00,6,화랑대,태릉입구,0,1,0,0,1,,,1,,,,,,,,,,,,,,,,,,
2019. 8. 3.,9:49:00,6,화랑대,돌곶이,0,1,0,0,1,,,3,,,,,,,,,,,,,,,,,,
2019. 8. 3.,9:49:00,6,석계,돌곶이,0,1,0,0,1,,,1,,,,,,,,,,,,,,,,,,
2019. 8. 3.,9:50:00,6,안암,창신,0,1,0,0,1,,,2,,,,,,,,,,,,,,,,,,
2019. 8. 3.,9:50:00,6,보문,창신,0,1,0,0,1,,,1,,,,,,,,,,,,,,,,,,
2019. 8. 3.,9:50:00,6,화랑대,청구,1,0,0,0,0,1,0,,0,0,0,0,1,0,0,0,0,1,0,0,0,0,0,0,0,0
2019. 8. 3.,9:50:00,6,화랑대,청구,1,0,0,0,0,1,0,,0,0,0,0,1,0,0,1,0,0,0,0,0,0,1,0,0,0
2019. 8. 3.,9:50:00,6,화랑대,청구,0,1,0,0,0,0,1,,0,0,0,0,1,0,0,0,0,1,0,0,0,0,0,0,0,0
2019. 8. 3.,9:50:00,6,화랑대,청구,0,1,0,0,0,1,0,,0,0,0,0,1,0,0,0,0,1,0,0,0,0,0,0,0,0
2019. 8. 3.,9:50:00,6,화랑대,청구,0,1,0,0,0,1,0,,0,0,1,0,0,0,0,0,0,1,0,0,0,0,0,0,0,0
2019. 8. 3.,9:50:00,6,화랑대,청구,0,1,0,0,0,1,0,,0,0,1,0,0,0,0,0,0,0,0,1,0,0,0,0,0,0
2019. 8. 3.,9:50:00,6,화랑대,청구,0,1,0,0,0,1,0,,1,0,0,0,0,0,0,0,0,0,0,1,0,0,0,0,0,0
2019. 8. 3.,10:13:00,5,청구,경복궁,1,0,0,0,0,1,0,,0,0,0,0,1,0,0,0,0,1,0,0,0,0,0,0,0,0
2019. 8. 3.,10:13:00,5,청구,경복궁,1,0,0,0,0,0,1,,0,0,0,0,1,0,0,0,0,1,0,0,0,0,0,0,0,0
2019. 8. 3.,10:20:00,5,청구,경복궁,1,0,0,0,0,1,0,,0,0,0,1,0,0,0,0,1,0,0,0,0,0,0,0,0,0
2019. 8. 3.,19:20:00,5,광화문,청구,1,0,0,0,1,,,12,,,,,,,,,,,,,,,,,,
2019. 8. 3.,19:20:00,6,청구,화랑대,1,0,0,0,1,,,12,,,,,,,,,,,,,,,,,,
2019. 8. 3.,19:30:00,6,광화문,화랑대,1,0,0,0,0,0,1,,0,0,0,1,0,0,0,0,0,0,0,0,0,1,0,0,0,0
2019. 8. 3.,18:03:00,1,종각,온수,1,0,0,1,0,0,1,,0,0,0,0,1,0,0,0,0,0,0,0,0,0,0,0,0,1
2019. 8. 3.,18:03:00,1,종각,온수,1,0,0,1,0,1,0,,0,0,0,1,0,0,0,0,0,0,0,0,1,0,0,0,0,0
2019. 8. 3.,18:31:00,1,구로,온수,1,0,0,1,1,,,,,,,,,,,,,,,,,,,,,
2019. 8. 3.,18:43:00,7,온수,신중동,1,0,0,1,1,,,,,,,,,,,,,,,,,,,,,
2019. 8. 3.,18:43:00,7,온수,까치울,1,0,0,1,1,,,,,,,,,,,,,,,,,,,,,
2019. 8. 3.,18:46:00,7,까치울,춘의,1,0,0,1,0,1,0,,0,0,0,1,0,0,0,0,0,0,1,0,0,0,0,0,0,0
2019. 8. 3.,18:50:00,7,춘의,신중동,1,0,0,1,1,,,,,,,,,,,,,,,,,,,,,
2019. 8. 5.,8:27:00,1,병점,신길,0,0,1,0,0,0,1,,0,0,0,1,0,0,0,1,1,0,0,0,0,0,0,0,0,0
2019. 8. 5.,8:27:00,1,병점,신길,0,0,1,0,0,1,0,,0,0,1,0,0,1,1,0,1,0,0,1,0,0,0,0,0,0
2019. 8. 3.,8:36:00,1,수원,신길,1,0,0,0,0,0,1,,0,0,0,1,0,0,0,1,1,0,0,0,0,0,0,0,0,0
2019. 8. 5.,8:36:00,1,수원,군포,1,0,0,0,1,,,5,,,,,,,,,,,,,,,,,,
2019. 8. 5.,8:45:00,1,병점,수원,0,0,1,1,0,0,1,,0,0,0,0,1,0,0,0,1,0,0,0,0,0,0,0,0,0
2019. 8. 5.,8:51:00,1,수원,신길,0,1,0,0,0,0,1,,0,0,0,1,0,0,0,0,0,1,0,0,0,0,0,0,0,0
2019. 8. 5.,8:53:00,1,수원,신길,0,1,0,0,0,1,0,,0,0,1,0,0,0,0,1,1,0,0,0,0,0,0,0,0,0
2019. 8. 5.,8:53:00,1,금정,안양,0,1,0,0,1,,,2,,,,,,,,,,,,,,,,,,
2019. 8. 5.,9:00:00,1,병점,신길,0,0,1,1,0,1,0,,0,0,0,0,1,0,0,0,1,0,0,0,0,0,0,0,0,0
2019. 8. 5.,9:00:00,1,수원,신길,0,0,1,1,0,1,0,,0,0,0,1,0,0,0,0,0,1,0,0,0,0,0,0,0,0
2019. 8. 5.,9:08:00,1,병점,신길,0,0,1,0,0,1,0,,0,0,0,1,0,0,0,0,0,0,1,0,0,0,0,0,0,0
2019. 8. 5.,9:12:00,1,신도림,영등포,0,0,1,0,1,,,1,,,,,,,,,,,,,,,,,,
2019. 8. 5.,9:13:00,1,수원,신길,0,0,1,1,0,1,0,,0,0,0,1,0,0,0,0,1,0,0,0,0,0,0,0,0,0
2019. 8. 5.,9:15:00,1,병점,신길,0,0,1,0,0,0,1,,0,0,1,0,0,0,0,1,0,0,0,0,0,0,0,0,0,0
2019. 8. 5.,9:20:00,5,신길,공덕,0,0,1,1,0,0,1,,0,0,0,0,1,0,0,1,0,0,0,0,0,0,0,0,0,0
2019. 8. 5.,9:20:00,5,신길,공덕,0,1,0,1,0,1,0,,0,0,0,1,0,0,0,0,0,0,0,0,0,0,0,0,0,0
2019. 8. 5.,9:38:00,5,신길,공덕,0,0,1,1,0,1,0,,0,0,0,0,1,0,0,1,0,1,0,0,0,0,0,0,0,0
2019. 8. 5.,9:38:00,5,신길,공덕,0,0,1,1,0,1,0,,0,0,1,0,0,0,0,0,1,0,0,0,0,0,0,0,0,0
2019. 8. 5.,8:29:00,10,야탑,왕십리,0,0,1,1,0,1,0,,0,0,1,0,0,1,1,0,1,0,0,0,0,0,0,0,0,0
2019. 8. 5.,8:29:00,10,야탑,왕십리,0,0,1,1,0,1,0,,0,0,0,0,1,0,0,0,1,0,0,0,0,0,0,0,0,0
2019. 8. 5.,8:38:00,10,복정,수서,0,0,1,1,1,,,1,,,,,,,,,,,,,,,,,,
2019. 8. 5.,8:40:00,10,야탑,왕십리,0,0,1,1,0,0,1,,0,0,1,0,0,0,0,0,1,0,1,0,0,0,0,0,0,0
2019. 8. 5.,8:43:00,10,야탑,왕십리,0,0,1,1,0,1,0,,0,0,0,1,0,0,0,0,0,0,0,0,0,0,0,0,1,0
2019. 8. 5.,8:59:00,10,압구정로데오,왕십리,1,0,0,0,1,,,2,,,,,,,,,,,,,,,,,,
2019. 8. 5.,9:13:00,5,왕십리,공덕,1,0,0,0,0,1,0,,0,0,1,0,0,0,0,0,1,0,0,0,0,0,0,0,0,0
2019. 8. 5.,9:13:00,5,왕십리,공덕,1,0,0,0,1,,,11,,,,,,,,,,,,,,,,,,
2019. 8. 5.,9:26:00,5,광화문,공덕,1,0,0,0,1,,,11,,,,,,,,,,,,,,,,,,
2019. 8. 5.,9:20:00,6,불광,공덕,1,0,0,1,1,,,15,,,,,,,,,,,,,,,,,,
2019. 8. 5.,9:20:00,6,불광,합정,1,0,0,1,1,,,7,,,,,,,,,,,,,,,,,,
2019. 8. 5.,9:30:00,6,합정,공덕,1,0,0,1,0,0,1,,0,0,1,0,0,0,0,0,1,0,0,0,0,0,0,0,0,0
2019. 8. 5.,18:35:00,5,공덕,신길,0,0,1,1,0,1,0,,0,0,0,1,0,0,0,0,1,0,0,0,0,0,0,0,0,0
2019. 8. 5.,18:35:00,5,공덕,신길,0,0,1,1,0,1,0,,0,0,1,0,0,0,0,0,1,0,0,0,0,0,0,0,0,0
2019. 8. 5.,18:48:00,1,신길,수원,0,1,0,1,0,1,0,,0,0,1,0,0,1,1,0,1,0,0,0,0,0,0,0,0,0
2019. 8. 5.,18:48:00,1,신길,영등포,0,1,0,1,1,,,1,,,,,,,,,,,,,,,,,,
2019. 8. 5.,18:51:00,1,신길,수원,0,1,0,1,0,1,0,,0,0,1,0,0,0,0,1,1,0,0,0,0,0,0,0,0,0
2019. 8. 5.,8:53:00,6,화랑대,돌곶이,0,1,0,1,1,,,3,,,,,,,,,,,,,,,,,,
2019. 8. 5.,8:53:00,6,화랑대,상월곡,0,1,0,1,1,,,4,,,,,,,,,,,,,,,,,,
2019. 8. 5.,9:18:00,6,한강진,삼각지,0,1,0,0,1,,,3,,,,,,,,,,,,,,,,,,
2019. 8. 5.,8:55:00,6,화랑대,공덕,0,1,0,1,0,1,0,,0,0,1,0,0,1,1,0,0,0,0,0,0,0,0,0,0,0
2019. 8. 5.,8:55:00,6,화랑대,공덕,0,1,0,1,0,1,0,,0,0,0,0,1,0,0,0,0,0,0,0,0,0,0,0,0,0
2019. 8. 5.,8:58:00,6,화랑대,공덕,0,0,1,1,0,1,0,,0,0,1,0,0,0,0,1,1,0,0,0,0,0,0,0,0,0
2019. 8. 5.,8:58:00,6,화랑대,공덕,0,1,0,1,0,1,0,,0,0,1,0,0,0,0,0,0,0,0,1,0,0,0,0,0,0
2019. 8. 5.,18:45:00,11,공덕,회기,0,0,1,1,0,1,0,,0,0,0,1,0,0,0,0,1,0,0,0,0,0,0,0,0,0
2019. 8. 5.,18:45:00,11,공덕,회기,0,0,1,1,0,1,0,,0,0,0,1,0,0,0,0,1,0,0,0,0,0,0,0,0,0
2019. 8. 5.,18:50:00,11,공덕,회기,0,0,1,1,0,1,0,,0,0,0,1,0,0,0,0,1,0,1,1,0,0,0,0,0,0
2019. 8. 5.,20:44:00,5,공덕,신길,0,1,0,0,0,1,0,,0,0,0,1,0,0,0,0,1,0,0,0,0,0,0,0,0,0
2019. 8. 5.,20:45:00,5,공덕,신길,0,1,0,0,1,,,4,,,,,,,,,,,,,,,,,,
2019. 8. 5.,20:49:00,5,여의나루,신길,0,1,0,0,1,,,2,,,,,,,,,,,,,,,,,,
2019. 8. 5.,21:02:00,1,신길,구로,0,1,0,0,1,,,3,,,,,,,,,,,,,,,,,,
2019. 8. 5.,21:02:00,1,신길,독산,0,1,0,0,1,,,5,,,,,,,,,,,,,,,,,,
2019. 8. 5.,21:10:00,1,신길,병점,0,1,0,0,0,1,0,,0,0,1,0,0,0,0,1,1,0,0,0,0,0,0,0,0,0
2019. 8. 5.,21:16:00,1,신길,병점,0,1,0,0,0,1,0,,0,0,0,1,0,0,0,1,0,1,0,0,0,0,0,0,0,0
2019. 8. 5.,21:18:00,1,금천구청,병점,0,1,0,0,1,,,13,,,,,,,,,,,,,,,,,,
2019. 8. 5.,21:41:00,1,의왕,병점,0,1,0,0,1,,,5,,,,,,,,,,,,,,,,,,
2019. 8. 5.,20:58:00,6,공덕,불광,1,0,0,0,1,,,13,,,,,,,,,,,,,,,,,,
2019. 8. 5.,20:59:00,6,공덕,디엠씨,1,0,0,0,1,,,6,,,,,,,,,,,,,,,,,,
2019. 8. 5.,21:10:00,6,디엠씨,불광,0,1,0,0,0,0,1,,0,0,1,0,0,0,0,0,0,1,0,0,0,0,0,0,0,0
2019. 8. 5.,21:06:00,5,공덕,왕십리,1,0,0,0,1,,,11,,,,,,,,,,,,,,,,,,
2019. 8. 5.,21:06:00,5,공덕,왕십리,1,0,0,0,1,,,11,,,,,,,,,,,,,,,,,,
2019. 8. 5.,21:31:00,10,왕십리,야탑,1,0,0,0,1,,,16,,,,,,,,,,,,,,,,,,
2019. 8. 5.,21:31:00,10,왕십리,서울숲,1,0,0,0,1,,,1,,,,,,,,,,,,,,,,,,
2019. 8. 5.,21:37:00,10,서울숲,강남구청,1,0,0,0,0,1,0,,0,0,1,0,0,0,1,0,1,0,0,0,0,0,0,0,0,0
2019. 8. 5.,21:41:00,10,강남구청,야탑,1,0,0,0,1,,,13,,,,,,,,,,,,,,,,,,
2019. 8. 5.,8:36:00,7,신중동,온수,0,0,1,1,0,1,0,,0,0,1,0,0,0,0,1,1,0,0,0,0,0,0,0,0,0
2019. 8. 5.,8:36:00,7,신중동,온수,0,0,1,1,0,1,0,,0,0,1,0,0,0,0,0,1,0,0,0,0,0,0,0,0,0
2019. 8. 5.,8:46:00,1,온수,신길,0,1,0,1,0,1,0,,0,0,0,1,0,0,0,0,1,0,0,0,0,0,0,0,0,0
2019. 8. 5.,8:46:00,1,온수,신길,0,1,0,1,0,0,1,,0,0,0,0,1,0,0,0,0,1,0,0,0,0,0,0,0,0
2019. 8. 5.,8:51:00,1,개봉,구로,0,1,0,1,1,,,,,,,,,,,,,,,,,,,,,
2019. 8. 5.,8:57:00,1,온수,신길,0,1,0,1,0,1,0,,0,0,0,1,0,0,0,0,1,0,0,0,0,0,0,0,0,0
2019. 8. 5.,9:03:00,1,온수,신길,0,1,0,1,0,1,0,,0,0,0,1,0,0,0,1,0,0,1,0,0,0,0,0,0,0
2019. 8. 5.,9:10:00,5,신길,공덕,1,0,0,1,1,,,,,,,,,,,,,,,,,,,,,
2019. 8. 5.,9:10:00,5,신길,공덕,1,0,0,1,0,1,0,,0,0,1,0,0,0,0,0,0,0,1,0,0,0,0,0,0,0
2019. 8. 5.,9:17:00,5,마포,공덕,1,0,0,1,1,,,,,,,,,,,,,,,,,,,,,
2019. 8. 5.,18:40:00,5,공덕,신길,0,0,1,1,0,1,0,,0,0,1,0,0,0,0,0,0,0,1,0,0,0,0,0,0,0
2019. 8. 5.,18:40:00,5,공덕,신길,0,0,1,1,0,0,1,,0,0,1,0,0,0,0,1,1,0,0,0,0,0,0,0,0,0
2019. 8. 5.,18:56:00,1,신길,부천,0,0,1,1,0,1,0,,0,0,1,0,0,0,0,0,1,0,0,0,0,0,0,0,0,0
2019. 8. 5.,18:56:00,1,신길,부천,0,0,1,1,0,1,0,,0,0,0,1,0,0,0,1,0,0,1,0,0,0,0,0,0,0
2019. 8. 5.,19:11:00,1,역곡,부천,0,0,1,1,0,1,0,,0,0,1,0,0,0,0,0,1,0,0,0,0,0,0,0,0,0
2019. 8. 5.,19:11:00,1,역곡,부천,0,0,1,1,0,1,0,,0,0,1,0,0,0,0,0,1,0,0,0,0,0,0,0,0,0
2019. 8. 7.,8:18:00,1,병점,수원,1,0,0,0,1,,,2,,,,,,,,,,,,,,,,,,
2019. 8. 7.,8:18:00,1,병점,금정,0,0,1,0,1,,,8,,,,,,,,,,,,,,,,,,
2019. 8. 7.,8:23:00,1,수원,신길,0,0,1,1,0,0,1,,0,0,0,1,0,0,0,1,1,0,0,1,0,0,0,0,0,0
2019. 8. 7.,8:23:00,1,수원,신길,0,0,1,1,0,1,0,,0,0,0,0,1,0,0,0,0,0,0,0,1,0,0,0,0,0
2019. 8. 7.,8:29:00,1,병점,신길,0,1,0,0,0,1,0,,0,0,0,1,0,0,0,0,1,0,0,0,0,0,0,0,0,0
2019. 8. 7.,8:44:00,1,병점,신길,0,0,1,1,0,1,0,,0,0,0,1,0,0,0,0,1,0,0,0,0,0,0,0,0,0
2019. 8. 7.,8:46:00,1,수원,신길,0,0,1,1,0,1,0,,0,0,0,1,0,0,0,0,0,0,1,0,0,0,0,0,0,0
2019. 8. 7.,8:57:00,1,수원,신길,0,0,1,1,0,1,0,,0,0,0,1,0,0,0,0,1,0,0,0,0,0,0,0,0,0
2019. 8. 7.,9:07:00,5,신길,공덕,0,0,1,1,1,,,4,,,,,,,,,,,,,,,,,,
2019. 8. 7.,9:08:00,1,병점,신길,0,0,1,0,0,1,0,,0,0,1,0,0,1,1,0,0,0,1,1,0,0,0,0,0,0
2019. 8. 7.,9:07:00,5,신길,공덕,0,0,1,1,0,1,0,,0,0,0,1,0,0,0,1,1,0,0,0,0,0,0,0,0,0
2019. 8. 7.,9:10:00,5,신길,공덕,0,0,1,1,0,1,0,,0,0,0,1,0,0,0,0,0,0,1,0,0,0,0,0,0,0
2019. 8. 7.,9:16:00,6,화랑대,공덕,0,1,0,1,0,1,0,,0,0,1,0,0,0,1,1,1,0,0,0,0,0,0,0,0,0
2019. 8. 7.,9:16:00,6,화랑대,공덕,0,1,0,1,0,1,0,,0,0,0,0,1,0,0,1,0,1,0,0,0,0,0,0,0,0
2019. 8. 7.,9:19:00,1,병점,신길,0,0,1,0,0,1,0,,0,0,0,0,1,0,0,1,0,1,0,0,0,0,0,0,0,0
2019. 8. 7.,9:26:00,5,신길,공덕,0,0,1,1,0,1,0,,0,0,0,1,0,0,0,0,1,0,0,1,0,0,0,0,0,0
2019. 8. 7.,9:32:00,6,화랑대,공덕,0,0,1,1,0,1,0,,0,0,0,1,0,0,0,0,0,1,0,0,0,0,0,0,0,0
2019. 8. 7.,9:34:00,6,동묘앞,약수,1,0,0,0,1,,,3,,,,,,,,,,,,,,,,,,
2019. 8. 7.,9:34:00,6,동묘앞,공덕,1,0,0,0,1,,,10,,,,,,,,,,,,,,,,,,
2019. 8. 7.,9:39:00,6,화랑대,공덕,1,0,0,0,0,1,0,,0,0,0,1,0,0,0,0,0,1,0,0,0,0,0,0,0,0
2019. 8. 7.,9:42:00,6,한강진,공덕,0,1,0,0,1,,,5,,,,,,,,,,,,,,,,,,
2019. 8. 7.,8:36:00,10,야탑,왕십리,0,0,1,1,0,1,0,,0,0,1,0,0,0,0,0,0,0,1,0,0,0,0,0,0,0
2019. 8. 7.,8:36:00,10,야탑,왕십리,0,0,1,1,0,1,0,,0,0,0,0,1,0,0,0,0,0,1,0,0,0,0,0,0,0
2019. 8. 7.,8:52:00,10,야탑,왕십리,0,0,1,1,0,1,0,,0,0,0,1,0,0,0,0,1,0,0,0,0,0,0,0,0,0
2019. 8. 7.,9:06:00,10,강남구청,왕십리,1,0,0,0,1,,,3,,,,,,,,,,,,,,,,,,
2019. 8. 7.,9:23:00,5,왕십리,공덕,0,1,0,1,0,1,0,,0,0,1,0,0,0,0,0,1,0,0,0,0,0,0,0,0,0
2019. 8. 7.,9:23:00,5,왕십리,공덕,0,1,0,1,0,1,0,,0,0,1,0,0,0,0,0,0,0,1,0,0,0,0,0,0,0
2019. 8. 7.,9:28:00,5,왕십리,공덕,0,1,0,1,0,1,0,,0,0,0,1,0,0,0,0,1,0,0,0,0,0,0,0,0,0
2019. 8. 7.,9:42:00,5,왕십리,공덕,0,1,0,1,0,1,0,,0,0,0,1,0,0,0,0,1,0,0,0,0,0,0,0,0,0
2019. 8. 7.,9:43:00,5,애오개,공덕,0,1,0,1,1,,,1,,,,,,,,,,,,,,,,,,
2019. 8. 7.,18:55:00,1,신길,병점,0,0,1,1,0,1,0,,0,0,0,1,0,0,0,0,0,0,0,0,1,0,0,0,0,0
2019. 8. 7.,18:55:00,1,신길,병점,0,0,1,1,0,1,0,,0,0,0,1,0,0,0,0,1,0,0,1,0,0,0,0,0,0
2019. 8. 7.,19:34:00,1,당정,병점,0,1,0,0,1,,,6,,,,,,,,,,,,,,,,,,
2019. 8. 7.,19:38:00,1,의왕,병점,0,1,0,0,1,,,5,,,,,,,,,,,,,,,,,,
2019. 8. 7.,18:28:00,6,공덕,합정,1,0,0,0,1,,,4,,,,,,,,,,,,,,,,,,
2019. 8. 7.,18:29:00,6,공덕,합정,1,0,0,0,1,,,4,,,,,,,,,,,,,,,,,,
2019. 8. 7.,18:34:00,6,상수,합정,0,1,0,0,0,0,1,,0,0,0,1,0,0,0,0,1,0,0,0,0,0,0,0,0,0
2019. 8. 7.,20:19:00,5,공덕,신길,0,1,0,0,0,1,0,,0,0,1,0,0,0,0,0,1,0,0,0,0,0,0,0,0,0
2019. 8. 7.,20:19:00,5,공덕,신길,0,1,0,0,1,,,4,,,,,,,,,,,,,,,,,,
2019. 8. 7.,20:33:00,1,신길,수원,0,1,0,0,0,0,1,,0,0,0,1,0,0,0,1,0,1,0,0,0,0,0,0,0,0
2019. 8. 7.,20:33:00,1,신길,영등포,0,1,0,0,1,,,1,,,,,,,,,,,,,,,,,,
2019. 8. 7.,20:36:00,1,신길,수원,0,1,0,0,0,0,1,,0,0,0,0,1,0,0,0,0,1,0,0,0,0,0,0,0,0
2019. 8. 7.,20:47:00,1,가산디지털단지,금정,0,0,1,1,1,,,7,,,,,,,,,,,,,,,,,,
2019. 8. 7.,21:09:00,1,신길,수원,0,1,0,1,0,1,0,,0,0,0,1,0,0,0,1,0,1,0,0,0,0,0,0,0,0
2019. 8. 7.,21:09:00,1,신길,수원,0,1,0,1,0,0,1,,0,0,1,0,0,0,0,0,1,0,0,0,0,0,0,0,0,0
2019. 8. 7.,21:17:00,1,의왕,수원,1,0,0,0,1,,,3,,,,,,,,,,,,,,,,,,
2019. 8. 7.,21:12:00,6,합정,디엠씨,0,0,1,0,0,0,1,,0,0,1,0,0,0,0,0,1,0,0,0,0,0,0,0,0,0
2019. 8. 7.,21:13:00,6,합정,디엠씨,0,0,1,0,0,1,0,,0,0,0,1,0,0,0,0,0,1,0,0,0,0,0,0,0,0
2019. 8. 7.,21:24:00,6,디엠씨,불광,0,1,0,0,1,,,5,,,,,,,,,,,,,,,,,,
2019. 8. 7.,21:26:00,6,디엠씨,불광,0,1,0,0,1,,,5,,,,,,,,,,,,,,,,,,
2019. 8. 7.,21:04:00,6,공덕,약수,1,0,0,0,1,,,,,,,,,,,,,,,,,,,,,
2019. 8. 7.,21:04:00,6,공덕,효창공원,1,0,0,0,1,,,1,,,,,,,,,,,,,,,,,,
2019. 8. 7.,21:04:00,6,공덕,화랑대,0,1,0,0,0,0,1,,0,0,1,0,0,0,0,0,1,0,0,1,0,0,0,0,0,0
2019. 8. 7.,21:15:00,6,공덕,화랑대,0,1,0,0,0,1,0,,0,0,1,0,0,0,0,0,1,0,0,0,0,0,0,0,0,0
2019. 8. 7.,21:15:00,6,공덕,화랑대,0,1,0,0,0,1,0,,0,0,1,0,0,0,0,1,1,0,0,0,0,0,0,0,0,0
2019. 8. 7.,21:55:00,6,창신,화랑대,0,1,0,1,1,,,9,,,,,,,,,,,,,,,,,,
2019. 8. 7.,21:35:00,6,석계,화랑대,1,0,0,0,1,,,2,,,,,,,,,,,,,,,,,,
2019. 8. 7.,21:19:00,5,공덕,왕십리,1,0,0,0,0,0,1,,0,0,1,0,0,0,0,0,1,0,0,0,0,0,0,0,0,0
2019. 8. 7.,21:19:00,5,공덕,종로3가,1,0,0,0,1,,,5,,,,,,,,,,,,,,,,,,
2019. 8. 7.,21:28:00,5,공덕,왕십리,0,1,0,1,0,0,1,,0,0,0,1,0,0,0,0,1,0,0,0,0,0,0,0,0,0
2019. 8. 7.,21:46:00,10,왕십리,야탑,1,0,0,0,0,1,0,,0,0,0,1,0,0,0,1,1,0,0,0,0,0,1,0,0,0
2019. 8. 7.,21:46:00,10,왕십리,선릉,1,0,0,0,1,,,5,,,,,,,,,,,,,,,,,,
2019. 8. 7.,21:59:00,10,왕십리,야탑,0,0,1,1,0,1,0,,0,0,1,0,0,0,0,0,1,0,0,1,0,0,0,0,0,0
2019. 8. 7.,8:48:00,1,온수,신길,0,0,1,1,0,0,1,,0,0,1,0,0,0,0,1,0,0,1,0,0,0,0,0,0,0
2019. 8. 7.,8:48:00,1,온수,신길,0,0,1,1,0,0,1,,0,0,0,1,0,0,0,0,0,0,0,0,1,0,0,0,0,0
2019. 8. 7.,9:03:00,1,온수,신길,0,0,1,1,0,0,1,,0,0,0,1,0,0,0,1,1,0,0,0,0,0,0,0,0,0
2019. 8. 7.,9:10:00,5,신길,공덕,0,1,0,0,0,1,0,,0,0,1,0,0,0,0,1,1,0,0,0,0,0,0,0,0,0
2019. 8. 7.,9:10:00,5,신길,공덕,0,1,0,0,0,1,0,,0,0,1,0,0,0,0,0,1,0,0,0,0,0,0,0,0,0
2019. 8. 7.,18:56:00,5,공덕,신길,0,0,1,1,0,1,0,,0,0,1,0,0,0,0,1,1,0,0,0,0,0,0,0,0,0
2019. 8. 7.,18:56:00,5,공덕,신길,0,0,1,1,0,1,0,,0,0,1,0,0,0,0,1,1,0,0,0,0,0,0,0,0,0
2019. 8. 7.,19:12:00,1,신길,온수,0,0,1,1,0,1,0,,0,0,1,0,0,0,0,0,1,0,0,0,0,0,0,0,0,0
2019. 8. 7.,19:12:00,1,신길,온수,0,0,1,1,0,0,1,,0,0,0,1,0,0,0,0,1,0,0,0,0,0,0,0,0,0
2019. 8. 7.,19:17:00,1,신도림,온수,0,0,1,1,0,1,0,,0,0,1,0,0,1,1,0,0,0,0,0,0,1,0,0,0,0
2019. 8. 7.,19:28:00,1,오류동,온수,0,0,1,1,1,,,,,,,,,,,,,,,,,,,,,
2019. 8. 7.,19:34:00,7,온수,신중동,0,0,1,1,0,1,0,,0,0,1,0,0,0,0,1,1,0,0,0,0,0,0,0,0,0
2019. 8. 7.,19:34:00,7,온수,신중동,0,0,1,1,1,,,,,,,,,,,,,,,,,,,,,
2019. 8. 8.,8:15:00,1,병점,수원,1,0,0,0,1,,,2,,,,,,,,,,,,,,,,,,
2019. 8. 8.,8:15:00,1,병점,수원,1,0,0,0,1,,,2,,,,,,,,,,,,,,,,,,
2019. 8. 8.,8:28:00,1,병점,신길,0,1,0,0,0,0,1,,0,0,0,1,0,0,0,1,1,0,0,1,0,0,0,0,0,0
2019. 8. 8.,8:28:00,1,병점,신길,0,1,0,0,0,0,1,,0,0,1,0,0,0,0,1,1,0,0,0,0,0,0,0,0,0
2019. 8. 8.,8:38:00,1,수원,신길,0,1,0,0,0,0,1,,0,0,0,1,0,0,0,1,1,0,0,0,0,0,0,0,0,0
2019. 8. 8.,8:38:00,1,수원,신길,0,1,0,0,0,1,0,,0,0,0,1,0,0,0,0,1,0,0,0,0,0,0,0,0,0
2019. 8. 8.,8:46:00,1,병점,신길,0,1,0,0,0,0,1,,0,0,1,0,0,0,0,0,1,0,0,0,0,0,0,0,0,0
2019. 8. 8.,8:52:00,1,수원,신길,0,1,0,1,0,1,0,,0,0,0,1,0,0,0,1,0,1,0,0,0,0,0,0,0,0
2019. 8. 8.,8:52:00,6,화랑대,공덕,0,1,0,0,0,1,0,,0,0,0,0,1,0,0,0,0,1,0,0,0,0,0,0,0,0
2019. 8. 8.,8:52:00,6,화랑대,공덕,0,1,0,0,0,1,0,,0,0,1,0,0,0,0,0,0,0,0,0,0,1,0,0,0,0
2019. 8. 8.,8:56:00,1,수원,신길,0,0,1,1,0,1,0,,0,0,0,1,0,0,0,0,1,0,0,0,0,0,0,0,0,0
2019. 8. 8.,9:04:00,1,수원,신길,0,0,1,1,0,1,0,,0,0,0,1,0,0,0,1,1,0,0,0,0,0,0,0,0,0
2019. 8. 8.,9:10:00,6,화랑대,공덕,0,1,0,1,0,1,0,,0,0,1,0,0,0,0,0,0,0,1,0,0,0,0,0,0,0
2019. 8. 8.,9:11:00,6,화랑대,공덕,0,1,0,1,0,1,0,,0,0,0,1,0,0,0,0,0,1,0,0,0,0,0,0,0,0
2019. 8. 8.,9:15:00,6,화랑대,화랑대,0,1,0,0,0,1,0,,0,0,0,1,0,0,0,1,0,0,1,0,0,0,0,0,0,0
2019. 8. 8.,9:18:00,6,한강진,삼각지,0,1,0,0,1,,,3,,,,,,,,,,,,,,,,,,
2019. 8. 8.,9:19:00,1,병점,신길,0,0,1,1,0,0,1,,0,0,0,1,0,0,0,0,1,0,0,0,0,0,0,0,0,0
2019. 8. 8.,9:25:00,6,화랑대,공덕,0,1,0,0,0,1,0,,0,0,1,0,0,0,0,1,1,0,0,0,0,0,0,0,0,0
2019. 8. 8.,9:27:00,5,신길,공덕,0,0,1,1,0,1,0,,0,0,0,1,0,0,0,1,1,0,0,0,0,0,0,0,0,0
2019. 8. 8.,9:28:00,5,신길,공덕,0,0,1,1,0,0,1,,0,0,0,1,0,0,0,0,1,0,0,1,0,0,0,0,0,0
2019. 8. 8.,9:28:00,5,여의도,공덕,0,0,1,1,1,,,3,,,,,,,,,,,,,,,,,,
2019. 8. 8.,9:39:00,5,신길,공덕,0,0,1,1,1,,,4,,,,,,,,,,,,,,,,,,
2019. 8. 8.,9:39:00,5,신길,마포,0,0,1,1,1,,,3,,,,,,,,,,,,,,,,,,
2019. 8. 8.,9:45:00,5,신길,공덕,0,0,1,1,0,0,1,,0,1,0,0,0,0,0,0,1,0,0,0,0,0,0,0,0,0
2019. 8. 8.,8:35:00,10,야탑,왕십리,0,0,1,1,0,1,0,,0,0,1,0,0,0,0,0,0,0,0,1,0,0,0,0,0,0
2019. 8. 8.,8:35:00,10,야탑,왕십리,0,0,1,1,0,1,0,,0,0,1,0,0,0,0,0,0,0,0,0,0,0,0,0,1,0
2019. 8. 8.,8:55:00,10,야탑,왕십리,0,0,1,1,0,1,0,,0,0,1,0,0,0,0,0,1,1,0,0,0,0,0,0,0,0
2019. 8. 8.,9:01:00,10,선릉,왕십리,0,1,0,1,1,,,5,,,,,,,,,,,,,,,,,,
2019. 8. 8.,9:05:00,10,강남구청,왕십리,1,0,0,0,1,,,3,,,,,,,,,,,,,,,,,,
2019. 8. 8.,9:23:00,5,왕십리,행당,0,1,0,1,1,,,1,,,,,,,,,,,,,,,,,,
2019. 8. 8.,9:23:00,5,왕십리,공덕,0,1,0,1,0,1,0,,0,0,1,0,0,0,1,0,1,0,0,1,0,0,0,0,0,0
2019. 8. 8.,9:24:00,5,왕십리,공덕,0,1,0,1,0,1,0,,0,0,1,0,0,0,0,1,0,1,0,0,0,0,0,0,0,0
2019. 8. 8.,9:29:00,5,동대문역사문화공원,공덕,0,1,0,1,1,,,7,,,,,,,,,,,,,,,,,,
2019. 8. 8.,9:38:00,5,서대문,공덕,1,0,0,0,1,,,3,,,,,,,,,,,,,,,,,,
2019. 8. 8.,9:10:00,6,불광,월드컵경기장,1,0,0,0,1,,,7,,,,,,,,,,,,,,,,,,
2019. 8. 8.,9:12:00,6,불광,공덕,1,0,0,0,1,,,14,,,,,,,,,,,,,,,,,,
2019. 8. 8.,9:26:00,6,합정,공덕,1,0,0,0,0,0,1,,0,0,1,0,0,0,0,0,1,0,0,0,0,0,0,0,0,0
2019. 8. 8.,17:39:00,5,공덕,신길,0,0,1,1,0,1,0,,0,0,0,0,1,0,0,0,1,0,0,0,0,0,0,0,0,0
2019. 8. 8.,17:40:00,6,공덕,화랑대,0,1,0,0,0,1,0,,0,0,0,1,0,0,0,1,1,0,0,0,0,0,0,0,0,0
2019. 8. 8.,17:40:00,6,공덕,화랑대,0,1,0,0,0,1,0,,0,0,0,1,0,0,0,0,0,1,0,0,0,0,0,0,0,0
2019. 8. 8.,17:39:00,5,공덕,신길,0,0,1,1,0,1,0,,0,0,0,1,0,0,0,0,0,0,1,0,0,0,0,0,0,0
2019. 8. 8.,17:44:00,6,삼각지,약수,0,1,0,0,1,,,5,,,,,,,,,,,,,,,,,,
2019. 8. 8.,17:51:00,6,약수,청구,0,1,0,0,1,,,1,,,,,,,,,,,,,,,,,,
2019. 8. 8.,17:52:00,6,공덕,화랑대,0,1,0,0,0,1,0,,0,0,1,0,0,0,0,0,0,0,0,0,0,0,0,0,0,0
2019. 8. 8.,17:53:00,6,공덕,화랑대,0,1,0,0,0,1,0,,0,0,1,0,0,1,1,1,1,0,0,0,0,0,0,0,0,0
2019. 8. 8.,17:55:00,1,신길,수원,0,0,1,1,0,1,0,,0,0,1,0,0,0,0,0,1,0,0,0,0,0,0,0,0,0
2019. 8. 8.,17:55:00,1,신길,수원,0,0,1,1,0,0,1,,0,0,0,1,0,0,0,0,0,0,1,0,0,0,0,0,0,0
2019. 8. 5.,17:57:00,6,동묘앞,화랑대,0,0,1,1,1,,,7,,,,,,,,,,,,,,,,,,
2019. 8. 8.,18:09:00,1,신길,수원,0,0,1,1,0,0,1,,0,0,0,1,0,0,0,0,0,1,0,0,0,0,0,0,0,0
2019. 8. 8.,18:26:00,1,신길,수원,0,0,1,1,0,1,0,,0,0,0,1,0,0,0,0,1,0,0,0,0,0,0,0,0,0
2019. 8. 8.,18:26:00,1,신길,수원,0,0,1,1,0,1,0,,0,0,1,0,0,0,0,0,1,0,0,0,0,0,0,0,0,0
2019. 8. 8.,18:34:00,1,금정,수원,0,0,1,1,1,,,6,,,,,,,,,,,,,,,,,,
2019. 8. 8.,8:39:00,7,신중동,춘의,0,1,0,0,1,,,,,,,,,,,,,,,,,,,,,
2019. 8. 8.,8:39:00,7,신중동,온수,0,1,0,0,0,1,0,,0,0,0,1,0,0,0,0,1,0,0,0,0,0,0,0,0,0
2019. 8. 8.,8:41:00,7,신중동,온수,0,1,0,0,0,0,1,,0,0,1,0,0,0,0,1,0,0,1,0,0,0,0,0,0,0
2019. 8. 8.,8:56:00,1,온수,신길,0,1,0,1,0,0,1,,0,0,1,0,0,0,0,1,0,0,1,0,0,0,0,0,0,0
2019. 8. 8.,8:56:00,1,온수,신길,0,1,0,1,0,1,0,,0,0,0,1,0,0,0,1,0,0,1,0,0,0,0,0,0,0
2019. 8. 8.,9:05:00,1,온수,신길,0,1,0,1,0,1,0,,0,0,0,1,0,0,0,1,0,0,1,0,0,0,0,0,0,0
2019. 8. 8.,9:16:00,5,신길,공덕,0,0,1,1,0,1,0,,0,0,0,0,1,0,0,1,1,0,0,0,0,0,0,0,0,0
2019. 8. 8.,9:16:00,5,신길,여의도,0,0,1,1,1,,,,,,,,,,,,,,,,,,,,,
2019. 8. 8.,9:18:00,5,신길,공덕,0,0,1,1,0,1,0,,0,0,0,1,0,0,0,1,1,0,0,0,0,0,0,0,0,0
2019. 8. 8.,17:40:00,5,공덕,신길,0,1,0,0,0,0,1,,0,0,0,1,0,0,0,0,1,0,0,0,0,0,0,0,0,0
2019. 8. 8.,17:40:00,5,공덕,여의나루,0,1,0,0,1,,,,,,,,,,,,,,,,,,,,,
2019. 8. 8.,17:43:00,5,공덕,신길,0,1,0,0,0,1,0,,0,0,0,0,1,0,0,0,0,0,0,0,1,0,0,0,0,0
2019. 8. 8.,17:46:00,5,여의도,신길,0,1,0,0,1,,,,,,,,,,,,,,,,,,,,,
2019. 8. 8.,17:54:00,1,신길,부천,0,1,0,1,0,1,0,,0,0,0,1,0,0,0,0,0,0,0,0,1,0,0,0,0,0
2019. 8. 8.,17:54:00,1,신길,부천,0,1,0,1,0,1,0,,0,0,0,1,0,0,0,0,0,0,0,0,1,0,0,0,0,0
2019. 8. 8.,17:56:00,1,신길,부천,0,1,0,1,0,1,0,,0,0,0,1,0,0,0,1,1,0,0,0,0,0,0,0,0,0
2019. 8. 8.,17:59:00,1,신길,부천,0,1,0,1,0,1,0,,0,0,0,0,1,0,0,1,0,1,0,0,0,0,0,0,0,0
2019. 8. 8.,17:39:00,5,공덕,답십리,0,1,0,0,0,1,0,,0,0,0,1,0,0,0,0,0,0,1,0,0,0,0,0,0,0
2019. 8. 8.,17:39:00,5,공덕,답십리,0,1,0,0,0,1,0,,0,0,0,0,1,0,0,1,1,0,0,0,0,0,0,0,0,0
2019. 8. 8.,17:54:00,5,공덕,답십리,0,0,1,1,0,1,0,,0,0,1,0,0,0,0,0,1,0,0,0,0,0,0,0,0,0
2019. 8. 8.,18:08:00,5,답십리,왕십리,0,1,0,0,1,,,2,,,,,,,,,,,,,,,,,,
2019. 8. 8.,18:08:00,5,답십리,왕십리,0,1,0,0,0,1,0,,0,0,0,1,0,0,0,1,0,1,0,0,0,0,0,0,0,0
2019. 8. 8.,18:21:00,10,왕십리,야탑,0,0,1,1,0,1,0,,0,0,0,1,0,0,0,0,1,0,0,0,0,0,0,0,0,0
2019. 8. 8.,18:21:00,10,왕십리,야탑,0,0,1,1,0,1,0,,0,0,0,1,0,0,0,0,1,0,0,0,0,0,0,0,0,0
2019. 8. 9.,8:09:00,1,수원,신길,0,1,0,0,0,0,1,,0,0,1,0,0,0,0,1,0,1,0,0,0,0,0,0,0,0
2019. 8. 9.,8:09:00,1,수원,신길,0,1,0,0,0,1,0,,0,0,0,1,0,0,0,0,0,0,1,0,0,0,0,0,0,0
2019. 8. 9.,8:13:00,1,병점,세류,1,0,0,0,1,,,1,,,,,,,,,,,,,,,,,,
2019. 8. 9.,8:13:00,1,병점,수원,1,0,0,0,1,,,2,,,,,,,,,,,,,,,,,,
2019. 8. 9.,8:23:00,1,병점,신길,1,0,0,0,0,1,0,,0,0,1,0,0,0,0,1,1,0,0,0,0,0,0,0,0,0
2019. 8. 9.,8:26:00,1,병점,신길,0,1,0,0,0,0,1,,0,0,1,0,0,0,0,1,1,0,0,1,0,0,0,0,0,0
2019. 8. 9.,8:26:00,1,병점,신길,0,1,0,0,0,0,1,,0,0,1,0,0,0,0,1,1,0,0,1,0,0,0,0,0,0
2019. 8. 9.,8:28:00,1,수원,신길,0,1,0,0,0,0,1,,0,0,1,0,0,0,0,0,1,0,0,0,0,0,0,0,0,0
2019. 8. 9.,8:33:00,1,수원,신길,0,0,1,1,0,1,0,,0,0,1,0,0,0,0,0,1,0,0,0,0,0,0,0,0,0
2019. 8. 9.,8:37:00,3호선,수원,신길,0,0,1,1,0,1,0,,0,0,0,1,0,0,0,0,1,0,0,0,0,0,0,0,0,0
2019. 8. 9.,8:50:00,6,화랑대,공덕,0,0,1,0,0,1,0,,0,0,0,1,0,0,0,0,0,0,0,0,0,0,0,0,0,0
2019. 8. 9.,8:52:00,6,화랑대,공덕,0,0,1,0,0,1,0,,0,0,1,0,0,0,0,0,0,0,0,0,0,0,0,0,1,0
2019. 8. 9.,8:52:00,6,화랑대,공덕,0,0,1,0,0,1,0,,0,0,0,1,0,0,0,0,0,0,0,0,0,0,0,0,0,0
2019. 8. 9.,8:55:00,1,병점,신길,0,0,1,1,0,1,0,,0,0,0,0,1,0,0,0,0,1,0,0,0,0,0,0,0,0
2019. 8. 9.,8:57:00,6,화랑대,공덕,0,0,1,1,0,1,0,,0,0,0,1,0,0,0,0,0,0,1,1,0,0,0,0,0,0
2019. 8. 9.,8:59:00,1,병점,신길,0,0,1,1,0,1,0,,0,0,0,1,0,0,0,1,1,0,0,0,0,0,0,0,0,0
2019. 8. 9.,9:10:00,6,화랑대,공덕,0,0,1,1,0,1,0,,0,0,1,0,0,0,0,0,1,0,0,0,0,0,0,0,0,0
2019. 8. 9.,9:10:00,5,신길,공덕,0,0,1,1,0,1,0,,0,0,0,1,0,0,0,1,1,0,0,0,0,0,0,0,0,0
2019. 8. 9.,9:10:00,5,신길,공덕,0,0,1,1,0,1,0,,0,0,1,0,0,0,0,1,1,0,0,0,0,0,0,0,0,0
2019. 8. 9.,9:20:00,6,약수,공덕,0,1,0,0,1,,,7,,,,,,,,,,,,,,,,,,
2019. 8. 9.,9:16:00,1,병점,신길,0,0,1,1,0,1,0,,0,0,0,1,0,0,0,0,0,0,1,0,0,0,0,0,0,0
2019. 8. 9.,9:21:00,5,신길,공덕,0,0,1,0,0,1,0,,0,0,0,1,0,0,0,1,0,1,0,0,0,0,0,0,0,0
2019. 8. 9.,9:22:00,5,여의도,마포,0,0,1,0,1,,,2,,,,,,,,,,,,,,,,,,
2019. 8. 9.,9:27:00,5,신길,공덕,0,1,0,0,0,1,0,,0,0,0,1,0,0,0,1,0,0,0,0,1,0,0,0,0,0
2019. 8. 9.,8:39:00,10,야탑,왕십리,0,0,1,1,0,1,0,,0,0,1,0,0,0,0,0,1,0,0,0,0,0,0,0,0,0
2019. 8. 9.,8:39:00,10,야탑,왕십리,0,0,1,1,0,1,0,,0,0,0,1,0,0,0,0,1,0,0,1,0,0,0,0,0,0
2019. 8. 9.,8:48:00,10,야탑,왕십리,0,0,1,1,0,1,0,,0,0,1,0,0,0,0,0,1,0,0,0,0,0,0,0,0,0
2019. 8. 9.,8:48:00,10,복정,강남구청,0,0,1,1,1,,,9,,,,,,,,,,,,,,,,,,
2019. 8. 9.,9:09:00,10,강남구청,왕십리,1,0,0,0,1,,,3,,,,,,,,,,,,,,,,,,
2019. 8. 9.,9:09:00,10,야탑,왕십리,1,0,0,0,0,1,0,,0,0,0,1,0,0,0,0,0,1,0,0,0,0,0,0,0,0
2019. 8. 9.,9:11:00,10,압구정로데오,왕십리,1,0,0,0,1,,,2,,,,,,,,,,,,,,,,,,
2019. 8. 9.,9:24:00,5,왕십리,공덕,0,0,1,1,0,1,0,,0,0,1,0,0,0,0,0,0,0,1,0,0,0,0,0,0,0
2019. 8. 9.,9:24:00,5,왕십리,공덕,0,0,1,1,0,1,0,,0,0,1,0,0,0,0,0,1,0,0,0,0,0,0,0,0,0
2019. 8. 9.,9:33:00,5,을지로4가,공덕,0,1,0,0,1,,,6,,,,,,,,,,,,,,,,,,
2019. 8. 9.,9:15:00,6,불광,디엠씨,1,0,0,0,1,,,7,,,,,,,,,,,,,,,,,,
2019. 8. 9.,9:26:00,6,불광,공덕,1,0,0,0,1,,,15,,,,,,,,,,,,,,,,,,
2019. 8. 9.,9:26:00,6,디엠씨,공덕,0,1,0,0,0,1,0,,0,0,0,0,1,0,0,1,0,1,0,0,0,0,0,0,0,0
2019. 8. 9.,19:00:00,5,공덕,신길,0,1,0,1,0,1,0,,0,0,0,0,1,0,0,0,1,0,0,1,0,0,0,0,0,0
2019. 8. 9.,19:00:00,5,공덕,신길,0,1,0,1,0,1,0,,0,0,0,0,1,0,0,1,1,0,0,1,0,0,0,0,0,0
2019. 8. 9.,19:21:00,1,신길,병점,0,0,1,0,0,1,0,,0,0,0,1,0,0,0,1,0,0,0,0,1,0,0,0,0,0
2019. 8. 9.,19:22:00,1,신길,병점,0,0,1,0,0,1,0,,0,0,0,0,1,0,0,1,0,1,0,0,0,0,0,0,0,0
2019. 8. 9.,19:25:00,1,신길,병점,0,0,1,0,0,1,0,,0,0,0,1,0,0,0,1,1,0,0,0,0,0,0,0,0,0
2019. 8. 9.,19:41:00,1,신길,병점,0,1,0,0,0,1,0,,0,0,0,1,0,0,0,0,0,0,1,1,0,0,0,0,0,0
2019. 8. 9.,19:44:00,1,석수,안양,0,1,0,0,1,,,2,,,,,,,,,,,,,,,,,,
2019. 8. 9.,19:47:00,1,신길,병점,0,1,0,0,0,1,0,,0,0,1,0,0,0,0,0,1,0,0,1,0,0,0,0,0,0
2019. 8. 9.,19:51:00,1,신길,병점,0,1,0,0,0,1,0,,0,0,1,0,0,0,0,0,1,0,0,1,0,0,0,0,0,0
2019. 8. 9.,19:53:00,1,신길 ,병점,0,1,0,0,0,1,0,,0,0,0,0,1,0,0,0,1,0,0,0,0,0,0,0,0,0
2019. 8. 9.,19:54:00,1,신길,병점,1,0,0,0,0,0,1,,0,0,0,1,0,0,0,0,1,0,0,0,0,0,0,0,0,0
2019. 8. 9.,19:55:00,1,신길,병점,0,1,0,0,0,0,1,,0,0,0,0,1,0,0,0,1,0,0,0,0,0,0,0,0,0
2019. 8. 9.,21:48:00,5,공덕,신길,0,0,1,1,0,1,0,,0,0,0,1,0,0,0,0,0,1,0,0,0,0,0,0,0,0
2019. 8. 9.,21:48:00,5,공덕,신길,0,0,1,1,0,1,0,,1,0,0,0,0,0,0,1,0,1,0,0,0,0,0,0,0,0
2019. 8. 9.,22:12:00,1,신길,구로,0,1,0,0,1,,,3,,,,,,,,,,,,,,,,,,
2019. 8. 9.,22:12:00,1,신길,가산디지털단지,0,1,0,0,1,,,4,,,,,,,,,,,,,,,,,,
2019. 8. 9.,22:18:00,1,신길,수원,0,0,1,0,0,0,1,,0,0,1,0,0,0,0,0,1,0,0,0,0,0,0,0,0,0
2019. 8. 9.,22:20:00,1,신길,수원,0,0,1,0,0,1,0,,0,1,0,0,0,0,0,0,1,0,0,0,0,0,0,0,0,0
2019. 8. 9.,22:40:00,1,금정,수원,0,1,0,0,1,,,6,,,,,,,,,,,,,,,,,,
2019. 8. 9.,21:50:00,5,공덕,왕십리,1,0,0,0,1,,,11,,,,,,,,,,,,,,,,,,
2019. 8. 9.,21:50:00,5,공덕,동대문역사문화공원,1,0,0,0,1,,,7,,,,,,,,,,,,,,,,,,
2019. 8. 9.,22:03:00,5,공덕,왕십리,0,1,0,0,0,1,0,,0,0,0,1,0,0,0,1,1,0,0,0,0,0,0,0,0,0
2019. 8. 9.,22:06:00,5,신금호,왕십리,0,1,0,0,1,,,2,,,,,,,,,,,,,,,,,,
2019. 8. 9.,22:15:00,10,왕십리,강남구청,1,0,0,0,1,,,3,,,,,,,,,,,,,,,,,,
2019. 8. 9.,22:15:00,10,왕십리,압구정로데오,1,0,0,0,1,,,2,,,,,,,,,,,,,,,,,,
2019. 8. 9.,22:25:00,10,왕십리,야탑,0,1,0,0,0,1,0,,0,0,0,0,1,0,0,1,0,1,0,0,0,0,0,0,0,0
2019. 8. 9.,22:27:00,10,왕십리,야탑,0,1,0,0,0,1,0,,0,0,1,0,0,0,0,0,1,0,0,1,0,0,0,0,0,0
2019. 8. 9.,22:34:00,10,왕십리,야탑,0,0,1,1,0,0,1,,0,0,1,0,0,0,0,1,1,0,0,1,0,0,0,0,0,0
2019. 8. 9.,22:44:00,10,왕십리,야탑,0,0,1,1,0,0,1,,0,0,0,1,0,0,0,0,0,0,1,1,0,0,0,0,0,0
2019. 8. 9.,19:05:00,5,공덕,여의도,0,1,0,0,0,1,0,,0,0,1,0,0,0,0,0,0,0,0,0,1,0,0,0,0,0
2019. 8. 9.,19:05:00,5,공덕,여의도,0,1,0,0,0,1,0,,0,0,0,1,0,0,0,0,1,0,0,0,0,0,0,0,0,0
2019. 8. 9.,19:18:00,9,여의도,샛강,0,1,0,1,1,,,1,,,,,,,,,,,,,,,,,,
2019. 8. 9.,19:18:00,9,여의도,노량진,0,1,0,1,0,1,0,,0,0,1,0,0,0,0,1,1,0,0,0,0,0,0,0,0,0
2019. 8. 9.,19:20:00,9,샛강,노량진,0,1,0,1,0,1,0,,0,0,0,1,0,0,0,0,1,0,0,0,0,0,0,0,0,0
2019. 8. 9.,19:26:00,9,노량진,노들,1,0,0,1,0,1,0,,0,0,1,0,0,0,0,0,1,0,0,0,0,0,0,0,0,0
2019. 8. 9.,19:24:00,9,노량진,흑석,0,1,0,1,1,,,2,,,,,,,,,,,,,,,,,,
2019. 8. 9.,19:28:00,9,노들,흑석,0,1,0,1,1,,,1,,,,,,,,,,,,,,,,,,
2019. 8. 9.,19:31:00,9,흑석,고속터미널,0,0,1,1,0,1,0,,0,0,0,1,0,0,0,0,0,1,0,0,0,0,0,0,0,0
2019. 8. 9.,19:31:00,9,흑석,동작,0,0,1,1,0,0,1,,0,0,0,0,1,0,0,0,0,1,0,0,0,0,0,0,0,0
2019. 8. 9.,19:35:00,9,동작,고속터미널,0,0,1,1,0,1,0,,0,0,0,0,1,0,0,0,0,1,0,0,0,0,0,0,0,0
2019. 8. 9.,19:55:00,7,고속터미널,학동,0,0,1,1,1,,,3,,,,,,,,,,,,,,,,,,
2019. 8. 9.,19:55:00,7,고속터미널,상봉,0,0,1,1,0,0,1,,0,0,1,0,0,0,0,0,1,0,0,0,0,0,0,0,0,0
2019. 8. 9.,20:00:00,7,학동,태릉입구,0,0,1,0,0,1,0,,0,0,1,0,0,0,0,1,0,0,0,0,0,1,0,0,0,0
2019. 8. 9.,20:22:00,7,상봉,먹골,0,1,0,0,0,1,0,,0,0,0,0,1,0,0,0,0,0,0,0,1,0,0,0,0,0
2019. 8. 9.,20:26:00,7,먹골,태릉입구,1,0,0,0,1,,,1,,,,,,,,,,,,,,,,,,
2019. 8. 9.,8:36:00,7,신중동,까치울,0,1,0,1,1,,,3,,,,,,,,,,,,,,,,,,
2019. 8. 9.,8:36:00,7,신중동,온수,0,1,0,1,0,1,0,,0,0,0,0,1,0,0,1,1,0,0,0,0,0,0,0,0,0
2019. 8. 9.,8:40:00,7,신중동,온수,0,1,0,1,0,0,1,,0,0,1,0,0,0,0,0,1,0,0,0,0,0,0,0,0,0
2019. 8. 9.,8:40:00,7,부천종합운동장,온수,0,1,0,1,1,,,,,,,,,,,,,,,,,,,,,
2019. 8. 9.,8:48:00,1,온수,신길,0,1,0,1,0,1,0,,0,0,1,0,0,0,0,1,0,0,1,0,0,0,0,0,0,0
2019. 8. 9.,8:48:00,1,온수,신길,0,1,0,1,0,1,0,,0,0,0,1,0,0,0,1,1,0,0,0,0,0,0,0,0,0
2019. 8. 9.,9:11:00,5,신길,공덕,0,1,0,1,0,1,0,,0,0,1,0,0,0,0,1,1,0,0,0,0,0,0,0,0,0
2019. 8. 9.,9:11:00,5,신길,공덕,0,1,0,1,0,1,0,,0,0,0,0,1,0,0,0,0,1,0,0,0,0,0,0,0,0
2019. 8. 9.,9:12:00,5,신길,공덕,0,1,0,1,0,1,0,,0,0,0,0,1,0,0,1,1,0,0,0,0,0,0,0,0,0
2019. 8. 9.,9:12:00,5,신길,공덕,0,1,0,1,0,1,0,,0,0,1,0,0,0,0,0,1,0,0,0,0,0,0,0,0,0
2019. 8. 9.,19:00:00,5,공덕,신길,1,0,0,0,0,1,0,,0,0,1,0,0,0,0,0,0,0,0,0,1,0,0,0,0,0
2019. 8. 9.,19:00:00,5,공덕,여의도,1,0,0,0,1,,,3,,,,,,,,,,,,,,,,,,
2019. 8. 9.,19:05:00,5,공덕,신길,1,0,0,0,0,1,0,,0,0,1,0,0,0,0,1,1,0,0,0,0,0,0,0,0,0
2019. 8. 9.,19:16:00,1,신길,온수,0,1,0,1,0,1,0,,0,0,1,0,0,0,0,1,0,1,0,0,0,0,0,0,0,0
2019. 8. 9.,19:16:00,1,신길,온수,0,1,0,1,0,1,0,,0,0,1,0,0,0,0,0,0,1,0,0,0,0,0,0,0,0
2019. 8. 9.,19:18:00,1,신길,온수,0,1,0,1,0,1,0,,0,0,0,1,0,0,0,1,1,0,0,0,0,0,0,0,0,0
2019. 8. 9.,19:19:00,1,영등포,신도림,0,1,0,1,1,,,1,,,,,,,,,,,,,,,,,,
2019. 8. 9.,19:21:00,1,신길,온수,0,1,0,1,0,1,0,,0,0,0,0,1,0,0,0,1,0,0,0,0,0,0,0,0,0
2019. 8. 9.,19:40:00,7,온수,신중동,0,1,0,1,0,1,0,,0,0,1,0,0,0,0,0,1,0,0,0,0,0,0,0,0,0
2019. 8. 9.,19:40:00,7,온수,신중동,0,1,0,1,0,1,0,,0,0,0,1,0,0,0,0,1,0,0,0,0,0,0,0,0,0
2019. 8. 9.,19:42:00,7,까치울,신중동,0,1,0,1,1,,,3,,,,,,,,,,,,,,,,,,
2019. 8. 9.,19:46:00,7,춘의,신중동,0,1,0,1,1,,,1,,,,,,,,,,,,,,,,,,
2019. 8. 10.,15:07:00,7,신중동,대림,1,0,0,1,0,1,0,,0,0,0,1,0,0,0,1,1,0,0,0,0,0,0,0,0,0
2019. 8. 10.,15:07:00,7,신중동,대림,1,0,0,1,0,1,0,,0,0,1,0,0,0,0,1,1,0,0,0,0,0,0,0,0,0
2019. 8. 10.,15:16:00,7,신중동,대림,1,0,0,1,0,1,0,,0,0,0,1,0,0,0,1,0,1,0,0,0,0,0,0,0,0
2019. 8. 10.,22:49:00,7,대림,신중동,1,0,0,0,0,0,1,,0,0,0,0,1,0,0,,0,0,0,0,1,0,0,0,0,0
2019. 8. 10.,22:49:00,7,대림,신중동,1,0,0,0,0,1,0,,0,0,1,0,0,0,0,0,1,0,0,0,0,0,0,0,0,0
2019. 8. 10.,22:52:00,7,가산디지털단지,철산,1,0,0,0,1,,,1,,,,,,,,,,,,,,,,,,
2019. 8. 10.,22:52:00,7,대림,신중동,1,0,0,0,0,0,1,,0,0,0,0,1,0,0,0,0,1,0,0,0,0,0,0,0,0
2019. 8. 10.,23:02:00,7,온수,신중동,1,0,0,0,0,1,0,,0,0,0,1,0,0,0,0,0,0,0,0,1,0,0,0,0,0
2019. 8. 11.,10:51:00,10,야탑,왕십리,0,0,1,0,0,0,1,,0,0,1,0,0,0,0,0,1,0,0,0,0,0,0,0,0,0
2019. 8. 11.,10:51:00,10,야탑,왕십리,0,0,1,0,0,1,0,,0,0,1,0,0,0,0,0,1,0,0,0,0,0,0,0,0,0
2019. 8. 11.,10:59:00,10,복정,수서,0,1,0,0,1,,,1,,,,,,,,,,,,,,,,,,
2019. 8. 11.,10:59:00,10,복정,수서,0,1,0,0,1,,,1,,,,,,,,,,,,,,,,,,
2019. 8. 11.,11:04:00,10,야탑,왕십리,0,1,0,0,0,1,0,,0,0,0,1,0,0,0,0,1,0,0,0,0,0,0,0,0,0
2019. 8. 11.,11:04:00,10,야탑,왕십리,0,1,0,0,0,1,0,,1,0,0,0,0,0,0,0,0,0,0,0,1,0,0,0,0,0
2019. 8. 11.,11:20:00,10,강남구청,왕십리,1,0,0,0,1,,,3,,,,,,,,,,,,,,,,,,
2019. 8. 11.,11:23:00,10,압구정로데오,왕십리,1,0,0,0,1,,,2,,,,,,,,,,,,,,,,,,
2019. 8. 11.,11:37:00,5,왕십리,마포,1,0,0,0,0,1,0,,0,0,0,0,1,0,0,0,0,0,1,0,0,0,0,0,0,0
2019. 8. 11.,11:37:00,5,왕십리,마포,1,0,0,0,0,1,0,,0,0,0,1,0,0,0,1,1,0,0,0,0,0,0,0,0,0
2019. 8. 11.,11:46:00,5,을지로4가,마포,1,0,0,0,1,,,7,,,,,,,,,,,,,,,,,,
2019. 8. 11.,11:48:00,5,종로3가,마포,1,0,0,0,1,,,6,,,,,,,,,,,,,,,,,,
2019. 8. 11.,19:42:00,5,마포,왕십리,1,0,0,0,1,,,12,,,,,,,,,,,,,,,,,,
2019. 8. 11.,19:42:00,5,마포,왕십리,1,0,0,0,1,,,12,,,,,,,,,,,,,,,,,,
2019. 8. 11.,20:12:00,10,왕십리,강남구청,1,0,0,0,1,,,3,,,,,,,,,,,,,,,,,,
2019. 8. 11.,20:12:00,10,왕십리,야탑,1,0,0,0,0,1,0,,0,0,0,1,0,0,0,0,0,0,1,0,0,0,0,0,0,0
2019. 8. 11.,20:20:00,10,왕십리,야탑,1,0,0,0,0,1,0,,0,0,0,0,1,0,0,0,0,0,0,0,0,1,0,0,0,0
2019. 8. 11.,20:31:00,10,대모산입구,수서,1,0,0,0,1,,,1,,,,,,,,,,,,,,,,,,
2019. 8. 11.,20:36:00,10,왕십리,야탑,0,1,0,1,0,1,0,,0,0,0,1,0,0,0,0,0,0,0,0,1,0,0,0,0,0
2019. 8. 12.,8:00:00,1,병점,수원,1,0,0,0,1,,,2,,,,,,,,,,,,,,,,,,
2019. 8. 12.,8:00:00,1,병점,신길,1,0,0,0,0,1,0,,0,0,0,1,0,0,0,0,1,0,0,0,0,0,0,0,0,0
2019. 8. 12.,8:12:00,1,수원 ,병점,1,0,0,0,0,1,0,,0,0,0,1,0,0,0,0,1,0,0,0,0,0,0,0,0,0
2019. 8. 12.,8:12:00,1,수원,병점,1,0,0,0,1,,,2,,,,,,,,,,,,,,,,,,
2019. 8. 12.,8:44:00,1,수원,신길,1,0,0,0,0,1,0,,0,0,1,0,0,1,1,0,1,0,0,0,0,0,0,0,0,0
2019. 8. 12.,8:44:00,1,수원,화서,1,0,0,0,1,,,1,,,,,,,,,,,,,,,,,,
2019. 8. 12.,8:44:00,1,수원,신길,1,0,0,0,0,1,0,,0,0,0,1,0,0,0,0,0,1,0,0,0,0,0,0,0,0
2019. 8. 12.,9:02:00,1,수원,신길,0,1,0,1,0,1,0,,0,0,1,0,0,0,0,0,1,0,0,0,0,0,0,0,0,0
2019. 8. 12.,9:27:00,1,수원,신길,0,1,0,1,0,1,0,,0,0,0,1,0,0,0,1,1,0,0,0,0,0,0,0,0,0
2019. 8. 12.,9:44:00,5,신길,공덕,0,0,1,1,0,1,0,,0,0,0,1,0,0,0,0,1,0,0,0,0,0,0,0,0,0
2019. 8. 12.,9:44:00,5,신길,공덕,0,0,1,1,0,1,0,,0,0,0,1,0,0,0,0,1,0,0,0,0,0,0,0,0,0
2019. 8. 12.,9:45:00,5,여의도,공덕,0,0,1,1,1,,,3,,,,,,,,,,,,,,,,,,
2019. 8. 12.,18:15:00,5,공덕,신길,0,0,1,1,0,1,0,,0,0,0,1,0,0,0,0,1,0,0,0,0,0,0,0,0,0
2019. 8. 12.,18:15:00,5,공덕,신길,0,0,1,1,0,1,0,,0,0,0,1,0,0,0,0,1,0,0,0,0,0,0,0,0,0
2019. 8. 12.,18:56:00,1,신길,병점,0,0,1,0,0,0,1,,0,0,0,0,1,0,0,0,0,1,0,0,0,0,0,0,0,0
2019. 8. 12.,18:57:00,1,명학,성균관대,0,0,1,0,1,,,5,,,,,,,,,,,,,,,,,,
2019. 8. 12.,19:05:00,1,금정,성균관대,0,1,0,0,1,,,4,,,,,,,,,,,,,,,,,,
2019. 8. 12.,19:10:00,1,신길,병점,1,0,0,0,0,1,0,,0,0,0,1,0,0,0,0,0,0,0,0,1,0,0,0,0,0
2019. 8. 12.,19:10:00,1,신길,병점,1,0,0,0,0,0,1,,1,0,0,0,0,0,0,0,1,0,0,0,1,0,0,0,0,0
2019. 8. 12.,21:15:00,5,공덕,신길,0,0,1,0,0,1,0,,0,0,1,0,0,1,1,0,1,0,0,0,0,0,0,0,0,0
2019. 8. 12.,21:15:00,5,공덕,신길,0,0,1,0,1,,,4,,,,,,,,,,,,,,,,,,
2019. 8. 12.,21:33:00,1,신길,수원,0,0,1,1,0,1,0,,0,0,0,1,0,0,0,0,1,0,0,0,0,0,0,0,0,0
2019. 8. 12.,21:33:00,1,신길,수원,0,0,1,1,0,1,0,,0,0,0,1,0,0,0,0,0,0,1,0,0,0,0,0,0,0
2019. 8. 12.,21:45:00,1,신길,수원,0,0,1,1,0,1,0,,0,0,1,0,0,0,0,1,0,0,0,0,0,1,0,0,0,0
2019. 8. 12.,21:45:00,1,가산디지털단지,금정,0,0,1,1,1,,,7,,,,,,,,,,,,,,,,,,
2019. 8. 12.,22:05:00,1,신길,수원,0,1,0,0,0,1,0,,0,0,0,1,0,0,0,1,1,0,0,0,0,0,0,0,0,0
2019. 8. 12.,22:17:00,1,성균관대역,수원,1,0,0,0,1,,,2,,,,,,,,,,,,,,,,,,
2019. 8. 12.,21:17:00,1,성균관대역,수원,1,0,0,0,1,,,2,,,,,,,,,,,,,,,,,,
2019. 8. 12.,8:47:00,10,야탑,복정,0,0,1,1,1,,,,,,,,,,,,,,,,,,,,,
2019. 8. 12.,8:47:00,10,야탑,왕십리,0,0,1,1,0,1,0,,0,0,1,0,0,0,1,1,1,0,0,0,0,0,0,0,0,0
2019. 8. 12.,8:57:00,10,야탑,왕십리,0,0,1,1,0,1,0,,0,0,1,0,0,0,0,0,0,0,0,0,0,0,0,1,0,0
2019. 8. 12.,8:57:00,10,복정,강남구청,0,0,1,1,1,,,9,,,,,,,,,,,,,,,,,,
2019. 8. 12.,9:17:00,10,야탑,왕십리,1,0,0,0,0,1,0,,0,0,0,1,0,0,0,0,0,1,0,0,0,0,0,0,0,0
2019. 8. 12.,9:17:00,10,강남구청,왕십리,1,0,0,0,1,,,3,,,,,,,,,,,,,,,,,,
2019. 8. 12.,9:19:00,10,압구정로데오,왕십리,1,0,0,0,1,,,2,,,,,,,,,,,,,,,,,,
2019. 8. 12.,9:36:00,5,왕십리,공덕,0,0,1,1,0,1,0,,0,0,1,0,0,0,0,0,1,0,0,0,0,0,0,0,0,0
2019. 8. 12.,9:36:00,5,왕십리,공덕,0,0,1,1,0,1,0,,0,0,1,0,0,0,0,0,0,0,1,0,0,0,0,0,0,0
2019. 8. 12.,9:45:00,5,을지로4가,종로3가,0,1,0,0,1,,,1,,,,,,,,,,,,,,,,,,
2019. 8. 12.,9:48:00,5,왕십리,공덕,0,1,0,0,0,0,1,,0,1,0,0,0,0,0,1,1,0,0,0,0,0,0,0,0,0
2019. 8. 12.,9:51:00,5,서대문,공덕,0,1,0,0,1,,,3,,,,,,,,,,,,,,,,,,
2019. 8. 12.,21:19:00,5,공덕,왕십리,1,0,0,0,1,,,11,,,,,,,,,,,,,,,,,,
2019. 8. 12.,21:19:00,5,공덕,충정로,1,0,0,0,1,,,2,,,,,,,,,,,,,,,,,,
2019. 8. 12.,21:22:00,5,공덕,왕십리,1,0,0,0,0,1,0,,0,0,1,0,0,0,0,0,1,0,0,0,0,0,0,0,0,0
2019. 8. 12.,21:44:00,10,왕십리,선릉,1,0,0,0,1,,,5,,,,,,,,,,,,,,,,,,
2019. 8. 12.,21:44:00,10,왕십리,선정릉,1,0,0,0,1,,,4,,,,,,,,,,,,,,,,,,
2019. 8. 12.,21:57:00,10,왕십리,야탑,0,1,0,0,0,1,0,,0,0,0,1,0,0,0,0,0,0,0,0,1,0,0,0,0,0
2019. 8. 12.,21:59:00,10,왕십리,야탑,0,0,1,0,0,1,0,,0,0,1,0,0,0,0,0,1,0,0,0,0,0,0,0,0,0
2019. 8. 12.,22:11:00,10,왕십리,야탑,0,0,1,0,0,1,0,,0,0,1,0,0,0,0,1,1,0,0,1,0,0,0,0,0,0
2019. 8. 12.,22:20:00,10,왕십리,야탑,0,0,1,0,0,0,1,,0,0,0,1,0,0,0,0,1,0,0,0,0,0,0,0,0,0
2019. 8. 12.,21:24:00,6,공덕,동묘앞,1,0,0,0,1,,,10,,,,,,,,,,,,,,,,,,
2019. 8. 12.,21:25:00,6,공덕,동묘앞,1,0,0,0,0,1,0,,0,0,1,0,0,1,1,0,1,0,0,0,0,0,0,0,0,0
2019. 8. 12.,21:42:00,6,동묘앞,화랑대,0,1,0,1,0,1,0,,0,0,0,1,0,0,0,0,0,1,0,0,0,0,0,0,0,0
2019. 8. 12.,21:42:00,6,동묘앞,돌곶이,0,1,0,1,0,0,1,,0,0,0,0,1,0,0,0,0,1,0,0,0,0,0,0,0,0
2019. 8. 12.,21:56:00,6,돌곶이,화랑대,0,1,0,0,1,,,3,,,,,,,,,,,,,,,,,,
2019. 8. 12.,8:36:00,7,신중동,온수,0,1,0,1,0,1,0,,0,0,1,0,0,0,0,1,1,0,0,0,0,0,0,0,0,0
2019. 8. 12.,8:36:00,7,신중동,온수,0,1,0,1,0,0,1,,0,0,1,0,0,0,0,1,0,0,1,0,0,0,0,0,0,0
2019. 8. 12.,8:49:00,1,온수,신길,0,1,0,1,0,1,0,,0,0,1,0,0,0,0,1,1,0,0,0,0,0,0,0,0,0
2019. 8. 12.,8:49:00,1,온수,개봉,0,1,0,1,1,,,2,,,,,,,,,,,,,,,,,,
2019. 8. 12.,8:54:00,1,온수,신길,0,1,0,1,0,1,0,,0,0,0,0,1,0,0,0,1,0,0,0,0,0,0,0,0,0
2019. 8. 12.,9:14:00,5,신길,공덕,0,1,0,1,0,1,0,,0,0,0,0,1,0,0,1,0,0,1,0,0,0,0,0,0,0
2019. 8. 12.,9:14:00,5,신길,공덕,0,1,0,1,0,1,0,,0,0,0,1,0,0,0,1,1,0,0,0,0,0,0,0,0,0
2019. 8. 12.,18:13:00,5,공덕,신길,0,1,0,1,0,1,0,,0,0,1,0,0,0,0,1,1,0,0,0,0,0,0,0,0,0
2019. 8. 12.,18:13:00,5,공덕,신길,0,1,0,1,0,1,0,,0,0,0,0,1,0,0,0,0,0,1,0,0,0,0,0,0,0
2019. 8. 12.,18:34:00,1,신길,온수,0,0,1,1,0,1,0,,0,0,1,0,0,0,0,0,1,0,0,0,0,0,0,0,0,0
2019. 8. 12.,18:34:00,1,신길,온수,0,0,1,1,0,1,0,,0,0,0,1,0,0,0,1,1,0,0,0,0,0,0,0,0,0
2019. 8. 12.,19:00:00,7,온수,신중동,0,0,1,1,0,1,0,,0,0,0,1,0,0,0,0,1,0,0,0,0,0,0,0,0,0
2019. 8. 12.,19:00:00,7,온수,신중동,0,0,1,1,0,1,0,,0,0,1,0,0,0,0,0,0,0,1,0,0,0,0,0,0,0
2019. 8. 13.,8:00:00,1,병점,신길,0,1,0,0,0,0,1,,0,0,1,0,0,0,0,1,0,0,1,1,0,0,0,0,0,0
2019. 8. 13.,8:00:00,1,병점,신길,0,1,0,0,0,1,0,,0,0,0,0,1,0,0,1,0,0,1,0,0,0,0,0,0,0
2019. 8. 13.,8:21:00,1,병점,신길,0,0,1,1,0,0,1,,0,0,0,1,0,0,0,0,0,0,1,1,0,0,0,0,0,0
2019. 8. 13.,8:24:00,1,수원,신길,0,0,1,1,0,0,1,,0,0,0,1,0,0,0,1,1,0,0,0,0,0,0,0,0,0
2019. 8. 13.,8:24:00,1,수원,신길,0,0,1,1,0,1,0,,0,0,0,1,0,0,0,0,1,0,0,0,0,0,0,0,0,0
2019. 8. 13.,8:28:00,1,병점,신길,0,0,1,1,0,1,0,,0,0,1,0,0,0,0,1,1,0,0,0,0,0,0,0,0,0
2019. 8. 13.,8:32:00,1,수원,신길,0,0,1,1,0,1,0,,0,0,0,0,1,0,0,0,0,0,1,0,0,0,0,0,0,0
2019. 8. 13.,8:46:00,1,독산,가산디지털단지,0,0,1,1,1,,,1,,,,,,,,,,,,,,,,,,
2019. 8. 13.,8:49:00,1,병점,신길,0,0,1,1,0,1,0,,0,0,1,0,0,0,0,0,1,0,0,1,0,0,0,0,0,0
2019. 8. 13.,8:59:00,1,수원,신길,0,0,1,1,0,0,1,,0,0,0,1,0,0,0,1,1,0,0,0,0,0,0,0,0,0
2019. 8. 13.,8:59:00,1,수원,신길,0,0,1,1,0,1,0,,0,0,0,1,0,0,0,0,0,0,1,0,0,0,0,0,0,0
2019. 8. 13.,9:11:00,5,신길,공덕,0,0,1,1,0,1,0,,0,0,0,1,0,0,0,0,1,0,0,1,0,0,0,0,0,0
2019. 8. 13.,9:12:00,5,신길,공덕,0,0,1,1,0,1,0,,0,0,0,1,0,0,0,1,1,0,0,1,0,0,0,0,0,0
2019. 8. 13.,9:10:00,5,신길,공덕,0,0,1,1,0,1,0,,0,0,0,1,0,0,0,0,0,1,0,0,0,0,0,0,0,0
2019. 8. 13.,9:10:00,5,신길,공덕,0,0,1,1,0,0,1,,0,0,0,1,0,0,0,0,0,1,0,0,0,0,0,0,0,0
2019. 8. 13.,9:18:00,5,마포,공덕,0,0,1,1,1,,,1,,,,,,,,,,,,,,,,,,
2019. 8. 13.,8:42:00,10,야탑,왕십리,0,0,1,1,0,1,0,,0,0,0,1,0,0,0,0,0,1,0,0,0,0,0,0,0,0
2019. 8. 13.,8:42:00,10,야탑,왕십리,0,0,1,1,0,1,0,,0,0,1,0,0,0,0,0,1,0,0,0,0,0,0,0,0,0
2019. 8. 13.,9:13:00,10,강남구청,왕십리,1,0,0,0,1,,,3,,,,,,,,,,,,,,,,,,
2019. 8. 13.,9:28:00,5,왕십리,공덕,0,1,0,1,0,1,0,,0,0,0,1,0,0,0,0,1,0,0,0,0,0,0,0,0,0
2019. 8. 13.,9:28:00,5,왕십리,공덕,0,1,0,1,0,1,0,,0,0,0,1,0,0,0,1,0,1,0,0,0,0,0,0,0,0
2019. 8. 13.,9:40:00,5,종로3가,공덕,1,0,0,1,1,,,5,,,,,,,,,,,,,,,,,,
2019. 8. 13.,9:44:00,5,왕십리,공덕,1,0,0,0,0,1,0,,0,0,1,0,0,1,1,0,1,0,0,0,0,0,0,0,0,0
2019. 8. 13.,9:47:00,5,왕십리,공덕,1,0,0,0,0,0,1,,0,0,1,0,0,0,0,1,0,0,0,0,1,0,0,0,0,0
2019. 8. 13.,9:01:00,6,불광,새절,1,0,0,0,1,,,5,,,,,,,,,,,,,,,,,,
2019. 8. 13.,9:01:00,6,불광,새절,1,0,0,0,1,,,5,,,,,,,,,,,,,,,,,,
2019. 8. 13.,9:13:00,6,새절,마포구청,0,1,0,0,0,1,0,,0,0,1,0,0,0,0,0,1,0,0,0,0,0,0,0,0,0
2019. 8. 13.,9:13:00,6,새절,마포구청,0,1,0,0,0,1,0,,0,0,1,0,0,0,0,0,0,1,0,0,0,0,0,0,0,0
2019. 8. 13.,9:21:00,6,마포구청,공덕,0,1,0,0,1,,,6,,,,,,,,,,,,,,,,,,
2019. 8. 13.,9:21:00,6,마포구청,공덕,0,1,0,0,1,,,6,,,,,,,,,,,,,,,,,,
2019. 8. 13.,18:56:00,5,공덕,신길,0,1,0,0,0,0,1,,0,0,1,0,0,0,0,0,1,0,0,1,0,0,0,0,0,0
2019. 8. 13.,18:57:00,5,공덕,신길,0,1,0,0,0,1,0,,0,0,1,0,0,0,0,0,1,0,0,0,0,0,0,0,0,0
2019. 8. 13.,19:13:00,1,신길,병점,0,1,0,0,0,1,0,,0,0,1,0,0,0,0,1,1,0,0,0,0,0,0,0,0,0
2019. 8. 13.,19:25:00,1,신길,병점,0,0,1,0,0,1,0,,0,0,1,0,0,0,0,0,0,0,1,0,0,0,0,0,0,0
2019. 8. 13.,19:45:00,1,금정,화서,0,1,0,0,1,,,5,,,,,,,,,,,,,,,,,,
2019. 8. 13.,20:05:00,1,신길,병점,1,0,0,0,0,0,1,,0,0,1,0,0,0,0,1,1,0,0,1,0,0,0,0,0,0
2019. 8. 13.,20:07:00,1,신길,병점,1,0,0,0,0,1,0,,0,0,1,0,0,0,0,0,1,0,0,1,0,0,0,0,0,0
2019. 8. 13.,20:55:00,5,공덕,신길,0,1,0,0,1,,,4,,,,,,,,,,,,,,,,,,
2019. 8. 13.,20:55:00,5,공덕,신길,0,1,0,0,1,,,4,,,,,,,,,,,,,,,,,,
2019. 8. 13.,21:09:00,1,신길,수원,0,0,1,1,0,0,1,,0,0,0,0,1,0,0,0,1,1,0,0,0,0,0,0,0,0
2019. 8. 13.,21:09:00,1,신길,신도림,0,0,1,1,1,,,2,,,,,,,,,,,,,,,,,,
2019. 8. 13.,21:15:00,1,신길,수원,0,0,1,1,0,1,0,,0,0,0,1,0,0,0,0,1,0,0,0,0,0,0,0,0,0
2019. 8. 13.,21:24:00,1,신길,수원,0,0,1,1,0,1,0,,0,0,0,1,0,0,0,0,1,0,0,0,0,0,0,0,0,0
2019. 8. 13.,21:24:00,1,독산,안양,0,0,1,1,1,,,4,,,,,,,,,,,,,,,,,,
2019. 8. 13.,21:33:00,1,관악,안양,0,0,1,1,1,,,1,,,,,,,,,,,,,,,,,,
2019. 8. 13.,21:36:00,1,신길,수원,0,0,1,1,0,1,0,,0,1,0,0,0,0,0,1,0,0,0,0,1,0,0,0,0,0
2019. 8. 13.,21:36:00,1,신길,수원,0,0,1,1,0,1,0,,0,0,0,1,0,0,0,1,0,1,0,0,0,0,0,0,0,0
2019. 8. 13.,20:55:00,5,공덕,왕십리,1,0,0,0,0,1,0,,0,0,0,0,1,0,0,1,0,0,1,0,0,0,0,0,0,0
2019. 8. 13.,20:55:00,5,공덕,왕십리,1,0,0,0,0,0,1,,0,0,0,1,0,0,0,1,0,0,0,0,0,0,0,0,0,1
2019. 8. 13.,20:59:00,5,서대문,행당,0,1,0,0,1,,,7,,,,,,,,,,,,,,,,,,
2019. 8. 13.,21:04:00,5,종로3가,왕십리,0,1,0,0,1,,,6,,,,,,,,,,,,,,,,,,
2019. 8. 13.,21:15:00,5,공덕,왕십리,0,0,1,0,0,1,0,,0,0,0,0,1,0,0,1,1,0,0,0,0,0,0,0,0,0
2019. 8. 13.,21:23:00,10,왕십리,선릉,1,0,0,0,1,,,5,,,,,,,,,,,,,,,,,,
2019. 8. 13.,21:23:00,10,왕십리,압구정로데오,1,0,0,0,1,,,3,,,,,,,,,,,,,,,,,,
2019. 8. 13.,21:29:00,10,왕십리,야탑,1,0,0,0,0,0,1,,0,0,0,0,1,0,0,0,0,0,1,0,0,0,0,0,0,0
2019. 8. 13.,21:30:00,10,왕십리,야탑,0,1,0,0,0,1,0,,0,0,0,1,0,0,0,1,1,0,0,0,0,0,0,0,0,0
2019. 8. 13.,21:34:00,10,왕십리,야탑,0,1,0,0,0,0,1,,0,0,0,1,0,0,0,1,0,1,0,0,0,0,0,0,0,0
2019. 8. 13.,20:50:00,6,공덕,불광,1,0,0,0,1,,,4,,,,,,,,,,,,,,,,,,
2019. 8. 13.,20:50:00,6,공덕,합정,1,0,0,0,1,,,4,,,,,,,,,,,,,,,,,,
2019. 8. 13.,21:03:00,6,합정,증산,0,1,0,0,0,0,1,,0,0,0,1,0,0,0,0,1,0,0,0,0,0,0,0,0,0
2019. 8. 13.,21:11:00,6,증산,불광,0,1,0,0,1,,,4,,,,,,,,,,,,,,,,,,
2019. 8. 13.,8:40:00,6,화랑대,태릉입구,1,0,0,0,1,,,1,,,,,,,,,,,,,,,,,,
2019. 8. 13.,8:40:00,6,화랑대,태릉입구,1,0,0,0,1,,,1,,,,,,,,,,,,,,,,,,
2019. 8. 13.,8:41:00,6,태릉입구,한강진,0,1,0,0,0,1,0,,0,0,0,1,0,0,0,0,1,0,0,0,0,0,0,0,0,0
2019. 8. 13.,8:41:00,6,태릉입구,공덕,0,1,0,0,0,1,0,,0,0,1,0,0,0,0,0,1,0,1,0,0,0,0,0,0,0
2019. 8. 13.,9:07:00,6,한강진,공덕,1,0,0,0,1,,,5,,,,,,,,,,,,,,,,,,
2019. 8. 13.,20:36:00,6,공덕,삼각지,0,1,0,0,0,1,0,,0,0,1,0,0,0,0,0,1,0,0,0,0,0,0,0,0,0
2019. 8. 13.,20:36:00,6,공덕,삼각지,0,1,0,0,0,0,1,,0,0,0,0,1,0,0,0,0,1,0,0,0,0,0,0,0,0
2019. 8. 13.,20:38:00,6,삼각지,동묘앞,1,0,0,0,1,,,8,,,,,,,,,,,,,,,,,,
2019. 8. 13.,20:38:00,6,삼각지,화랑대,1,0,0,0,1,,,18,,,,,,,,,,,,,,,,,,
2019. 8. 13.,20:52:00,6,동묘앞,고려대,0,1,0,0,0,0,1,,0,0,0,1,0,0,0,0,0,0,0,0,0,1,0,0,0,0
2019. 8. 13.,21:00:00,6,고려대,화랑대,0,1,0,0,1,,,6,,,,,,,,,,,,,,,,,,
2019. 8. 13.,8:46:00,7,신중동,온수,0,0,1,1,0,1,0,,0,0,1,0,0,0,0,0,1,0,0,0,0,0,0,0,0,0
2019. 8. 13.,8:46:00,7,신중동,온수,0,0,1,1,0,0,1,,0,0,1,0,0,0,0,0,0,0,1,0,0,0,0,0,0,0
2019. 8. 13.,9:05:00,1,온수,신길,1,0,0,0,0,1,0,,0,0,1,0,0,0,0,0,1,0,0,0,0,0,0,0,0,0
2019. 8. 13.,9:05:00,1,온수,신길,1,0,0,0,0,1,0,,0,0,1,0,0,0,0,1,1,0,0,0,0,0,0,0,0,0
2019. 8. 13.,9:13:00,1,온수,신길,1,0,0,0,0,1,0,,0,0,1,0,0,0,0,0,1,0,0,0,0,0,0,0,0,0
2019. 8. 13.,9:25:00,5,신길,공덕,0,1,0,1,0,1,0,,0,0,0,1,0,0,0,0,0,0,1,0,0,0,0,0,0,0
2019. 8. 13.,9:25:00,5,신길,공덕,0,1,0,1,1,,,4,,,,,,,,,,,,,,,,,,
2019. 8. 13.,18:53:00,5,공덕,신길,0,1,0,1,0,1,0,,0,0,0,0,1,0,0,1,1,0,0,0,0,0,0,0,0,0
2019. 8. 13.,18:53:00,5,공덕,신길,0,1,0,1,0,1,0,,0,0,1,0,0,0,0,1,1,0,0,0,0,0,0,0,0,0
2019. 8. 13.,18:58:00,5,여의나루,신길,0,1,0,1,1,,,2,,,,,,,,,,,,,,,,,,
2019. 8. 13.,19:08:00,1,신길,온수,0,1,0,0,0,1,0,,0,0,1,0,0,1,1,1,1,0,0,0,0,0,0,0,0,0
2019. 8. 13.,19:08:00,1,신길,온수,0,1,0,0,0,0,1,,0,0,1,0,0,0,0,0,1,0,0,0,0,0,0,0,0,0
2019. 8. 13.,19:16:00,1,구로,온수,0,1,0,0,1,,,4,,,,,,,,,,,,,,,,,,
2019. 8. 13.,19:16:00,1,신길,온수,0,1,0,0,0,1,0,,0,0,0,1,0,0,0,1,1,0,0,0,0,0,0,0,0,0
2019. 8. 13.,19:36:00,7,온수,신중동,0,0,1,1,1,,,4,,,,,,,,,,,,,,,,,,
2019. 8. 13.,19:36:00,7,온수,신중동,0,0,1,1,1,,,4,,,,,,,,,,,,,,,,,,
2019. 8. 14.,8:30:00,10,야탑,왕십리,0,0,1,1,0,1,0,,0,0,0,0,1,0,0,1,0,1,0,0,0,0,0,0,0,0
2019. 8. 14.,8:30:00,10,야탑,왕십리,0,0,1,1,0,1,0,,0,0,1,0,0,0,0,0,1,0,0,1,0,0,0,0,0,0
2019. 8. 14.,8:37:00,10,야탑,왕십리,0,0,1,1,0,1,0,,0,0,1,0,0,0,0,0,1,0,0,1,0,0,0,0,0,0
2019. 8. 14.,8:53:00,10,야탑,왕십리,0,0,1,1,0,1,0,,0,0,1,0,0,0,0,0,1,0,0,1,0,0,0,0,0,0
2019. 8. 14.,8:56:00,10,강남구청,왕십리,1,0,0,0,1,,,3,,,,,,,,,,,,,,,,,,
2019. 8. 14.,8:59:00,10,압구정로데오,왕십리,1,0,0,0,1,,,2,,,,,,,,,,,,,,,,,,
2019. 8. 14.,9:10:00,5,왕십리,공덕,0,1,0,1,0,1,0,,0,0,1,0,0,0,0,0,1,0,0,0,0,0,0,0,0,0
2019. 8. 14.,9:10:00,5,왕십리,공덕,0,1,0,1,0,1,0,,0,0,1,0,0,0,0,1,0,0,0,0,0,0,1,0,0,0
2019. 8. 14.,9:20:00,5,을지로4가,공덕,1,0,0,0,1,,,6,,,,,,,,,,,,,,,,,,
2019. 8. 14.,9:26:00,5,광화문,공덕,1,0,0,0,1,,,4,,,,,,,,,,,,,,,,,,
2019. 8. 14.,9:23:00,6,불광,합정,1,0,0,0,1,,,4,,,,,,,,,,,,,,,,,,
2019. 8. 14.,9:23:00,6,불광,응암,1,0,0,0,1,,,4,,,,,,,,,,,,,,,,,,
2019. 8. 14.,9:36:00,6,응암,새절,1,0,0,0,0,0,1,,0,0,1,0,0,0,0,0,1,0,0,0,0,0,0,0,0,0
2019. 8. 14.,9:43:00,6,새절,합정,0,1,0,0,1,,,6,,,,,,,,,,,,,,,,,,
2019. 8. 14.,9:48:00,6,합정,광흥창,0,1,0,0,0,1,0,,0,0,0,1,0,0,0,0,0,1,0,0,0,0,0,0,0,0
2019. 8. 14.,9:50:00,6,광흥창,공덕,0,1,0,0,1,,,2,,,,,,,,,,,,,,,,,,
2019. 8. 14.,8:00:00,1,병점,신길,1,0,0,0,0,0,1,,0,0,1,0,0,0,0,1,1,0,0,1,0,0,0,0,0,0
2019. 8. 14.,8:00:00,1,병점,수원,1,0,0,0,1,,,2,,,,,,,,,,,,,,,,,,
2019. 8. 14.,8:09:00,1,병점,신길,0,1,0,0,0,1,0,,0,0,0,1,0,0,0,0,1,0,0,0,0,0,0,0,0,0
2019. 8. 14.,8:37:00,1,수원,신길,1,0,0,0,0,1,0,,0,0,0,1,0,0,0,0,0,0,1,0,0,0,0,0,0,0
2019. 8. 14.,8:37:00,1,수원,성균관대,1,0,0,0,1,,,2,,,,,,,,,,,,,,,,,,
2019. 8. 14.,8:43:00,1,수원,신길,0,1,0,0,0,1,0,,0,0,1,0,0,0,0,1,1,0,0,0,0,0,0,0,0,0
2019. 8. 14.,8:52:00,1,병점,신길,0,1,0,0,0,0,1,,0,0,0,0,1,0,0,0,1,0,0,1,0,0,0,0,0,0
2019. 8. 14.,9:06:00,5,신길,공덕,0,0,1,1,0,1,0,,0,0,0,1,0,0,0,0,1,0,0,1,0,0,0,0,0,0
2019. 8. 14.,9:07:00,5,신길,공덕,0,0,1,1,0,1,0,,0,0,0,0,1,0,0,1,1,0,0,0,0,0,0,0,0,0
2019. 8. 14.,9:08:00,5,신길,공덕,0,0,1,0,0,1,0,,0,0,0,1,0,0,0,0,1,0,0,0,0,0,0,0,0,0
2019. 8. 14.,9:33:00,5,신길,공덕,0,0,1,1,0,1,0,,0,0,0,1,0,0,0,0,0,0,1,0,0,0,0,0,0,0
2019. 8. 14.,9:33:00,5,신길,공덕,0,0,1,1,0,1,0,,0,0,0,1,0,0,0,0,0,0,1,0,0,0,0,0,0,0
2019. 8. 14.,9:40:00,5,신길,공덕,0,0,1,1,0,1,0,,0,0,1,0,0,0,0,0,1,0,0,0,0,0,0,0,0,0
2019. 8. 14.,18:28:00,5,공덕,신길,0,0,1,1,1,,,4,,,,,,,,,,,,,,,,,,
2019. 8. 14.,18:28:00,5,공덕,신길,0,0,1,1,0,1,0,,0,0,1,0,0,0,0,0,0,0,0,0,0,0,0,0,0,0
2019. 8. 14.,18:47:00,1,신길,병점,0,0,1,0,0,0,1,,0,0,0,1,0,0,0,1,0,1,0,0,0,0,0,0,0,0
2019. 8. 14.,18:48:00,1,신길,병점,0,0,1,0,0,0,1,,0,0,0,1,0,0,0,0,1,0,0,0,0,0,0,0,0,0
2019. 8. 14.,18:47:00,1,신길,수원,0,0,1,1,0,1,0,,0,0,1,0,0,0,0,1,1,0,0,0,0,0,0,0,0,0
2019. 8. 14.,18:47:00,1,신길,수원,0,0,1,1,0,1,0,,0,0,1,0,0,0,0,1,1,0,0,0,0,0,0,0,0,0
2019. 8. 14.,18:26:00,5,공덕,신길,0,0,1,1,1,,,4,,,,,,,,,,,,,,,,,,
2019. 8. 14.,18:51:00,1,신길,병점,0,0,1,0,0,1,0,,0,0,0,1,0,0,0,1,1,0,0,0,0,0,0,0,0,0
2019. 8. 14.,19:06:00,1,신길,병점,0,0,1,1,0,0,1,,0,0,1,0,0,0,0,1,0,0,1,1,0,0,0,0,0,0
2019. 8. 14.,19:14:00,1,신길,병점,0,0,1,1,0,1,0,,0,0,1,0,0,0,0,0,1,0,0,1,0,0,0,0,0,0
2019. 8. 14.,19:16:00,1,신길,수원,0,0,1,1,0,1,0,,0,0,0,1,0,0,0,0,1,0,0,0,0,0,0,0,0,0
2019. 8. 14.,19:29:00,1,화서,병점,1,0,0,0,1,,,3,,,,,,,,,,,,,,,,,,
2019. 8. 14.,19:35:00,1,화서,수원,1,0,0,0,1,,,1,,,,,,,,,,,,,,,,,,
2019. 8. 14.,19:35:00,1,수원,병점,1,0,0,0,1,,,2,,,,,,,,,,,,,,,,,,
2019. 8. 14.,18:23:00,5,공덕,애오개,0,0,1,1,1,,,1,,,,,,,,,,,,,,,,,,
2019. 8. 14.,18:23:00,5,공덕,왕십리,0,0,1,1,0,1,0,,0,0,0,0,1,0,0,0,0,1,0,0,0,0,0,0,0,0
2019. 8. 14.,18:26:00,5,공덕,왕십리,0,0,1,1,0,0,1,,0,0,0,0,1,0,0,0,0,1,0,0,0,0,0,0,0,0
2019. 8. 14.,18:26:00,5,충정로,왕십리,0,0,1,1,1,,,9,,,,,,,,,,,,,,,,,,
2019. 8. 14.,18:54:00,10,왕십리,도곡,0,0,1,1,1,,,7,,,,,,,,,,,,,,,,,,
2019. 8. 14.,19:04:00,10,강남구청,도곡,0,0,1,1,1,,,4,,,,,,,,,,,,,,,,,,
2019. 8. 14.,19:10:00,10,왕십리,야탑,0,0,1,1,0,1,0,,0,0,1,0,0,0,0,0,0,0,0,1,0,0,0,0,0,0
2019. 8. 14.,19:10:00,10,왕십리,야탑,0,0,1,1,0,1,0,,0,0,0,1,0,0,0,0,0,0,0,0,0,0,1,0,0,0
2019. 8. 14.,19:26:00,10,태평,모란,0,0,1,1,1,,,1,,,,,,,,,,,,,,,,,,
2019. 8. 14.,19:29:00,10,왕십리,야탑,0,0,1,1,0,0,1,,0,0,0,1,0,0,0,0,0,0,1,0,0,0,0,0,0,0
2019. 8. 14.,18:48:00,6,공덕,합정,0,1,0,1,0,1,0,,1,0,0,0,0,0,0,0,1,0,0,0,0,0,0,0,0,0
2019. 8. 14.,18:48:00,6,공덕,합정,0,1,0,1,0,0,1,,0,0,0,1,0,0,0,1,1,0,0,0,0,0,0,0,0,0
2019. 8. 14.,18:56:00,6,합정,증산,0,1,0,0,0,1,0,,0,0,0,1,0,0,0,0,1,0,0,0,0,0,0,0,0,0
2019. 8. 14.,18:56:00,6,합정,증산,0,1,0,0,0,1,0,,0,0,0,0,1,0,0,1,0,1,0,0,0,0,0,0,0,0
2019. 8. 14.,19:12:00,6,새절,불광,1,0,0,0,1,,,3,,,,,,,,,,,,,,,,,,
2019. 8. 14.,19:12:00,6,증산,불광,1,0,0,0,1,,,4,,,,,,,,,,,,,,,,,,
2019. 8. 14.,8:27:00,7,신중동,온수,0,1,0,1,0,1,0,,0,0,1,0,0,0,0,1,1,0,0,0,0,0,0,0,0,0
2019. 8. 14.,8:27:00,7,신중동,온수,0,1,0,1,0,1,0,,0,0,0,0,1,0,0,1,0,0,1,0,0,0,0,0,0,0
2019. 8. 14.,8:40:00,1,온수,신길,0,0,1,1,0,1,0,,0,0,1,0,0,0,0,0,0,0,1,0,0,0,0,0,0,0
2019. 8. 14.,8:40:00,1,온수,신길,0,0,1,1,0,1,0,,0,0,0,0,1,0,0,1,0,0,0,0,0,0,1,0,0,0
2019. 8. 14.,9:03:00,5,신길,공덕,0,1,0,1,0,1,0,,0,0,0,0,1,0,0,1,0,1,0,0,0,0,0,0,0,0
2019. 8. 14.,9:03:00,5,신길,공덕,0,1,0,1,0,1,0,,0,0,1,0,0,0,0,1,1,0,0,0,0,0,0,0,0,0
2019. 8. 14.,9:06:00,5,신길,공덕,0,1,0,1,0,1,0,,0,0,0,0,1,0,0,1,0,1,0,0,0,0,0,0,0,0
2019. 8. 14.,9:08:00,5,신길,공덕,0,1,0,1,0,1,0,,0,0,1,0,0,0,0,1,1,0,0,0,0,0,0,0,0,0
2019. 8. 14.,18:22:00,5,공덕,신길,0,0,1,1,0,1,0,,0,0,1,0,0,0,0,1,1,0,0,0,0,0,0,0,0,0
2019. 8. 14.,18:22:00,5,공덕,여의도,0,0,1,1,1,,,3,,,,,,,,,,,,,,,,,,
2019. 8. 14.,18:30:00,5,공덕,신길,0,0,1,1,0,1,0,,0,0,1,0,0,0,0,0,1,0,0,0,0,0,0,0,0,0
2019. 8. 14.,18:43:00,1,신길,온수,0,0,1,1,0,0,1,,0,0,1,0,0,0,0,1,0,0,1,0,0,0,0,0,0,0
2019. 8. 14.,18:43:00,1,신길,온수,0,0,1,1,0,1,0,,0,0,0,0,1,0,0,1,0,0,1,0,0,0,0,0,0,0
2019. 8. 14.,19:06:00,7,온수,신중동,0,0,1,1,0,1,0,,0,0,0,1,0,0,0,1,0,0,1,0,0,0,0,0,0,0
2019. 8. 14.,19:06:00,7,온수,신중동,0,0,1,1,0,1,0,,0,0,1,0,0,0,0,1,0,0,1,0,0,0,0,0,0,0
2019. 8. 15.,12:30:00,2,잠실,잠실새내,0,1,0,0,1,,,,,,,,,,,,,,,,,,,,,
2019. 8. 15.,12:30:00,2,잠실,선릉,0,1,0,0,0,1,0,,0,0,0,1,0,0,0,0,0,1,0,0,0,0,0,0,0,0
2019. 8. 15.,12:32:00,2,잠실새내,역삼,0,1,0,0,0,1,0,,0,0,1,0,0,0,0,0,1,0,0,0,0,0,0,0,0,0
2019. 8. 15.,12:38:00,2,선릉,역삼,0,1,0,0,0,1,0,,0,0,0,1,0,0,0,0,0,0,0,0,0,0,0,0,0,0
2019. 8. 15.,19:16:00,2,역삼,잠실새내,0,1,0,0,1,,,,,,,,,,,,,,,,,,,,,
2019. 8. 15.,19:16:00,2,역삼,잠실,0,1,0,0,1,,,,,,,,,,,,,,,,,,,,,
2019. 8. 15.,19:24:00,2,잠실새내,잠실,0,1,0,0,0,1,0,,0,0,0,1,0,0,0,0,0,1,0,0,0,0,0,0,0,0
2019. 8. 15.,14:39:00,1,중동,동암,1,0,0,0,1,,,5,,,,,,,,,,,,,,,,,,
2019. 8. 15.,14:39:00,1,중동,주안,1,0,0,0,0,1,0,,0,0,0,0,1,0,0,1,0,0,0,0,1,0,0,0,0,0
2019. 8. 15.,14:52:00,1,중동,주안,1,0,0,0,0,1,0,,0,0,0,0,1,0,0,0,0,1,0,0,0,0,0,0,0,0
2019. 8. 16.,8:23:00,1,수원,신길,0,0,1,1,0,1,0,,0,0,0,1,0,0,0,1,0,0,1,0,0,0,0,0,0,0
2019. 8. 16.,8:23:00,1,수원,신길,0,0,1,1,0,0,1,,0,0,0,1,0,0,0,1,1,0,0,0,0,0,0,0,0,0
2019. 8. 16.,8:16:00,1,병점,수원,1,0,0,0,1,,,2,,,,,,,,,,,,,,,,,,
2019. 8. 16.,8:16:00,1,병점,수원,1,0,0,0,1,,,2,,,,,,,,,,,,,,,,,,
2019. 8. 16.,8:28:00,1,병점,신길,0,1,0,0,0,0,1,,0,0,1,0,0,0,0,0,1,0,0,1,0,0,0,0,0,0
2019. 8. 16.,9:10:00,1,수원,신길,0,0,1,1,0,1,0,,0,0,1,0,0,1,1,1,1,0,0,1,0,0,0,0,0,0
2019. 8. 16.,9:10:00,1,수원,신길,0,0,1,1,0,1,0,,0,0,0,1,0,0,0,1,0,0,0,0,0,0,1,0,0,0
2019. 8. 16.,9:18:00,5,신길,공덕,0,0,1,1,0,1,0,,0,0,1,0,0,0,0,0,0,0,1,0,0,0,0,0,0,0
2019. 8. 16.,9:18:00,5,신길,공덕,0,0,1,1,0,1,0,,0,0,0,0,1,0,0,0,1,0,0,0,0,0,0,0,0,0
2019. 8. 16.,9:12:00,1,병점,신길,0,0,1,1,0,1,0,,0,0,1,0,0,0,0,0,0,0,1,0,0,0,0,0,0,0
2019. 8. 16.,9:25:00,5,신길,공덕,0,1,0,0,0,1,0,,0,0,0,1,0,0,0,1,1,0,0,0,0,0,0,0,1,0
2019. 8. 16.,9:25:00,5,신길,공덕,0,1,0,0,0,1,0,,0,0,0,1,0,0,0,1,1,0,0,1,0,0,0,0,0,0
2019. 8. 16.,9:38:00,5,신길,공덕,0,1,0,0,0,0,1,,0,0,0,0,1,0,0,1,0,1,0,0,0,0,0,0,0,0
2019. 8. 16.,17:57:00,5,공덕,신길,0,0,1,0,0,0,1,,1,0,0,0,0,0,0,0,0,0,0,0,1,0,0,0,0,0
2019. 8. 16.,17:57:00,5,공덕,신길,0,0,1,0,0,1,0,,0,0,1,0,0,0,0,1,1,0,0,0,0,0,0,0,0,0
2019. 8. 16.,17:58:00,5,공덕,여의도,0,0,1,0,1,,,3,,,,,,,,,,,,,,,,,,
2019. 8. 16.,18:02:00,5,공덕,신길,0,0,1,0,0,1,0,,0,0,1,0,0,0,1,1,1,0,0,0,0,0,0,0,0,0
2019. 8. 16.,18:14:00,1,신길,금정,0,0,1,1,1,,,11,,,,,,,,,,,,,,,,,,
2019. 8. 16.,18:14:00,1,공덕,병점,0,1,0,0,0,1,0,,0,0,1,0,0,0,0,1,1,0,0,1,0,0,0,0,0,0
2019. 8. 16.,18:14:00,1,신길,수원,0,0,1,1,0,1,0,,0,0,0,0,1,0,0,0,0,0,1,0,0,0,0,0,0,0
2019. 8. 16.,18:16:00,1,신길,병점,0,1,0,0,0,1,0,,0,0,0,0,1,0,0,1,0,0,1,0,0,0,0,0,0,0
2019. 8. 16.,18:16:00,1,영등포,안양,0,0,1,0,1,,,8,,,,,,,,,,,,,,,,,,
2019. 8. 16.,18:38:00,1,신길,수원,0,0,1,1,0,1,0,,0,0,0,0,1,0,0,1,0,1,0,0,0,0,0,0,0,0
2019. 8. 16.,18:42:00,1,명학,의왕,0,0,1,1,1,,,4,,,,,,,,,,,,,,,,,,
2019. 8. 16.,18:44:00,1,신길,수원,0,0,1,1,0,0,1,,0,1,0,0,0,0,0,0,1,0,0,0,0,0,0,0,0,0
2019. 8. 16.,18:45:00,1,신길,병점,0,1,0,0,0,0,1,,0,0,0,0,1,0,0,0,0,1,0,0,0,0,0,0,0,0
2019. 8. 16.,18:50:00,1,당정,수원,0,1,0,0,1,,,4,,,,,,,,,,,,,,,,,,
2019. 8. 16.,18:55:00,1,신길,수원,0,1,0,0,0,0,1,,0,0,0,1,0,0,0,1,1,0,0,0,0,0,0,0,0,0
2019. 8. 16.,18:59:00,1,화서,수원,1,0,0,0,1,,,1,,,,,,,,,,,,,,,,,,
2019. 8. 16.,21:03:00,6,공덕,합정,1,0,0,1,0,0,1,,0,0,0,1,0,0,0,0,1,0,0,0,0,0,0,0,0,0
2019. 8. 16.,21:03:00,6,공덕,합정,1,0,0,1,1,,,4,,,,,,,,,,,,,,,,,,
2019. 8. 16.,21:11:00,6,합정,마포구청,0,1,0,1,1,,,2,,,,,,,,,,,,,,,,,,
2019. 8. 16.,21:14:00,6,마포구청,불광,0,1,0,1,1,,,7,,,,,,,,,,,,,,,,,,
2019. 8. 16.,21:14:00,6,마포구청,불광,0,1,0,1,0,1,0,,0,0,0,1,0,0,0,0,0,0,0,0,0,1,0,0,0,0
2019. 8. 16.,9:16:00,6,화랑대,신당,1,0,0,0,0,1,0,,0,0,1,0,0,1,1,0,1,0,0,0,0,0,0,0,0,0
2019. 8. 16.,9:16:00,6,화랑대,태릉입구,1,0,0,0,1,,,1,,,,,,,,,,,,,,,,,,
2019. 8. 16.,9:19:00,6,태릉입구,보문,0,1,0,1,0,0,1,,0,0,1,0,0,0,0,0,1,0,0,0,0,0,0,0,0,0
2019. 8. 16.,9:30:00,6,보문,창신,0,0,1,1,1,,,1,,,,,,,,,,,,,,,,,,
2019. 8. 16.,9:31:00,6,창신,이태원,0,0,1,0,0,1,0,,1,0,0,0,0,0,0,0,1,0,0,0,0,0,0,0,0,0
2019. 8. 16.,9:35:00,6,신당,약수,0,1,0,0,0,0,1,,0,0,0,1,0,0,0,1,0,1,0,0,0,0,0,0,0,0
2019. 8. 16.,9:38:00,6,약수,공덕,0,1,0,0,1,,,7,,,,,,,,,,,,,,,,,,
2019. 8. 16.,9:44:00,6,이태원,삼각지,1,0,0,0,1,,,2,,,,,,,,,,,,,,,,,,
2019. 8. 16.,9:48:00,6,삼각지,공덕,1,0,0,0,0,1,0,,0,0,0,1,0,0,0,0,0,1,0,0,0,0,0,0,0,0
2019. 8. 16.,17:57:00,6,공덕,한강진,0,1,0,0,0,1,0,,0,0,1,0,0,0,0,0,1,0,0,0,0,0,0,0,0,0
2019. 8. 16.,17:58:00,6,공덕,삼각지,0,1,0,0,0,1,0,,0,0,0,1,0,0,0,0,1,1,0,0,0,0,0,0,0,0
2019. 8. 16.,18:01:00,6,삼각지,화랑대,0,1,0,0,1,,,18,,,,,,,,,,,,,,,,,,
2019. 8. 16.,18:07:00,6,한강진,청구,0,1,0,0,1,,,3,,,,,,,,,,,,,,,,,,
2019. 8. 16.,18:12:00,6,청구,동묘앞,0,0,1,0,0,1,0,,0,0,0,1,0,0,0,0,1,0,0,0,0,0,0,0,0,0
2019. 8. 16.,18:15:00,6,동묘앞,돌곶이,0,0,1,0,0,1,0,,0,0,0,1,0,0,0,1,1,0,0,0,0,0,0,0,0,0
2019. 8. 16.,18:26:00,6,돌곶이,석계,1,0,0,0,1,,,1,,,,,,,,,,,,,,,,,,
2019. 8. 16.,18:28:00,6,석계,화랑대,0,1,0,0,0,1,0,,0,0,0,1,0,0,0,0,1,0,0,0,0,0,0,0,0,0
2019. 8. 16.,8:39:00,7,신중동,온수,1,0,0,0,0,1,0,,0,0,1,0,0,0,0,0,0,0,0,0,0,0,0,1,0,0
2019. 8. 16.,8:39:00,7,신중동,온수,1,0,0,0,0,1,0,,0,0,1,0,0,0,0,1,1,0,0,0,0,0,0,0,0,0
2019. 8. 16.,8:55:00,1,온수,신길,0,1,0,1,0,1,0,,0,0,0,0,1,0,0,0,0,0,1,0,0,0,0,0,0,0
2019. 8. 16.,8:55:00,1,온수,신길,0,1,0,1,0,0,1,,0,0,0,1,0,0,0,0,1,0,0,0,0,0,0,0,0,0
2019. 8. 16.,9:09:00,1,영등포,신길,0,1,0,1,1,,,1,,,,,,,,,,,,,,,,,,
2019. 8. 16.,9:17:00,5,신길,공덕,0,1,0,0,0,1,0,,0,0,1,0,0,0,0,0,1,0,0,0,0,0,0,0,0,0
2019. 8. 16.,9:17:00,5,신길,공덕,0,1,0,0,0,1,0,,0,0,0,0,1,0,0,1,1,0,0,0,0,0,0,0,0,0
2019. 8. 16.,18:00:00,5,공덕,신길,0,1,0,0,0,1,0,,0,0,1,0,0,0,0,1,1,0,0,0,0,0,0,0,0,0
2019. 8. 16.,18:00:00,5,공덕,신길,0,1,0,0,1,,,4,,,,,,,,,,,,,,,,,,
2019. 8. 16.,18:16:00,1,신길,온수,0,0,1,1,0,1,0,,0,0,0,0,1,0,0,1,0,0,1,0,0,0,0,0,0,0
2019. 8. 16.,18:16:00,1,신길,온수,0,0,1,1,0,1,0,,0,0,1,0,0,0,0,1,1,0,0,0,0,0,0,0,0,0
2019. 8. 16.,18:29:00,1,신길,온수,0,0,1,1,0,1,0,,0,0,1,0,0,0,0,1,1,0,0,0,0,0,0,0,0,0
2019. 8. 16.,18:40:00,7,온수,신중동,0,0,1,1,0,1,0,,0,0,1,0,0,0,0,0,1,0,0,0,0,0,0,0,0,0
2019. 8. 16.,18:40:00,7,온수,신중동,0,0,1,1,0,0,1,,0,0,0,1,0,0,0,1,0,0,1,0,0,0,0,0,0,0