기록자 정보,,,,,,,,지하철 현황,,탑승자 정보,,,,,,,,,
날짜,기록 시간,기록자,호선,탑승역,하차역,지나온 역 수,시간,붐빔 정도,노약자석 빈자리 여부,성별,비어있었던 역 수,연령대,뱃지 여부,임산부 여부,무거운 짐 여부,행동,기타 특이사항,짐 종류,
07/31,19:10,재민,5,공덕,여의도,3,6,N,,여,,중년,X,X,O,"이어폰, 핸드폰",,"쇼핑백, 장우산","붐빔 여부 
- F (Full) : 열차 칸에 서있는 사람이 20명 초과인 경우
- N (Normal) : 좌석이 꽉차고 열차 칸에 서있는 사람이 20명 이하인 경우
- E (Empty) : 남은 좌석이 있는 경우

연령대
- ~13살: 어린이
- 14~19살: 청소년
- 20, 30대: 청년
- 65세 이전 : 중년
- 65세 이후 : 노년


일단 짐은 전부다 적고, 단비는 무신사를 기준으로 짐 분류를 좀 하세요
비어있는 구간은 한 행으로 추가해서 할 것( 재민님 행 확인 )


지하철 호선 드롭다운 목록 추가(1~9, 10, 11)

함수 추가
1. 만약 성별이 남자라면 임산부배지 항목 자동으로 X, 여자일 경우는 OX 추가 입력
2. 만약 임산부배지 항목에서 X를 선택했다면 임산부여부는 자동으로 X
 ** 만약 임산부 배지 X인데 임산부여부가 O일 경우에는 임산부여부를 수동으로 고쳐줘야 합니다.(지금까지의 데이터는 변동 없이 반영되어있음. 이후 데이터 쌓을 때만 유의하면 됩니다.)"
07/31,19:21,재민,9,여의도,신논현,10,20,F,,여,,중년,X,X,X,핸드폰,임산부석 비워달라는 방송이 나왔으나 아랑곳하지 않음,,
07/31,19:28,재민,9,여의도,신논현,10,,F,,여,,청년,X,X,X,핸드폰,,,
07/31,19:32,재민,9,여의도,신논현,10,,F,,여,,청년,X,O,X,핸드폰,,,
07/31,22:38,재민,10,선정릉,야탑,12,24,F,,여,,청년,O,O,X,"핸드폰, 대화",,,
07/31,22:42,재민,10,선정릉,야탑,12,,F,,남,,중년,X,X,X,핸드폰,,,
07/31,18:30,보민,6,공덕,화랑대,20,40,N,,여,,중년,X,X,X,,옆자리가 나자 옮겨앉음,,
07/31,18:30,보민,6,공덕,화랑대,20,,N,,여,,청년,X,X,X,핸드폰,,,
07/31,18:30,보민,6,공덕,화랑대,20,,N,,여,,중년,X,X,X,핸드폰,,,
07/31,18:30,보민,6,공덕,화랑대,20,,N,,여,,중년,X,X,X,,금방 내림,,
07/31,18:30,보민,6,공덕,화랑대,20,,N,,남,,노년,X,X,X,,두자리에 걸터앉음. 지팡이,,
07/31,18:47,단비,5,공덕,신길,4,8,F,,여,,청년,X,X,X,"이어폰, 핸드폰",,크로스백 작은거,
07/31,18:47,단비,5,공덕,신길,4,,F,,여,,중년,X,X,O,"이어폰, 잠",,보스턴 백,
07/31,19:05,단비,1,신길,온수,7,14,N,X,여,,중년,X,X,O,멍,,보스턴 백,
07/31,19:05,단비,1,신길,온수,7,,N,X,남,,청년,X,X,X,"이어폰, 핸드폰",,클러치,
07/31,19:15,단비,1,신길,온수,7,,N,X,남,,노년,X,X,X,멍,,"크로스백, 종이가방 (파리바게트 (소) 크기",
07/31,19:19,단비,1,개봉,온수,2,,N,X,비었음,2,,,,,,,,
07/31,19:27,단비,7,온수,신중동,4,8,F,X,여,,청년,X,X,X,"이어폰, 핸드폰",,크로스백,
07/31,19:27,단비,7,온수,신중동,4,,F,X,여,,청년,X,X,O,핸드폰 게임,,에코백,
08/01,13:27,한솔,2,신림,신도림,4,8,E,O,여,,중년,X,X,X,이어폰,일반석이 비어있음에도 불구하고 임산부석 착석,,
08/01,13:27,한솔,2,신림,신도림,4,,E,O,여,,청년,O,O,X,핸드폰,,,
08/01,13:43,한솔,1,신도림,병점,17,34,F,X,남,,노년,X,X,X,X,정신지체장애가 있는듯했음,,
08/01,13:43,한솔,1,신도림,병점,17,,F,X,여,,청년,X,O,X,핸드폰,,,
08/01,11:20,재민,10,야탑,강남구청,13,26,F,X,여,,중년,X,X,X,멍,,"양산, 큰 비닐봉지",
08/01,11:20,재민,10,야탑,강남구청,13,,F,X,여,,청년,X,X,X,잠,,,
08/01,11:30,재민,10,야탑,강남구청,13,,F,X,여,,어린이,X,X,X,멍,,,
08/01,11:44,재민,10,야탑,강남구청,13,,F,X,여,,중년,X,X,X,대화,4인가족 나란히 앉음,,
08/01,11:53,재민,7,강남구청,중계,16,32,F,X,여,,중년,X,X,O,핸드폰,,큰 쇼핑백,
08/01,11:53,재민,7,강남구청,중계,16,,F,X,여,,중년,X,X,X,핸드폰,일반석이 빌 때마다 옮기려는 움직임,,
08/01,12:01,재민,7,강남구청,중계,16,,F,X,남,,노년,X,X,X,멍,,,
08/01,12:10,재민,7,용마산,사가정,1,2,F,X,비었음,1,,,,,,,,
08/01,12:11,재민,7,강남구청,중계,16,,F,X,여,,중년,X,X,X,대화,,,
08/01,12:16,재민,7,상봉,중계,6,,N,X,비었음,6,,,,,,,,
08/01,12:21,재민,7,태릉입구,중계,3,,N,X,비었음,3,,,,,,,,
08/01,21:50,재민,7,태릉입구,강남구청,13,,E,O,여,,청년,X,X,X,핸드폰,외국인,,
08/01,21:50,재민,7,태릉입구,면목,4,,E,O,비었음,4,,,,,,,,
08/01,21:59,재민,7,태릉입구,강남구청,13,26,E,O,여,,중년,X,X,X,잠,,,
08/01,12:12,단비,7,신중동,이수,18,36,N,O,남,,노년,X,X,X,잠,우산 하나만 들고 계심,,
08/01,12:12,단비,7,신중동,이수,18,,N,O,여,,청년,X,X,X,잠,,,
08/01,12:31,단비,7,신중동,이수,18,,N,O,여,,중년,X,X,X,핸드폰,,,
08/01,12:42,단비,7,신중동,이수,18,,N,O,여,,청년,X,X,X,화장,,파우치,
08/01,22:51,단비,7,대림,신중동,10,20,F,X,여,,청년,X,X,X,핸드폰,,악기 및 에코백,
08/01,22:51,단비,7,대림,신중동,10,,F,X,여,,중년,X,X,X,잠,,크로스백,
08/01,23:02,단비,7,대림,신중동,10,,F,X,남,,청년,X,X,X,잠,,백팩,
08/02,8:29,한솔,1,병점,신길,19,38,N,O,남,,노년,X,X,X,X,,,
08/02,8:29,한솔,1,병점,신길,19,,N,O,남,,청년,X,X,X,X,외국인,,
08/02,8:47,한솔,1,병점,신길,19,,N,O,여,,청년,X,X,X,핸드폰,,,
08/02,8:59,한솔,1,병점,신길,19,,F,X,여,,청년,X,X,X,핸드폰,,,
08/02,9:03,한솔,1,병점,신길,19,,N,O,여,,청년,X,X,X,아이와 대화,어린이랑 같이 앉음,,
08/02,9:26,한솔,5,신길,공덕,4,8,F,X,여,,중년,X,X,X,잠,,,
08/02,9:26,한솔,5,신길,공덕,4,,F,X,여,,중년,X,X,X,"잠, 이어폰",,,
08/02,8:23,미현,1,수원,영등포,16,32,F,O,여,,노년,X,X,X,잠,심지어 내리실 때 다른 할머니께 자리를 앉으라고 권유,,
08/02,8:23,미현,1,수원,영등포,16,,F,O,여,,노년,X,X,X,핸드폰,,,
08/02,8:50,미현,1,수원,영등포,16,,F,O,남,,중년,X,X,X,핸드폰,,,
08/02,9:01,미현,1,영등포,신길,1,,N,O,남,,청년,X,X,X,잠,,,
08/02,9:01,미현,1,영등포,신길,1,,N,O,여,,노년,X,X,X,잠,,,
08/02,9:11,미현,5,신길,공덕,4,8,F,O,여,,청년,X,X,X,잠,,,
08/02,9:00,보민,6,화랑대,공덕,20,40,N,X,여,,중년,X,X,X,핸드폰,,,
08/02,9:00,보민,6,화랑대,공덕,20,,N,X,여,,청년,X,X,X,잠,,,
08/02,9:00,보민,6,화랑대,공덕,20,,N,X,여,,중년,X,X,X,핸드폰,빈자리였고 앞에 사람이 서있는데도 앉음,,
08/02,9:00,보민,6,화랑대,공덕,20,,N,O,여,,중년,X,X,X,핸드폰,같은 줄에 빈자리가 생겼는데도 계속 앉아있음,,
08/02,8:47,단비,7,신중동,온수,4,8,F,X,여,,청년,X,X,O,공부,,메신저백,
08/02,8:47,단비,7,신중동,온수,4,,F,X,남,,청년,X,X,X,"이어폰, 잠",,힙색,
08/02,9:02,단비,1,온수,신길,7,14,N,O,여,,중년,X,X,O,"이어폰, 핸드폰",,보스턴백,
08/02,9:02,단비,1,온수,신길,7,,N,O,남,,어린이,X,X,X,대화,,X,
08/02,9:02,단비,1,온수,신길,7,,N,O,여,,어린이,X,X,X,대화,,X,
08/02,9:25,단비,5,신길,공덕,4,8,N,X,여,,노년,X,X,X,독서,,"크로스백, 비닐봉지(소)",
08/02,9:25,단비,5,신길,공덕,4,,N,X,여,,중년,X,X,O,핸드폰,,보스턴백,
08/02,8:32,재민,10,야탑,왕십리,16,32,F,X,여,,중년,X,X,X,잠,,,
08/02,8:32,재민,10,야탑,왕십리,16,,F,X,여,,중년,X,X,O,잠,,가방 3개,
08/02,8:36,재민,10,야탑,왕십리,16,,F,X,여,,청년,X,X,O,"이어폰, 핸드폰(영상시청)",,,
08/02,8:41,재민,10,야탑,왕십리,16,,F,X,여,,청년,X,X,O,멍,,쇼핑백,
08/02,9:00,재민,10,강남구청,왕십리,3,,E,O,비었음,3,,,,,,,,
08/02,9:00,재민,10,강남구청,왕십리,3,,E,O,비었음,3,,,,,,,,
08/02,9:19,재민,5,왕십리,공덕,11,22,E,X,여,,청년,X,O,X,핸드폰,,,
08/02,9:19,재민,5,왕십리,공덕,11,,E,X,비었음,11,,,,,,,,
08/02,17:29,미현,5,공덕,신길,4,8,F,X,남,,중년,X,X,X,핸드폰,,손바닥 세 개 사이즈의 가방,
08/02,17:29,미현,5,공덕,신길,4,,F,X,비었음,4,,,,,,,,
08/02,17:48,미현,1,신길,수원,17,34,F,X,여,,노년,X,X,X,잠,,핸드백,
08/02,17:48,미현,1,신길,수원,17,,F,X,여,,노년,X,X,X,핸드폰,,손바닥 세 개 사이즈 가방,
08/02,18:21,미현,1,신길,수원,17,,F,X,여,,청년,X,X,X,핸드폰,,,
08/02,18:30,미현,1,신길,수원,17,,F,X,여,,중년,X,X,X,핸드폰,,,
08/02,17:52,한솔,1,신길,영등포,1,,E,O,비었음,1,,,,,,,,
08/02,17:52,한솔,1,신길,신도림,2,,E,O,비었음,2,,,,,,,,
08/02,17:57,한솔,1,신길,병점,19,38,E,O,남,,노년,X,X,X,멍,,많이 비어보이는 백팩,
08/02,17:59,한솔,1,신길,병점,19,,N,O,남,,청년,X,X,O,핸드폰,,내려 놓을 때 둔탁한 소리가 나는 무거운듯한 백팩,
08/02,18:18,한솔,1,신길,병점,19,,N,O,여,,중년,X,X,O,핸드폰,,에코백,
08/02,18:22,한솔,1,신길,병점,19,,N,O,여,,중년,X,X,O,핸드폰,,"에코백, 도트백",
08/02,18:27,한솔,1,금정,병점,8,,N,O,비었음,8,,,,,,,,
08/02,17:29,재민,5,공덕,왕십리,11,22,N,X,남,,중년,X,X,X,멍,,,
08/02,17:29,재민,5,공덕,왕십리,11,,N,X,여,,청년,X,X,X,대화,,,
08/02,17:30,재민,5,충정로,광화문,2,,N,X,비었음,2,,,,,,,,
08/02,17:35,재민,5,공덕,왕십리,11,,N,X,여,,청년,X,X,X,핸드폰,,,
08/02,17:38,재민,5,종로3가,동대문역사문화공원,2,,N,X,비었음,2,,,,,,,,
08/02,17:42,재민,5,공덕,왕십리,11,,N,X,여,,중년,X,X,X,핸드폰,,,
08/02,17:59,재민,10,왕십리,야탑,16,32,E,X,비었음,16,,,,,,,,
08/02,17:59,재민,10,왕십리,야탑,16,,E,X,비었음,16,,,,,,,,
08/02,18:20,현미,6,공덕,불광,13,26,F,X,여,,청년,X,X,X,핸드폰,,,
08/02,18:32,현미,6,공덕,응암,11,,F,X,남,,중년,X,X,X,멍,,검은 봉투 1개,
08/02,18:45,현미,6,응암,불광,2,,N,O,비었음,2,,,,,,,,
08/03,9:19,한솔,1,병점,종각,26,52,E,O,여,,노년,X,X,X,멍,,,
08/03,9:19,한솔,1,병점,종각,26,,E,O,여,,노년,X,X,X,멍,,비교적 작은 백팩,
08/03,9:24,한솔,1,의왕,종각,21,,E,O,비었음,21,,,,,,,,
08/03,10:01,한솔,1,구로,노량진,5,,E,O,비었음,5,,,,,,,,
08/03,10:13,한솔,1,병점 ,종각,26,,E,O,여,,노년,X,X,X,,,,
08/03,10:32,현미,6,불광,경복궁,5,10,F,X,여,,청년,X,O,X,핸드폰,,,
08/03,10:36,현미,6,불광,경복궁,5,,F,X,여,,중년,X,X,X,멍,,,
08/03,18:10,한솔,1,종각,병점,26,52,N,O,여,,중년,X,X,X,멍,,,
08/03,18:10,한솔,1,종각,병점,26,,N,O,여,,노년,X,X,X,멍,,,
08/03,18:19,한솔,1,종각,병점,26,,N,O,남,,노년,X,X,O,멍,,큰 이마트 백,
08/03,18:20,현미,6,경복궁,불광,5,10,N,O,비었음,,,,,,,,,
08/03,18:21,한솔,1,종각,병점,26,,F,X,여,,중년,X,X,X,핸드폰,,,
08/03,18:23,한솔,1,노량진,신길,2,,N,X,비었음,2,,,,,,,,
08/03,18:28,한솔,1,종각,병점,26,,N,O,여,,중년,X,X,X,핸드폰,,,
08/03,19:03,한솔,1,종각,병점,26,,N,O,여,,중년,X,X,O,핸드폰,,엄청엄청 큰 쇼핑백,
08/03,17:04,한솔,1,종각,병점,26,,N,O,여,,청년,X,X,X,핸드폰,,도트백,
08/03,19:29,미현,1,종각,수원,24,48,N,X,여,,중년,X,X,O,대화,두분이서 대화 나누심,끌고 다니는 시장 바구니와 그 위에 짐이 또 있음,
08/03,19:29,미현,1,종각,용산,4,,N,X,비었음,4,,,,,,,,
08/03,19:38,미현,1,종각,수원,24,,N,X,남,,청소년,X,X,O,핸드폰,엄마가 앉으라고 아들에게 권유 아들은 덥썩 앉음,백팩,
08/03,19:48,미현,1,종각,수원,24,,F,X,여,,청년,X,X,X,잠,,,
08/03,20:11,미현,1,종각,수원,24,,F,X,여,,중년,X,X,O,핸드폰,,"쇼핑백 두 개, 우산, 미니 크로스백",
08/03,20:11,미현,1,종각,수원,24,,F,X,남,,청년,X,X,O,핸드폰,,쇼퍼백,
08/03,20:28,미현,1,종각,수원,24,,F,X,남,,청년,X,X,O,멍,외국인,mlb 백팩,
08/03,20:29,미현,1,종각,수원,24,,F,X,남,,어린이,X,X,X,핸드폰,어린이 세 명이 두 자리에 나눠 앉음 그 앞에 부모님이 서계심,,
08/03,20:40,미현,1,종각,수원,24,,F,X,남,,청년,X,X,O,대화,외국인,쇼핑백 상체 사이즈,
08/03,20:40,미현,1,성균관대,수원,2,,F,X,비었음,2,,,,,,옆자리 중년 남성이 자신의 쇼핑백을 올려둠,,
08/03,9:42,재민,10,야탑,왕십리,16,32,N,X,남,,중년,X,X,O,핸드폰,,백팩,
08/03,9:54,재민,10,야탑,왕십리,16,,N,O,여,,청년,X,X,O,멍,,백팩,
08/03,9:54,재민,10,야탑,왕십리,16,,N,O,여,,중년,X,X,O,멍,,"큰 크로스백, 도시락가방(?)",
08/03,10:14,재민,10,압구정로데오,왕십리,2,,E,O,비었음,2,,,,,,,,
08/03,10:14,재민,10,압구정로데오,왕십리,2,,E,O,비었음,2,,,,,,,,
08/03,10:32,재민,5,왕십리,광화문,7,14,N,O,여,,중년,X,X,X,,,,
08/03,10:32,재민,5,왕십리,광화문,7,,N,O,여,,중년,X,X,X,,,,
08/03,18:06,재민,5,광화문,왕십리,7,,F,O,여,,중년,X,X,O,,,백팩,
08/03,18:06,재민,5,광화문,왕십리,7,,F,O,여,,청년,X,X,X,,,,
08/03,18:11,재민,5,광화문,왕십리,7,,F,O,여,,중년,X,X,O,,,에코백 빵빵함,
08/03,18:15,재민,5,광화문,왕십리,7,14,F,O,여,,노년,X,X,X,,,,
08/03,18:23,재민,10,왕십리,야탑,16,32,N,X,여,,청년,X,O,X,핸드폰,,,
08/03,18:23,재민,10,왕십리,가천대,13,,N,X,비었음,13,,,,,,옆에 앉은 여성분이 임산부석에 악기를 올려놓음,,
08/03,18:35,재민,10,왕십리,야탑,16,,F,X,남,,청년,X,X,X,핸드폰,,,
08/03,18:49,재민,10,왕십리,야탑,16,,F,X,여,,노년,X,X,X,잠,,,
08/03,19:01,재민,10,왕십리,야탑,16,,F,X,여,,노년,X,X,X,"핸드폰, 이어폰",,,
08/03,9:49,보민,6,화랑대,태릉입구,1,,N,O,비었음,1,,,,,,,,
08/03,9:49,보민,6,화랑대,돌곶이,3,,N,O,비었음,3,,,,,,,,
08/03,9:49,보민,6,석계,돌곶이,1,,N,O,비었음,1,,,,,,,,
08/03,9:50,보민,6,안암,창신,2,,N,O,비었음,2,,,,,,,,
08/03,9:50,보민,6,보문,창신,1,,N,O,비었음,1,,,,,,,,
08/03,9:50,보민,6,화랑대,청구,12,24,E,O,여,,노년,X,X,X,미어캣,다음에 바로 내림,,
08/03,9:50,보민,6,화랑대,청구,12,,E,O,여,,노년,X,X,O,전단지 정독,,소형 구루마,
08/03,9:50,보민,6,화랑대,청구,12,,N,O,남,,노년,X,X,X,부채질,옆자리 났는데 꿋꿋이 팔걸치고 앉아 있음,,
08/03,9:50,보민,6,화랑대,청구,12,,N,O,여,,노년,X,X,X,미어캣,뛰어와서 앉음,힙색,
08/03,9:50,보민,6,화랑대,청구,12,,N,O,여,,청년,X,X,X,멍,옆자리로 옮겨앉음,,
08/03,9:50,보민,6,화랑대,청구,12,,N,O,여,,청년,X,X,X,이어폰,,,
08/03,9:50,보민,6,화랑대,청구,12,,N,O,여,,어린이,X,X,X,이어폰,,크로스백,
08/03,10:13,보민,5,청구,광화문,4,8,E,O,여,,노년,X,X,X,묵주 돌리기,,핸드백,
08/03,10:13,보민,5,청구,광화문,4,,E,O,남,,노년,X,X,X,"봉에 팔 걸침, 미어캣",,,
08/03,10:20,보민,5,청구,광화문,4,,E,O,여,,중년,X,X,X,핸드폰,옆 자리에 앉아서 가방을 임산부석에 올려놓음,,
08/03,19:20,보민,5,광화문,청구,4,8,E,O,비었음,12,,,,,,,,
08/03,19:20,보민,6,청구,화랑대,12,24,E,O,비었음,12,,,,,,,,
08/03,19:30,보민,6,청구,화랑대,12,,E,O,남,,중년,X,X,X,통화,한쪽 다리로 임산부석에 걸터 앉음,일수가방,
08/03,18:03,단비,1,종각,온수,14,28,E,X,남,,노년,X,X,X,공부,,봉지(미니),
08/03,18:03,단비,1,종각,온수,14,,E,X,여,,중년,X,X,X,대화,,,
08/03,18:31,단비,1,구로,온수,4,,E,X,비었음,,,,,,,,,
08/03,18:43,단비,7,온수,신중동,4,8,E,X,비었음,,,,,,,,,
08/03,18:43,단비,7,온수,까치울,1,,E,X,비었음,1,,,,,,,,
08/03,18:46,단비,7,까치울,춘의,2,,E,X,여,,중년,X,X,X,잠,옆 자리가 비어서 춘의역부터는 일반석에 앉음,,
08/03,18:50,단비,7,춘의,신중동,1,,E,X,비었음,,,,,,,,,
08/05,8:27,한솔,1,병점,신길,19,38,F,O,남,,중년,X,X,O,핸드폰,,노트북 가방,
08/05,8:27,한솔,1,병점,신길,19,,F,O,여,,청년,O,O,X,"핸드폰, 이어폰",,,
08/03,8:36,미현,1,수원,신길,17,34,E,O,남,,중년,X,X,O,핸드폰,,백팩,
08/05,8:36,미현,1,수원,군포,5,,E,O,비었음,5,,,,,,,,
08/05,8:45,한솔,1,병점,수원,2,,F,X,남,,노년,X,X,X,핸드폰,,,
08/05,8:51,미현,1,수원,신길,17,34,N,O,남,,중년,X,X,X,멍,,크로스백,
08/05,8:53,미현,1,수원,신길,17,,N,O,여,,청년,X,X,O,핸드폰,,"에코백, 백팩",
08/05,8:53,미현,1,금정,안양,2,,N,O,비었음,2,,,,,,,,
08/05,9:00,한솔,1,병점,신길,19,,F,X,여,,노년,X,X,X,핸드폰,,핸드백,
08/05,9:00,미현,1,수원,신길,17,,F,X,여,,중년,X,X,X,멍,,핸드백,
08/05,9:08,한솔,1,병점,신길,19,,F,O,여,,중년,X,X,X,잠,,,
08/05,9:12,한솔,1,신도림,영등포,1,,F,O,비었음,1,,,,,,,,
08/05,9:13,미현,1,수원,신길,17,,F,X,여,,중년,X,X,X,핸드폰,,핸드백,
08/05,9:15,한솔,1,병점,신길,19,,F,O,남,,청년,X,X,O,,,백팩,
08/05,9:20,한솔,5,신길,공덕,4,8,F,X,남,,노년,X,X,O,,,에코백,
08/05,9:20,한솔,5,신길,공덕,4,,N,X,여,,중년,X,X,X,,,,
08/05,9:38,미현,5,신길,공덕,4,8,F,X,여,,노년,X,X,O,멍,,"백팩, 크로스백",
08/05,9:38,미현,5,신길,공덕,4,,F,X,여,,청년,X,X,X,핸드폰,,크로스백,
08/05,8:29,재민,10,야탑,왕십리,16,32,F,X,여,,청년,O,O,X,핸드폰,,,
08/05,8:29,재민,10,야탑,왕십리,16,,F,X,여,,노년,X,X,X,핸드폰,,,
08/05,8:38,재민,10,복정,수서,1,,F,X,비었음,1,,,,,,,,
08/05,8:40,재민,10,야탑,왕십리,16,,F,X,남,,청년,X,X,X,핸드폰 -> 잠,점점 일반석이 많이 나도 옮기지 않음,,
08/05,8:43,재민,10,야탑,왕십리,16,,F,X,여,,중년,X,X,X,음료마심,,,
08/05,8:59,재민,10,압구정로데오,왕십리,2,,E,O,비었음,2,,,,,,,,
08/05,9:13,재민,5,왕십리,공덕,11,22,E,O,여,,청년,X,X,X,핸드폰,,,
08/05,9:13,재민,5,왕십리,공덕,11,,E,O,비었음,11,,,,,,,,
08/05,9:26,재민,5,광화문,공덕,11,,E,O,비었음,11,,,,,,,,
08/05,9:20,현미,6,불광,공덕,15,30,E,X,비었음,15,,,,,,,,
08/05,9:20,현미,6,불광,합정,7,,E,X,비었음,7,,,,,,,,
08/05,9:30,현미,6,합정,공덕,4,,E,X,남,,청년,X,X,X,핸드폰,,크로스백,
08/05,18:35,미현,5,공덕,신길,4,8,F,X,여,,중년,X,X,X,핸드폰,,크로스백,
08/05,18:35,미현,5,공덕,신길,4,,F,X,여,,청년,X,X,X,핸드폰,,"크로스백, 미니 쇼핑백",
08/05,18:48,미현,1,신길,수원,17,,N,X,여,,청년,O,O,X,핸드폰,,크로스백,
08/05,18:48,미현,1,신길,영등포,1,,N,X,비었음,1,,,,,,,,
08/05,18:51,미현,1,신길,수원,17,34,N,X,여,,청년,X,X,O,핸드폰,,쇼퍼백,
08/05,8:53,보민,6,화랑대,돌곶이,3,,N,X,비었음,3,,,,,,,,
08/05,8:53,보민,6,화랑대,상월곡,4,,N,X,비었음,4,,,,,,,,
08/05,9:18,보민,6,한강진,삼각지,3,,N,O,비었음,3,,,,,,,,
08/05,8:55,보민,6,화랑대,공덕,20,,N,X,여,,청년,O,O,X,,,,
08/05,8:55,보민,6,화랑대,공덕,20,,N,X,여,,노년,X,X,X,,,"썬캡, 힙쌕",
08/05,8:58,보민,6,화랑대,공덕,20,,F,X,여,,청년,X,X,O,핸드폰,,백팩,
08/05,8:58,보민,6,화랑대,공덕,20,40,N,X,여,,청년,X,X,X,이어폰,옆자리가 나자 옮겨 앉음,토드백,
08/05,18:45,보민,11,공덕,회기,10,20,F,X,여,,중년,X,X,X,핸드폰,,,
08/05,18:45,보민,11,공덕,회기,10,,F,X,여,,중년,X,X,X,핸드폰,,,
08/05,18:50,보민,11,공덕,회기,10,,F,X,여,,중년,X,X,X,"핸드폰, 이어폰, 잠",,,
08/05,20:44,한솔,5,공덕,신길,4,8,N,O,여,,중년,X,X,X,핸드폰,,,
08/05,20:45,한솔,5,공덕,신길,4,,N,O,비었음,4,,,,,,,,
08/05,20:49,한솔,5,여의나루,신길,2,,N,O,비었음,2,,,,,,,,
08/05,21:02,한솔,1,신길,구로,3,,N,O,비었음,3,,,,,,,,
08/05,21:02,한솔,1,신길,독산,5,,N,O,비었음,5,,,,,,,,
08/05,21:10,한솔,1,신길,병점,19,38,N,O,여,,청년,X,X,O,핸드폰,,노말 쇼핑백,
08/05,21:16,한솔,1,신길,병점,19,,N,O,여,,중년,X,X,O,멍,,쇼핑백,
08/05,21:18,한솔,1,금천구청,병점,13,,N,O,비었음,13,,,,,,,,
08/05,21:41,한솔,1,의왕,병점,5,,N,O,비었음,5,,,,,,,,
08/05,20:58,현미,6,공덕,불광,13,26,E,O,비었음,13,,,,,,,,
08/05,20:59,현미,6,공덕,디엠씨,6,,E,O,비었음,6,,,,,,,,
08/05,21:10,현미,6,디엠씨,불광,5,,N,O,남,,청년,X,X,X,멍,,,
08/05,21:06,재민,5,공덕,왕십리,11,,E,O,비었음,11,,,,,,,,
08/05,21:06,재민,5,공덕,왕십리,11,,E,O,비었음,11,,,,,,,,
08/05,21:31,재민,10,왕십리,야탑,16,32,E,O,비었음,16,,,,,,,,
08/05,21:31,재민,10,왕십리,서울숲,1,,E,O,비었음,1,,,,,,,,
08/05,21:37,재민,10,서울숲,강남구청,2,,E,O,여,,청년,X,O,X,핸드폰,,,
08/05,21:41,재민,10,강남구청,야탑,13,,E,O,비었음,13,,,,,,,,
08/05,8:36,단비,7,신중동,온수,4,8,F,X,여,,청년,X,X,O,핸드폰,,에코백,
08/05,8:36,단비,7,신중동,온수,4,,F,X,여,,청년,X,X,X,핸드폰,,크로스백,
08/05,8:46,단비,1,온수,신길,7,14,N,X,여,,중년,X,X,X,핸드폰,,크로스백,
08/05,8:46,단비,1,온수,신길,7,,N,X,남,,노년,X,X,X,멍,자꾸 두리번 거리심...,봉지(중),
08/05,8:51,단비,1,개봉,구로,2,,N,X,비었음,2,,,,,,,,
08/05,8:57,단비,1,온수,신길,7,,N,X,여,,중년,X,X,X,핸드폰,,,
08/05,9:03,단비,1,온수,신길,7,,N,X,여,,중년,X,X,O,잠,,메신저백,
08/05,9:10,단비,5,신길,공덕,4,8,E,X,비었음,4,,,,,,,,
08/05,9:10,단비,5,신길,공덕,4,,E,X,여,,청년,X,X,X,잠,,크로스백,
08/05,9:17,단비,5,마포,공덕,1,,E,X,비었음,1,,,,,,,,
08/05,18:40,단비,5,공덕,신길,4,8,F,X,여,,청년,X,X,X,잠,,크로스백,
08/05,18:40,단비,5,공덕,신길,4,,F,X,남,,청년,X,X,O,핸드폰,,백팩,
08/05,18:56,단비,1,신길,부천,10,20,F,X,여,,청년,X,X,X,핸드폰,,"크로스백, 봉지(소)",
08/05,18:56,단비,1,신길,부천,10,,F,X,여,,중년,X,X,O,잠,,메신저백,
08/05,19:11,단비,1,역곡,부천,2,,F,X,여,,청년,X,X,X,핸드폰,,클러치,
08/05,19:11,단비,1,역곡,부천,2,,F,X,여,,청년,X,X,X,핸드폰,,크로스백,
08/07,8:18,한솔,1,병점,수원,2,,E,O,비었음,2,,,,,,,,
08/07,8:18,한솔,1,병점,금정,8,,F,O,비었음,8,,,,,,,,
08/07,8:23,미현,1,수원,신길,17,34,F,X,남,,중년,X,X,O,"핸드폰, 이어폰",,"우산, 노트북 가방",
08/07,8:23,미현,1,수원,신길,17,,F,X,여,,노년,X,X,X,대화,옆에 남편으로 추정되는 분과 대화중,,
08/07,8:29,한솔,1,병점,신길,19,38,N,O,여,,중년,X,X,X,핸드폰,,,
08/07,8:44,한솔,1,병점,신길,19,,F,X,여,,중년,X,X,X,핸드폰,,핸드백,
08/07,8:46,미현,1,수원,신길,17,,F,X,여,,중년,X,X,X,잠,,작은 크기의 백팩,
08/07,8:57,미현,1,수원,신길,17,,F,X,여,,중년,X,X,X,핸드폰,,"크로스백, 우산",
08/07,9:07,미현,5,신길,공덕,4,8,F,X,비었음,4,,,,,,,,
08/07,9:08,한솔,1,병점,신길,19,,F,O,여,,청년,O,O,X,"이어폰, 잠",,,
08/07,9:07,미현,5,신길,공덕,4,,F,X,여,,중년,X,X,O,핸드폰,,백팩,
08/07,9:10,미현,5,신길,공덕,4,,F,X,여,,중년,X,X,X,잠,,핸드백,
08/07,9:16,보민,6,화랑대,공덕,20,40,N,X,여,,청년,X,O,O,핸드폰,,"에코백, 장우산",
08/07,9:16,보민,6,화랑대,공덕,20,,N,X,여,,노년,X,X,O,멍,,보스턴백,
08/07,9:19,한솔,1,병점,신길,19,,F,O,여,,노년,X,X,O,멍,,"페인트통, 우산, 핸드백",
08/07,9:26,한솔,5,신길,공덕,4,8,F,X,여,,중년,X,X,X,"이어폰, 핸드폰",,,
08/07,9:32,보민,6,화랑대,공덕,20,,F,X,여,,중년,X,X,X,멍,한정거장 가서 바로 내림,,
08/07,9:34,보민,6,동묘앞,약수,3,,E,O,비었음,3,,,,,,,,
08/07,9:34,보민,6,동묘앞,공덕,10,,E,O,비었음,10,,,,,,,,
08/07,9:39,보민,6,화랑대,공덕,20,,E,O,여,,중년,X,X,X,미어캣,반대줄에 자리가 나자 옮겨앉음,"손가방, 물",
08/07,9:42,보민,6,한강진,공덕,5,,N,O,비었음,5,,,,,,,,
08/07,8:36,재민,10,야탑,왕십리,16,32,F,X,여,,청년,X,X,X,잠,,,
08/07,8:36,재민,10,야탑,왕십리,16,,F,X,여,,노년,X,X,X,잠,,,
08/07,8:52,재민,10,야탑,왕십리,16,,F,X,여,,중년,X,X,X,핸드폰,,,
08/07,9:06,재민,10,강남구청,왕십리,3,,E,O,비었음,3,,,,,,,,
08/07,9:23,재민,5,왕십리,공덕,11,22,N,X,여,,청년,X,X,X,핸드폰,,,
08/07,9:23,재민,5,왕십리,공덕,11,,N,X,여,,청년,X,X,X,잠,,,
08/07,9:28,재민,5,왕십리,공덕,11,,N,X,여,,중년,X,X,X,핸드폰,,,
08/07,9:42,재민,5,왕십리,공덕,11,,N,X,여,,중년,X,X,X,핸드폰,,,
08/07,9:43,재민,5,애오개,공덕,1,,N,X,비었음,1,,,,,,,,
08/07,18:55,한솔,1,신길,병점,19,38,F,X,여,,중년,X,X,X,대화,,,
08/07,18:55,한솔,1,신길,병점,19,,F,X,여,,중년,X,X,X,"이어폰, 핸드폰",,,
08/07,19:34,한솔,1,당정,병점,6,,N,O,비었음,6,,,,,,,,
08/07,19:38,한솔,1,의왕,병점,5,,N,O,비었음,5,,,,,,,,
08/07,18:28,현미,6,공덕,합정,4,8,E,O,비었음,4,,,,,,,,
08/07,18:29,현미,6,공덕,합정,4,,E,O,비었음,4,,,,,,,,
08/07,18:34,현미,6,상수,합정,1,,N,O,남,,중년,X,X,X,핸드폰,,,
08/07,20:19,미현,5,공덕,신길,4,,N,O,여,,청년,X,X,X,핸드폰,,잠,
08/07,20:19,미현,5,공덕,신길,4,8,N,O,비었음,4,,,,,,,,
08/07,20:33,미현,1,신길,수원,17,34,N,O,남,,중년,X,X,O,멍,,노트북 가방,
08/07,20:33,미현,1,신길,영등포,1,,N,O,비었음,1,,,,,,,,
08/07,20:36,미현,1,신길,수원,17,,N,O,남,,노년,X,X,X,멍,,,
08/07,20:47,미현,1,가산디지털단지,금정,7,,F,X,비었음,7,,,,,,한 청년이 임산부석 앞에 서 있음,,
08/07,21:09,미현,1,신길,수원,17,,N,X,여,,중년,X,X,O,멍,,큰 사이즈의 가방 세 개,
08/07,21:09,미현,1,신길,수원,17,,N,X,남,,청년,X,X,X,핸드폰,외국인,,
08/07,21:17,미현,1,의왕,수원,3,,E,O,비었음,3,,,,,,,,
08/07,21:12,현미,6,합정,디엠씨,4,,F,O,남,,청년,X,X,X,핸드폰,,,
08/07,21:13,현미,6,합정,디엠씨,4,,F,O,여,,중년,X,X,X,멍,,,
08/07,21:24,현미,6,디엠씨,불광,5,,N,O,비었음,5,,,,,,,,
08/07,21:26,현미,6,디엠씨,불광,5,10,N,O,비었음,5,,,,,,,,
08/07,21:04,보민,6,공덕,약수,7,,E,O,비었음,7,,,,,,,,
08/07,21:04,보민,6,공덕,효창공원,1,,E,O,비었음,1,,,,,,,,
08/07,21:04,보민,6,공덕,화랑대,20,40,N,O,남,,청년,X,X,X,"이어폰, 핸드폰",,가벼운 백팩,
08/07,21:15,보민,6,공덕,화랑대,20,,N,O,여,,청년,X,X,X,핸드폰,옆자리 나자 옮겨앉음,"크로스백, 우산",
08/07,21:15,보민,6,공덕,화랑대,20,,N,O,여,,청년,X,X,O,핸드폰,반대편 라인 자리나자 옮겨앉음,"핸드백, 시장바구니",
08/07,21:55,보민,6,창신,화랑대,9,,N,X,비었음,9,,,,,,,,
08/07,21:35,보민,6,석계,화랑대,2,,E,O,비었음,2,,,,,,,,
08/07,21:19,재민,5,공덕,왕십리,11,22,E,O,남,,청년,X,X,X,핸드폰,7석 중 5석이 비어있는 와중에 임산부석 옆자리에 앉아있던 남자가 임산부석으로 옮김,,
08/07,21:19,재민,5,공덕,종로3가,5,,E,O,비었음,5,,,,,,,,
08/07,21:28,재민,5,공덕,왕십리,11,,N,X,남,,중년,X,X,X,핸드폰,,,
08/07,21:46,재민,10,왕십리,야탑,16,32,E,O,여,,중년,X,X,O,핸드폰 -> 독서,,"백팩, 핸드백",
08/07,21:46,재민,10,왕십리,선릉,5,,E,O,비었음,5,,,,,,,,
08/07,21:59,재민,10,왕십리,야탑,16,,F,X,여,,청년,X,X,X,"핸드폰, 이어폰",,,
08/07,8:48,단비,1,온수,신길,7,14,F,X,남,,청년,X,X,O,잠,,메신저백,
08/07,8:48,단비,1,온수,신길,7,,F,X,남,,중년,X,X,X,대화,목발을 짚고 계심,크로스백,
08/07,9:03,단비,1,온수,신길,7,,F,X,남,,중년,X,X,O,핸드폰,,백팩,
08/07,9:10,단비,5,신길,공덕,4,8,N,O,여,,청년,X,X,O,핸드폰,,보스턴백,
08/07,9:10,단비,5,신길,공덕,4,,N,O,여,,청년,X,X,X,핸드폰,,"크로스백, 봉지(미니)",
08/07,18:56,단비,5,공덕,신길,4,,F,X,여,,청년,X,X,O,핸드폰,,보스턴백,
08/07,18:56,단비,5,공덕,신길,4,,F,X,여,,청년,X,X,O,핸드폰,,보스턴백,
08/07,19:12,단비,1,신길,온수,7,14,F,X,여,,청년,X,X,X,핸드폰,,크로스백,
08/07,19:12,단비,1,신길,온수,7,,F,X,남,,중년,X,X,X,핸드폰,,,
08/07,19:17,단비,1,신길,온수,7,,F,X,여,,청년,O,O,X,전화,,크로스백,
08/07,19:28,단비,1,오류동,온수,1,,F,X,비었음,1,,,,,,,,
08/07,19:34,단비,7,온수,신중동,4,8,F,X,여,,청년,X,X,O,핸드폰,,보스턴백,
08/07,19:34,단비,7,온수,신중동,4,,F,X,비었음,4,,,,,,,,
08/08,8:15,한솔,1,병점,수원,2,,E,O,비었음,2,,,,,,,,
08/08,8:15,한솔,1,병점,수원,2,,E,O,비었음,2,,,,,,,,
08/08,8:28,한솔,1,병점,신길,19,38,N,O,남,,중년,X,X,O,"핸드폰, 이어폰",,노트북 가방,
08/08,8:28,한솔,1,병점,신길,19,,N,O,남,,청년,X,X,O,핸드폰,,백팩,
08/08,8:38,미현,1,수원,신길,17,34,N,O,남,,중년,X,X,O,핸드폰,,노트북 가방,
08/08,8:38,미현,1,수원,신길,17,,N,O,여,,중년,X,X,X,핸드폰,,웨이스트백,
08/08,8:46,한솔,1,병점,신길,19,,N,O,남,,청년,X,X,X,핸드폰,,,
08/08,8:52,미현,1,수원,신길,17,,N,X,여,,중년,X,X,O,멍,,"양산, 에코백",
08/08,8:52,보민,6,화랑대,공덕,20,40,N,O,여,,노년,X,X,X,미어캣,노약좌석 양쪽 칸은 차 있고 혼자 앉아있는 할배 있음,가벼운 백팩,
08/08,8:52,보민,6,화랑대,공덕,20,,N,O,여,,청년,X,X,X,전화,,토드백,
08/08,8:56,미현,1,수원,신길,17,,F,X,여,,중년,X,X,X,핸드폰,,크로스백,
08/08,9:04,미현,1,수원,신길,17,,F,X,여,,중년,X,X,O,핸드폰,,백팩,
08/08,9:10,보민,6,화랑대,공덕,20,,N,X,여,,청년,X,X,X,잠,,토드백,
08/08,9:11,보민,6,화랑대,공덕,20,,N,X,여,,중년,X,X,X,멍,,손가방,
08/08,9:15,보민,6,화랑대,공덕,20,,N,O,여,,중년,X,X,O,잠,,보스턴백,
08/08,9:18,보민,6,한강진,삼각지,3,,N,O,비었음,3,,,,,,,,
08/08,9:19,한솔,1,병점,신길,19,,F,X,남,,중년,X,X,X,핸드폰,,,
08/08,9:25,보민,6,화랑대,공덕,20,,N,O,여,,청년,X,X,O,핸드폰,,보스턴백,
08/08,9:27,한솔,5,신길,공덕,4,8,F,X,여,,중년,X,X,O,핸드폰,,에코백,
08/08,9:28,한솔,5,신길,공덕,4,,F,X,남,,중년,X,X,X,"이어폰, 핸드폰",,,
08/08,9:28,한솔,5,여의도,공덕,3,,F,X,비었음,3,,,,,,,,
08/08,9:39,미현,5,신길,공덕,4,,F,X,비었음,4,,,,,,,,
08/08,9:39,미현,5,신길,마포,3,,F,X,비었음,3,,,,,,,,
08/08,9:45,미현,5,신길,공덕,4,8,F,X,남,,청소년,X,X,X,핸드폰,,,
08/08,8:35,재민,10,야탑,왕십리,16,32,F,X,여,,청년,X,X,X,이어폰,,,
08/08,8:35,재민,10,야탑,왕십리,16,,F,X,여,,청년,X,X,X,먹기,,,
08/08,8:55,재민,10,야탑,왕십리,16,,F,X,여,,청년,X,X,X,"핸드폰, 손풍기쐬기",,,
08/08,9:01,재민,10,선릉,왕십리,5,,N,X,비었음,5,,,,,,,,
08/08,9:05,재민,10,강남구청,왕십리,3,,E,O,비었음,3,,,,,,,,
08/08,9:23,재민,5,왕십리,행당,1,,N,X,비었음,1,,,,,,,,
08/08,9:23,재민,5,왕십리,공덕,11,22,N,X,여,,청년,X,O,X,"핸드폰, 이어폰",,,
08/08,9:24,재민,5,왕십리,공덕,11,,N,X,여,,청년,X,X,O,멍,일반석 빈자리 생기니 옮김,백팩 2개,
08/08,9:29,재민,5,동대문역사문화공원,공덕,7,,N,X,비었음,7,,,,,,,,
08/08,9:38,재민,5,서대문,공덕,3,,E,O,비었음,3,,,,,,,,
08/08,9:10,현미,6,불광,월드컵경기장,7,,E,O,비었음,7,,,,,,,,
08/08,9:12,현미,6,불광,공덕,14,28,E,O,비었음,14,,,,,,,,
08/08,9:26,현미,6,합정,공덕,4,,E,O,남,,청년,X,X,X,핸드폰,,,
08/08,17:39,미현,5,공덕,신길,4,8,F,X,여,,노년,X,X,X,핸드폰,,,
08/08,17:40,보민,6,공덕,화랑대,20,40,N,O,여,,중년,X,X,O,핸드폰,,백팩,
08/08,17:40,보민,6,공덕,화랑대,20,,N,O,여,,중년,X,X,X,멍,,손가방,
08/08,17:39,미현,5,공덕,신길,4,,F,X,여,,중년,X,X,X,잠,,,
08/08,17:44,보민,6,삼각지,약수,5,,N,O,비었음,5,,,,,,,,
08/08,17:51,보민,6,약수,청구,1,,N,O,비었음,1,,,,,,,,
08/08,17:52,보민,6,공덕,화랑대,20,40,N,O,여,,청년,X,X,X,,갑자기 일어나서 열차칸 이동??? 내가 너무 빤히 봤나?,,
08/08,17:53,보민,6,공덕,화랑대,20,,N,O,여,,청년,O,O,O,핸드폰,,백팩,
08/08,17:55,미현,1,신길,수원,17,34,F,X,여,,청년,X,X,X,핸드폰,,크로스백,
08/08,17:55,미현,1,신길,수원,17,,F,X,남,,중년,X,X,X,잠,옆자리에 임산부 뱃지를 달고 계신 분이 앉아계심,,
08/05,17:57,보민,6,동묘앞,화랑대,7,14,F,X,비었음,7,,,,,,,,
08/08,18:09,미현,1,신길,수원,17,,F,X,남,,중년,X,X,X,멍,,,
08/08,18:26,미현,1,신길,수원,17,,F,X,여,,중년,X,X,X,핸드폰,,"미니 쇼핑백, 핸드백",
08/08,18:26,미현,1,신길,수원,17,,F,X,여,,청년,X,X,X,핸드폰,,,
08/08,18:34,미현,1,금정,수원,6,,F,X,비었음,6,,,,,,,,
08/08,8:39,단비,7,신중동,춘의,1,,N,O,비었음,1,,,,,,,,
08/08,8:39,단비,7,신중동,온수,4,8,N,O,여,,중년,X,X,X,핸드폰,,크로스백,
08/08,8:41,단비,7,신중동,온수,4,,N,O,남,,청년,X,X,O,잠,,에코백,
08/08,8:56,단비,1,온수,신길,7,14,N,X,남,,청년,X,X,O,잠,,백팩,
08/08,8:56,단비,1,온수,신길,7,,N,X,여,,중년,X,X,O,잠,,에코백,
08/08,9:05,단비,1,온수,신길,7,,N,X,여,,중년,X,X,O,잠,,에코백,
08/08,9:16,단비,5,신길,공덕,4,8,F,X,여,,노년,X,X,O,핸드폰,,보스턴백,
08/08,9:16,단비,5,신길,여의도,1,,F,X,비었음,1,,,,,,,,
08/08,9:18,단비,5,신길,공덕,4,,F,X,여,,중년,X,X,O,핸드폰,,백팩,
08/08,17:40,단비,5,공덕,신길,4,8,N,O,남,,중년,X,X,X,핸드폰,,,
08/08,17:40,단비,5,공덕,여의나루,2,,N,O,비었음,2,,,,,,,,
08/08,17:43,단비,5,공덕,신길,4,,N,O,여,,노년,X,X,X,대화,,크로스백,
08/08,17:46,단비,5,여의도,신길,1,,N,O,비었음,1,,,,,,,,
08/08,17:54,단비,1,신길,부천,10,20,N,X,여,,중년,X,X,X,대화,팔깁스 하고 계심,크로스백,
08/08,17:54,단비,1,신길,부천,10,,N,X,여,,중년,X,X,X,대화,,크로스백,
08/08,17:56,단비,1,신길,부천,10,,N,X,여,,중년,X,X,O,핸드폰,,백팩,
08/08,17:59,단비,1,신길,부천,10,,N,X,여,,노년,X,X,O,멍,,백팩,
08/08,17:39,재민,5,공덕,답십리,13,26,N,O,여,,중년,X,X,X,잠,,,
08/08,17:39,재민,5,공덕,답십리,13,,N,O,여,,노년,X,X,O,핸드폰,,구루마,
08/08,17:54,재민,5,공덕,답십리,13,,F,X,여,,청년,X,X,X,핸드폰,,,
08/08,18:08,재민,5,답십리,왕십리,2,,N,O,비었음,2,,,,,,,,
08/08,18:08,재민,5,답십리,왕십리,2,,N,O,여,,중년,X,X,O,멍,,"봉지(중)2개, 토트백(봉지(중)사이즈)",
08/08,18:21,재민,10,왕십리,야탑,16,32,F,X,여,,중년,X,X,X,핸드폰,,,
08/08,18:21,재민,10,왕십리,야탑,16,,F,X,여,,중년,X,X,X,핸드폰,,,
08/09,8:09,미현,1,수원,신길,17,34,N,O,남,,청년,X,X,O,멍,,쇼퍼백,
08/09,8:09,미현,1,수원,신길,17,,N,O,여,,중년,X,X,X,잠,,핸드백,
08/09,8:13,한솔,1,병점,세류,1,,E,O,비었음,1,,,,,,,,
08/09,8:13,한솔,1,병점,수원,2,,E,O,비었음,2,,,,,,,,
08/09,8:23,한솔,1,병점,신길,19,38,E,O,여,,청년,X,X,O,핸드폰,,"백팩, 에코백",
08/09,8:26,한솔,1,병점,신길,19,,N,O,남,,청년,X,X,O,"핸드폰, 이어폰",,백팩,
08/09,8:26,한솔,1,병점,신길,19,,N,O,남,,청년,X,X,O,"핸드폰, 이어폰",,노트북 가방,
08/09,8:28,미현,1,수원,신길,17,,N,O,남,,청년,X,X,X,핸드폰,,,
08/09,8:33,미현,1,수원,신길,17,,F,X,여,,청년,X,X,X,핸드폰,,핸드백,
08/09,8:37,미현,3,수원,신길,17,,F,X,여,,중년,X,X,X,핸드폰,,핸드백,
08/09,8:50,보민,6,화랑대,공덕,20,40,F,O,여,,중년,X,X,X,,1정거장 후 내림,,
08/09,8:52,보민,6,화랑대,공덕,20,,F,O,여,,청년,X,X,X,빵먹음,"빵먹으면서 걸터앉아있음, 1정거장 후 내림",,
08/09,8:52,보민,6,화랑대,공덕,20,,F,O,여,,중년,X,X,X,,,,
08/09,8:55,한솔,1,병점,신길,19,,F,X,여,,노년,X,X,X,멍,,,
08/09,8:57,보민,6,화랑대,공덕,20,,F,X,여,,중년,X,X,X,"이어폰, 잠",,,
08/09,8:59,한솔,1,병점,신길,19,,F,X,여,,중년,X,X,O,핸드폰,,캐리어,
08/09,9:10,보민,6,화랑대,공덕,20,,F,X,여,,청년,X,X,X,핸드폰,,핸드백,
08/09,9:10,미현,5,신길,공덕,4,8,F,X,여,,중년,X,X,O,핸드폰,,백팩,
08/09,9:10,미현,5,신길,공덕,4,,F,X,여,,청년,X,X,O,핸드폰,,에코백,
08/09,9:20,보민,6,약수,공덕,7,,N,O,비었음,7,,,,,,,,
08/09,9:16,한솔,1,병점,신길,19,,F,X,여,,중년,X,X,X,잠,,,
08/09,9:21,한솔,5,신길,공덕,4,8,F,O,여,,중년,X,X,O,멍,,백팩,
08/09,9:22,한솔,5,여의도,마포,2,,F,O,비었음,2,,,,,,,,
08/09,9:27,한솔,5,신길,공덕,4,,N,O,여,,중년,X,X,O,대화,,메신저백},
08/09,8:39,재민,10,야탑,왕십리,16,32,F,X,여,,청년,X,X,X,핸드폰,,,
08/09,8:39,재민,10,야탑,왕십리,16,,F,X,여,,중년,X,X,X,"핸드폰, 이어폰",,,
08/09,8:48,재민,10,야탑,왕십리,16,,F,X,여,,청년,X,X,X,핸드폰,,,
08/09,8:48,재민,10,복정,강남구청,9,,F,X,비었음,9,,,,,,,,
08/09,9:09,재민,10,강남구청,왕십리,3,,E,O,비었음,3,,,,,,,,
08/09,9:09,재민,10,야탑,왕십리,16,,E,O,여,,중년,X,X,X,멍,빈 자리 많은데도 임산부석에 앉았다가 1개 역 후에 내림,,
08/09,9:11,재민,10,압구정로데오,왕십리,2,,E,O,비었음,2,,,,,,,,
08/09,9:24,재민,5,왕십리,공덕,11,22,F,X,여,,청년,X,X,X,잠,,,
08/09,9:24,재민,5,왕십리,공덕,11,,F,X,여,,청년,X,X,X,핸드폰,,,
08/09,9:33,재민,5,을지로4가,공덕,6,,N,O,비었음,6,,,,,,,,
08/09,9:15,현미,6,불광,디엠씨,7,,E,O,비었음,7,,,,,,,,
08/09,9:26,현미,6,불광,공덕,15,30,E,O,비었음,15,,,,,,,,
08/09,9:26,현미,6,디엠씨,공덕,2,,N,O,여,,노년,X,X,O,멍,,구르마에 상자(무거워보였음),
08/09,19:00,한솔,5,공덕,신길,4,8,N,X,여,,노년,X,X,X,"핸드폰, 이어폰",,,
08/09,19:00,한솔,5,공덕,신길,4,,N,X,여,,노년,X,X,O,"핸드폰, 이어폰",,백팩,
08/09,19:21,한솔,1,신길,병점,19,38,F,O,여,,중년,X,X,O,대화,,백팩,
08/09,19:22,한솔,1,신길,병점,19,,F,O,여,,노년,X,X,O,멍,,에코백,
08/09,19:25,한솔,1,신길,병점,19,,F,O,여,,중년,X,X,O,핸드폰,,에코백,
08/09,19:41,한솔,1,신길,병점,19,,N,O,여,,중년,X,X,X,"이어폰, 잠",,,
08/09,19:44,한솔,1,석수,안양,2,,N,O,비었음,2,,,,,,,,
08/09,19:47,한솔,1,신길,병점,19,,N,O,여,,청년,X,X,X,"핸드폰, 이어폰",,,
08/09,19:51,한솔,1,신길,병점,19,,N,O,여,,청년,X,X,X,"핸드폰, 이어폰",,,
08/09,19:53,한솔,1,신길,병점,19,,N,O,여,,노년,X,X,X,핸드폰,,,
08/09,19:54,한솔,1,신길,병점,19,,E,O,남,,중년,X,X,X,핸드폰,,,
08/09,19:55,한솔,1,신길,병점,19,,N,O,남,,노년,X,X,X,핸드폰,,,
08/09,21:48,미현,5,공덕,신길,4,8,F,X,여,,중년,X,X,X,멍,,핸드백,
08/09,21:48,미현,5,공덕,신길,4,,F,X,여,,어린이,X,X,O,멍,,에코백,
08/09,22:12,미현,1,신길,구로,3,,N,O,비었음,3,,,,,,,,
08/09,22:12,미현,1,신길,가산디지털단지,4,,N,O,비었음,4,,,,,,,,
08/09,22:18,미현,1,신길,수원,17,34,F,O,남,,청년,X,X,X,핸드폰,,,
08/09,22:20,미현,1,신길,수원,17,,F,O,여,,청소년,X,X,X,핸드폰,,,
08/09,22:40,미현,1,금정,수원,6,,N,O,비었음,6,,,,,,,,
08/09,21:50,재민,5,공덕,왕십리,11,22,E,O,비었음,11,,,,,,,,
08/09,21:50,재민,5,공덕,동대문역사문화공원,7,,E,O,비었음,7,,,,,,,,
08/09,22:03,재민,5,공덕,왕십리,11,,N,O,여,,중년,X,X,O,핸드폰,,백팩,
08/09,22:06,재민,5,신금호,왕십리,2,,N,O,비었음,2,,,,,,,,
08/09,22:15,재민,10,왕십리,강남구청,3,,E,O,비었음,3,,,,,,,,
08/09,22:15,재민,10,왕십리,압구정로데오,2,,E,O,비었음,2,,,,,,,,
08/09,22:25,재민,10,왕십리,야탑,16,32,N,O,여,,노년,X,X,O,멍,,"백팩, 에코백",
08/09,22:27,재민,10,왕십리,야탑,16,,N,O,여,,청년,X,X,X,"핸드폰, 이어폰",,,
08/09,22:34,재민,10,왕십리,야탑,16,,F,X,남,,청년,X,X,O,"핸드폰, 이어폰",,백팩,
08/09,22:44,재민,10,왕십리,야탑,16,,F,X,남,,중년,X,X,X,"잠, 이어폰",,,
08/09,19:05,보민,5,공덕,여의도,3,6,N,O,여,,청년,X,X,X,대화,,토드백,
08/09,19:05,보민,5,공덕,여의도,3,,N,O,여,,중년,X,X,X,핸드폰,,크로스백,
08/09,19:18,보민,9,여의도,샛강,1,,N,X,비었음,1,,,,,,,,
08/09,19:18,보민,9,여의도,노량진,2,,N,X,여,,청년,X,X,O,핸드폰,,보스턴백,
08/09,19:20,보민,9,샛강,노량진,1,,N,X,여,,중년,X,X,X,핸드폰,,크로스백,
08/09,19:26,보민,9,노량진,노들,1,,E,X,여,,청년,X,X,X,핸드폰,"옆자리가 비었는데 임산부석 앉음, 한정거장 가서 내림",,
08/09,19:24,보민,9,노량진,흑석,2,,N,X,비었음,2,,,,,,,,
08/09,19:28,보민,9,노들,흑석,1,,N,X,비었음,1,,,,,,,,
08/09,19:31,보민,9,흑석,고속터미널,4,8,F,X,여,,중년,X,X,X,멍,,비닐봉지,
08/09,19:31,보민,9,흑석,동작,1,,F,X,남,,노년,X,X,X,멍,앉을까 말까 고민하다가 눈치보고 앉음,,
08/09,19:35,보민,9,동작,고속터미널,1,,F,X,여,,노년,X,X,X,멍,,크로스백,
08/09,19:55,보민,7,고속터미널,학동,3,,F,X,비었음,3,,,,,,,,
08/09,19:55,보민,7,고속터미널,상봉,14,28,F,X,남,,청년,X,X,X,핸드폰,"짧은머리, 환자같음",크로스백,
08/09,20:00,보민,7,학동,태릉입구,14,,F,O,여,,청년,X,X,O,전화,,큰 쇼핑백,
08/09,20:22,보민,7,상봉,먹골,2,,N,O,여,,노년,X,X,X,대화,남편과 같이 앉음,,
08/09,20:26,보민,7,먹골,태릉입구,1,,E,O,비었음,1,,,,,,,,
08/09,8:36,단비,7,신중동,까치울,3,,N,X,비었음,3,,,,,,,,
08/09,8:36,단비,7,신중동,온수,4,8,N,X,여,,노년,X,X,O,핸드폰,,보스턴백,
08/09,8:40,단비,7,신중동,온수,4,,N,X,남,,청년,X,X,X,핸드폰,,없음,
08/09,8:40,단비,7,부천종합운동장,온수,2,,N,X,비었음,,,,,,,,,
08/09,8:48,단비,1,온수,신길,7,14,N,X,여,,청년,X,X,O,잠,,백팩,
08/09,8:48,단비,1,온수,신길,7,,N,X,여,,중년,X,X,O,핸드폰,,보스턴백,
08/09,9:11,단비,5,신길,공덕,4,,N,X,여,,청년,X,X,O,핸드폰,,에코백,
08/09,9:11,단비,5,신길,공덕,4,8,N,X,여,,노년,X,X,X,멍,,크로스백,
08/09,9:12,단비,5,신길,공덕,4,,N,X,여,,노년,X,X,O,핸드폰,,백팩,
08/09,9:12,단비,5,신길,공덕,4,8,N,X,여,,청년,X,?,X,핸드폰,,없음,
08/09,19:00,단비,5,공덕,신길,4,,E,O,여,,청년,X,X,X,대화,,크로스백,
08/09,19:00,단비,5,공덕,여의도,3,,E,O,비었음,3,,,,,,,,
08/09,19:05,단비,5,공덕,신길,4,,E,O,여,,청년,X,X,O,핸드폰,,"보스턴백, 봉지(소)",
08/09,19:16,단비,1,신길,온수,7,14,N,X,여,,청년,X,X,O,멍,,보스턴백,
08/09,19:16,단비,1,신길,온수,7,,N,X,여,,청년,X,X,X,멍,,크로스백,
08/09,19:18,단비,1,신길,온수,7,,N,X,여,,중년,X,X,O,핸드폰,,보스턴백,
08/09,19:19,단비,1,영등포,신도림,1,,N,X,비었음,1,,,,,,,,
08/09,19:21,단비,1,신길,온수,7,,N,X,여,,노년,X,X,X,핸드폰,,크로스백,
08/09,19:40,단비,7,온수,신중동,4,8,N,X,여,,청년,X,X,X,핸드폰,,크로스백,
08/09,19:40,단비,7,온수,신중동,4,,N,X,여,,중년,X,X,X,핸드폰,,크로스백,
08/09,19:42,단비,7,까치울,신중동,3,,N,X,비었음,3,,,,,,,,
08/09,19:46,단비,7,춘의,신중동,1,,N,X,비었음,1,,,,,,,,
08/10,15:07,단비,7,신중동,대림,10,20,E,X,여,,중년,X,X,O,핸드폰,,보스턴백,
08/10,15:07,단비,7,신중동,대림,10,,E,X,여,,청년,X,X,O,핸드폰,,에코백,
08/10,15:16,단비,7,신중동,대림,10,,E,X,여,,중년,X,X,O,멍,,에코백,
08/10,22:49,단비,7,대림,신중동,10,,E,O,남,,노년,X,X,,대화,,,
08/10,22:49,단비,7,대림,신중동,10,20,E,O,여,,청년,X,X,X,핸드폰,,웨이스트백,
08/10,22:52,단비,7,가산디지털단지,철산,1,,E,O,비었음,1,,,,,,,,
08/10,22:52,단비,7,대림,신중동,10,,E,O,남,,노년,X,X,X,멍,,,
08/10,23:02,단비,7,대림,신중동,10,,E,O,여,,중년,X,X,X,대화,,크로스백,
08/11,10:51,재민,10,야탑,왕십리,16,32,F,O,남,,청년,X,X,X,핸드폰,,,
08/11,10:51,재민,10,야탑,왕십리,16,,F,O,여,,청년,X,X,X,핸드폰,,,
08/11,10:59,재민,10,복정,수서,1,,N,O,비었음,1,,,,,,,,
08/11,10:59,재민,10,복정,수서,1,,N,O,비었음,1,,,,,,,,
08/11,11:04,재민,10,야탑,왕십리,16,,N,O,여,,중년,X,X,X,핸드폰,,,
08/11,11:04,재민,10,야탑,왕십리,16,,N,O,여,,어린이,X,X,X,대화,"보호자가 앞에 서 있음, 일반석 나니 옮김",,
08/11,11:20,재민,10,강남구청,왕십리,3,,E,O,비었음,3,,,,,,,,
08/11,11:23,재민,10,압구정로데오,왕십리,2,,E,O,비었음,2,,,,,,,,
08/11,11:37,재민,5,왕십리,마포,12,24,E,O,여,,노년,X,X,X,잠,,,
08/11,11:37,재민,5,왕십리,마포,12,,E,O,여,,중년,X,X,O,핸드폰,,백팩,
08/11,11:46,재민,5,을지로4가,마포,7,,E,O,비었음,7,,,,,,,,
08/11,11:48,재민,5,종로3가,마포,6,,E,O,비었음,6,,,,,,,,
08/11,19:42,재민,5,마포,왕십리,12,24,E,O,비었음,12,,,,,,,,
08/11,19:42,재민,5,마포,왕십리,12,,E,O,비었음,12,,,,,,,,
08/11,20:12,재민,10,왕십리,강남구청,3,,E,O,비었음,3,,,,,,,,
08/11,20:12,재민,10,왕십리,야탑,16,32,E,O,여,,중년,X,X,X,잠,,,
08/11,20:20,재민,10,왕십리,야탑,16,,E,O,여,,노년,X,X,X,통화,,,
08/11,20:31,재민,10,대모산입구,수서,1,,E,O,비었음,1,,,,,,,,
08/11,20:36,재민,10,왕십리,야탑,16,,N,X,여,,중년,X,X,X,대화,앉을까 말까 고민하고 있는데 일행이 앉힘,,
08/12,8:00,한솔,1,병점,수원,2,,E,O,비었음,2,,,,,,,,
08/12,8:00,한솔,1,병점,신길,19,38,E,O,여,,중년,X,X,X,핸드폰,빈자리가 많았음에도 불구하고 굳이 임산부석 착석,,
08/12,8:12,한솔,1,수원 ,병점,2,,E,O,여,,중년,X,X,X,핸드폰,,,
08/12,8:12,한솔,1,수원,병점,2,,E,O,비었음,2,,,,,,,,
08/12,8:44,미현,1,수원,신길,17,34,E,O,여,,청년,O,O,X,핸드폰,,"핸드백, 장대우산",
08/12,8:44,미현,1,수원,화서,1,,E,O,비었음,1,,,,,,,,
08/12,8:44,미현,1,수원,신길,17,,E,O,여,,중년,X,X,X,멍,,"핸드백, 우산(중), 미니쇼핑백",
08/12,9:02,미현,1,수원,신길,17,,N,X,여,,청년,X,X,X,핸드폰,,"장대우산, 크로스백",
08/12,9:27,미현,1,수원,신길,17,,N,X,여,,중년,X,X,O,핸드폰,,20인치 캐리어,
08/12,9:44,미현,5,신길,공덕,4,8,F,X,여,,중년,X,X,X,핸드폰,,"핸드백, 3단 우산",
08/12,9:44,미현,5,신길,공덕,4,,F,X,여,,중년,X,X,X,핸드폰,,핸드백,
08/12,9:45,미현,5,여의도,공덕,3,,F,X,비었음,3,,,,,,,,
08/12,18:15,한솔,5,공덕,신길,4,8,F,X,여,,중년,X,X,X,핸드폰,,핸드백,
08/12,18:15,한솔,5,공덕,신길,4,,F,X,여,,중년,X,X,X,핸드폰,,핸드백,
08/12,18:56,한솔,1,신길,병점,19,38,F,O,남,,노년,X,X,X,멍,,,
08/12,18:57,한솔,1,명학,성균관대,5,,F,O,비었음,5,,,,,,,,
08/12,19:05,한솔,1,금정,성균관대,4,,N,O,비었음,4,,,,,,,,
08/12,19:10,한솔,1,신길,병점,19,,E,O,여,,중년,X,X,X,대화,핸드백,,
08/12,19:10,한솔,1,신길,병점,19,,E,O,남,,어린이,X,X,X,"핸드폰, 대화",,,
08/12,21:15,미현,5,공덕,신길,4,8,F,O,여,,청년,O,O,X,핸드폰,,핸드백,
08/12,21:15,미현,5,공덕,신길,4,,F,O,비었음,4,,,,,,,,
08/12,21:33,미현,1,신길,수원,17,34,F,X,여,,중년,X,X,X,핸드폰,,핸드백,
08/12,21:33,미현,1,신길,수원,17,,F,X,여,,중년,X,X,X,잠,,"핸드백, 장대우산",
08/12,21:45,미현,1,신길,수원,17,,F,X,여,,청년,X,X,O,전화,,"에코백, 2단 우산",
08/12,21:45,미현,1,가산디지털단지,금정,7,,F,X,비었음,7,,,,,,,,
08/12,22:05,미현,1,신길,수원,17,,N,O,여,,중년,X,X,O,핸드폰,옆 자리에 앉아 있다가 임산부석으로 옮김,"백팩, 얼굴 크기의 비닐 봉지",
08/12,22:17,미현,1,성균관대역,수원,2,,E,O,비었음,2,,,,,,,,
08/12,21:17,미현,1,성균관대역,수원,2,,E,O,비었음,2,,,,,,,,
08/12,8:47,재민,10,야탑,복정,4,,F,X,비었음,4,,,,,,,,
08/12,8:47,재민,10,야탑,왕십리,16,32,F,X,여,,청년,X,O,O,핸드폰,,"핸드백, 에코백, 장우산",
08/12,8:57,재민,10,야탑,왕십리,16,,F,X,여,,청년,X,X,X,화장,,"크로스백, 쇼핑백(소), 단우산",
08/12,8:57,재민,10,복정,강남구청,9,,F,X,비었음,9,,,,,,,,
08/12,9:17,재민,10,야탑,왕십리,16,,E,O,여,,중년,X,X,X,멍,,,
08/12,9:17,재민,10,강남구청,왕십리,3,,E,O,비었음,3,,,,,,,,
08/12,9:19,재민,10,압구정로데오,왕십리,2,,E,O,비었음,2,,,,,,,,
08/12,9:36,재민,5,왕십리,공덕,11,22,F,X,여,,청년,X,X,X,핸드폰,임산부가 탔는데 안 비켜줘서 그 옆자리 분이 비켜줌,,
08/12,9:36,재민,5,왕십리,공덕,11,,F,X,여,,청년,X,X,X,잠,,,
08/12,9:45,재민,5,을지로4가,종로3가,1,,N,O,비었음,1,,,,,,,,
08/12,9:48,재민,5,왕십리,공덕,11,,N,O,남,,청소년,X,X,O,핸드폰,,"백팩, 장우산",
08/12,9:51,재민,5,서대문,공덕,3,,N,O,비었음,3,,,,,,,,
08/12,21:19,재민,5,공덕,왕십리,11,22,E,O,비었음,11,,,,,,,,
08/12,21:19,재민,5,공덕,충정로,2,,E,O,비었음,2,,,,,,,,
08/12,21:22,재민,5,공덕,왕십리,11,,E,O,여,,청년,X,X,X,핸드폰,,,
08/12,21:44,재민,10,왕십리,선릉,5,,E,O,비었음,5,,,,,,,,
08/12,21:44,재민,10,왕십리,선정릉,4,,E,O,비었음,4,,,,,,,,
08/12,21:57,재민,10,왕십리,야탑,16,,N,O,여,,중년,X,X,X,대화,,,
08/12,21:59,재민,10,왕십리,야탑,16,,F,O,여,,청년,X,X,X,핸드폰,,,
08/12,22:11,재민,10,왕십리,야탑,16,,F,O,여,,청년,X,X,O,"핸드폰, 이어폰",,메신저백,
08/12,22:20,재민,10,왕십리,야탑,16,32,F,O,남,,중년,X,X,X,핸드폰,,"크로스백, 장우산",
08/12,21:24,보민,6,공덕,동묘앞,10,20,E,O,비었음,10,,,,,,,,
08/12,21:25,보민,6,공덕,동묘앞,10,,E,O,여,,청년,O,O,X,핸드폰,,핸드백,
08/12,21:42,보민,6,동묘앞,화랑대,10,,N,X,여,,중년,X,X,X,멍,,작은백팩,
08/12,21:42,보민,6,동묘앞,돌곶이,7,,N,X,남,,노년,X,X,X,멍,,장우산,
08/12,21:56,보민,6,돌곶이,화랑대,3,,N,O,비었음,3,,,,,,,,
08/12,8:36,단비,7,신중동,온수,4,8,N,X,여,,청년,X,X,O,핸드폰,,에코백,
08/12,8:36,단비,7,신중동,온수,4,,N,X,남,,청년,X,X,O,잠,,에코백,
08/12,8:49,단비,1,온수,신길,7,14,N,X,여,,청년,X,X,O,핸드폰,,보스턴백,
08/12,8:49,단비,1,온수,개봉,2,,N,X,비었음,2,,,,,,,,
08/12,8:54,단비,1,온수,신길,7,,N,X,여,,노년,X,X,X,핸드폰,,크로스백,
08/12,9:14,단비,5,신길,공덕,4,8,N,X,여,,노년,X,X,O,잠,,에코백,
08/12,9:14,단비,5,신길,공덕,4,,N,X,여,,중년,X,X,O,핸드폰,,"보스턴백, 캐리어",
08/12,18:13,단비,5,공덕,신길,4,,N,X,여,,청년,X,X,O,핸드폰,,보스턴백,
08/12,18:13,단비,5,공덕,신길,4,8,N,X,여,,노년,X,X,X,잠,,크로스백,
08/12,18:34,단비,1,신길,온수,7,14,F,X,여,,청년,X,X,X,핸드폰,,크로스백,
08/12,18:34,단비,1,신길,온수,7,,F,X,여,,중년,X,X,O,핸드폰,,보스턴백,
08/12,19:00,단비,7,온수,신중동,4,8,F,X,여,,중년,X,X,X,핸드폰,,크로스백,
08/12,19:00,단비,7,온수,신중동,4,,F,X,여,,청년,X,X,X,잠,,봉지 (소),
08/13,8:00,한솔,1,병점,신길,19,38,N,O,남,,청년,X,X,O,"이어폰, 잠",텅텅 빈 시작역부터 임산부석에 앉아서 옴,백팩,
08/13,8:00,한솔,1,병점,신길,19,,N,O,여,,노년,X,X,O,잠,,백팩,
08/13,8:21,한솔,1,병점,신길,19,,F,X,남,,중년,X,X,X,"이어폰, 잠",앞에 임산부 있는데도 자서 옆사람이 자리내줌.......,,
08/13,8:24,미현,1,수원,신길,17,34,F,X,남,,중년,X,X,O,핸드폰,,노트북 가방,
08/13,8:24,미현,1,수원,신길,17,,F,X,여,,중년,X,X,X,핸드폰,,핸드백,
08/13,8:28,한솔,1,병점,신길,19,,F,X,여,,청년,X,X,O,핸드폰,,"핸드백, 에코백",
08/13,8:32,미현,1,수원,신길,17,,F,X,여,,노년,X,X,X,잠,,핸드백,
08/13,8:46,한솔,1,독산,가산디지털단지,1,,F,X,비었음,1,,,,,,,,
08/13,8:49,한솔,1,병점,신길,19,,F,X,여,,청년,X,X,X,"핸드폰, 이어폰",,,
08/13,8:59,미현,1,수원,신길,17,,F,X,남,,중년,X,X,O,핸드폰,,이마트 장바구니,
08/13,8:59,미현,1,수원,신길,17,,F,X,여,,중년,X,X,X,잠,,핸드백,
08/13,9:11,한솔,5,신길,공덕,4,8,F,X,여,,중년,X,X,X,"핸드폰, 이어폰",,,
08/13,9:12,한솔,5,신길,공덕,4,,F,X,여,,중년,X,X,O,"핸드폰, 이어폰",,백팩,
08/13,9:10,미현,5,신길,공덕,4,8,F,X,여,,중년,X,X,X,멍,,핸드백,
08/13,9:10,미현,5,신길,공덕,4,,F,X,남,,중년,X,X,X,멍,,크로스백,
08/13,9:18,한솔,5,마포,공덕,1,,F,X,비었음,1,,,,,,,,
08/13,8:42,재민,10,야탑,왕십리,16,32,F,X,여,,중년,X,X,X,멍,한참 눈치 보다가 앉음,,
08/13,8:42,재민,10,야탑,왕십리,16,,F,X,여,,청년,X,X,X,핸드폰,,쇼핑백(중),
08/13,9:13,재민,10,강남구청,왕십리,3,,E,O,비었음,3,,,,,,,,
08/13,9:28,재민,5,왕십리,공덕,11,22,N,X,여,,중년,X,X,X,핸드폰,,,
08/13,9:28,재민,5,왕십리,공덕,11,,N,X,여,,중년,X,X,O,멍,,백팩,
08/13,9:40,재민,5,종로3가,공덕,5,,E,X,비었음,5,,,,,,,,
08/13,9:44,재민,5,왕십리,공덕,11,,E,O,여,,청년,O,O,X,핸드폰,옆자리에 있다가 임산부석이 비니까 옮김,,
08/13,9:47,재민,5,왕십리,공덕,11,,E,O,남,,청년,X,X,O,대화,,백팩,
08/13,9:01,현미,6,불광,새절,5,,E,O,비었음,5,,,,,,,,
08/13,9:01,현미,6,불광,새절,5,,E,O,비었음,5,,,,,,,,
08/13,9:13,현미,6,새절,마포구청,4,,N,O,여,,청년,X,X,X,핸드폰,,,
08/13,9:13,현미,6,새절,마포구청,4,,N,O,여,,청년,X,X,X,멍,,,
08/13,9:21,현미,6,마포구청,공덕,6,12,N,O,비었음,6,,,,,,,,
08/13,9:21,현미,6,마포구청,공덕,6,,N,O,비었음,6,,,,,,,,
08/13,18:56,한솔,5,공덕,신길,4,8,N,O,남,,청년,X,X,X,"이어폰, 핸드폰",,,
08/13,18:57,한솔,5,공덕,신길,4,,N,O,여,,청년,X,X,X,핸드폰,,,
08/13,19:13,한솔,1,신길,병점,19,38,N,O,여,,청년,X,X,O,핸드폰,,에코백,
08/13,19:25,한솔,1,신길,병점,19,,F,O,여,,청년,X,X,X,잠,외국인,,
08/13,19:45,한솔,1,금정,화서,5,,N,O,비었음,5,,,,,,,,
08/13,20:05,한솔,1,신길,병점,19,,E,O,남,,청년,X,X,O,"이어폰, 핸드폰",옆자리 비어있는데도 앉아있음,에코백,
08/13,20:07,한솔,1,신길,병점,19,,E,O,여,,청년,X,X,X,"핸드폰, 이어폰",일반자리 앉아있다가 임산부석 비니까 자리 옮김,,
08/13,20:55,미현,5,공덕,신길,4,,N,O,비었음,4,,,,,,,,
08/13,20:55,미현,5,공덕,신길,4,8,N,O,비었음,4,,,,,,,,
08/13,21:09,미현,1,신길,수원,17,34,F,X,남,,노년,X,X,X,"핸드폰, 주변 살피기",,,
08/13,21:09,미현,1,신길,신도림,2,,F,X,비었음,2,,,,,,,,
08/13,21:15,미현,1,신길,수원,17,,F,X,여,,중년,X,X,X,핸드폰,,"핸드백, 커피",
08/13,21:24,미현,1,신길,수원,17,,F,X,여,,중년,X,X,X,핸드폰,,핸드백,
08/13,21:24,미현,1,독산,안양,4,,F,X,비었음,4,,,,,,,,
08/13,21:33,미현,1,관악,안양,1,,F,X,비었음,1,,,,,,,,
08/13,21:36,미현,1,신길,수원,17,,F,X,여,,청소년,X,X,O,친구와 대화,,백팩,
08/13,21:36,미현,1,신길,수원,17,,F,X,여,,중년,X,X,O,멍,,백팩,
08/13,20:55,재민,5,공덕,왕십리,11,22,E,O,여,,노년,X,X,O,잠,,"보스턴백, 비닐봉지(소) 2개",
08/13,20:55,재민,5,공덕,왕십리,11,,E,O,남,,중년,X,X,O,필기,,보스턴백,
08/13,20:59,재민,5,서대문,행당,7,,N,O,비었음,7,,,,,,,,
08/13,21:04,재민,5,종로3가,왕십리,6,,N,O,비었음,6,,,,,,,,
08/13,21:15,재민,5,공덕,왕십리,11,,F,O,여,,노년,X,X,O,핸드폰,,"백팩, 크로스백, 에코백",
08/13,21:23,재민,10,왕십리,선릉,5,,E,O,비었음,5,,,,,,,,
08/13,21:23,재민,10,왕십리,압구정로데오,3,,E,O,비었음,3,,,,,,,,
08/13,21:29,재민,10,왕십리,야탑,16,,E,O,남,,노년,X,X,X,잠,,비닐봉지(중),
08/13,21:30,재민,10,왕십리,야탑,16,,N,O,여,,중년,X,X,O,핸드폰,,백팩,
08/13,21:34,재민,10,왕십리,야탑,16,32,N,O,남,,중년,X,X,O,손풍기,,메신저백,
08/13,20:50,현미,6,공덕,불광,4,,E,O,비었음,4,,,,,,,,
08/13,20:50,현미,6,공덕,합정,4,,E,O,비었음,4,,,,,,,,
08/13,21:03,현미,6,합정,증산,5,10,N,O,남,,중년,X,X,X,핸드폰,,핸드백,
08/13,21:11,현미,6,증산,불광,4,,N,O,비었음,4,,,,,,,,
08/13,8:40,보민,6,화랑대,태릉입구,1,,E,O,비었음,1,,,,,,,,
08/13,8:40,보민,6,화랑대,태릉입구,1,,E,O,비었음,1,,,,,,,,
08/13,8:41,보민,6,태릉입구,한강진,14,,N,O,여,,중년,X,X,X,핸드폰,,,
08/13,8:41,보민,6,태릉입구,공덕,19,38,N,O,여,,청년,X,?,X,"핸드폰, 잠",임산부가 탔는데 일어나지 않음. 옆에 있던 남중년이 자리 양보. 초기 임산부?,,
08/13,9:07,보민,6,한강진,공덕,5,,E,O,비었음,5,,,,,,,,
08/13,20:36,보민,6,공덕,삼각지,2,,N,O,여,,청년,X,?,X,핸드폰,,토드백,
08/13,20:36,보민,6,공덕,삼각지,2,,N,O,남,,노년,X,X,X,멍,,서류봉투,
08/13,20:38,보민,6,삼각지,동묘앞,8,,E,O,비었음,8,,,,,,,,
08/13,20:38,보민,6,삼각지,화랑대,18,36,E,O,비었음,18,,,,,,,,
08/13,20:52,보민,6,동묘앞,고려대,4,,N,O,남,,중년,X,X,X,전화,옆자리 나니까 눈치보고 옮겨앉음,,
08/13,21:00,보민,6,고려대,화랑대,6,,N,O,비었음,6,,,,,,,,
08/13,8:46,단비,7,신중동,온수,4,8,F,X,여,,청년,X,X,X,핸드폰,,크로스백,
08/13,8:46,단비,7,신중동,온수,4,,F,X,남,,청년,X,X,X,잠,,크로스백,
08/13,9:05,단비,1,온수,신길,7,14,E,O,여,,청년,X,X,X,핸드폰,17분에 임산부석 자리가 다시 나자마자 앉음,크로스백,
08/13,9:05,단비,1,온수,신길,7,,E,O,여,,청년,X,X,O,핸드폰,,에코백,
08/13,9:13,단비,1,온수,신길,7,,E,O,여,,청년,X,?,X,핸드폰,비켜달라고 해서 앉는데 뱃지없음. 임산부인지 확인 불가. 장애가 있어보임,크로스백,
08/13,9:25,단비,5,신길,공덕,4,8,N,X,여,,중년,X,X,X,잠,,크로스백,
08/13,9:25,단비,5,신길,공덕,4,,N,X,비었음,4,,,,,,,,
08/13,18:53,단비,5,공덕,신길,4,8,N,X,여,,노년,X,X,O,핸드폰,,"크로스백, 캐리어",
08/13,18:53,단비,5,공덕,신길,4,,N,X,여,,청년,X,X,O,핸드폰,,백팩,
08/13,18:58,단비,5,여의나루,신길,2,,N,X,비었음,2,,,,,,,,
08/13,19:08,단비,1,신길,온수,7,14,N,N,여,,청년,O,O,O,핸드폰,,에코백,
08/13,19:08,단비,1,신길,온수,7,,N,N,남,,청년,X,X,X,핸드폰,,,
08/13,19:16,단비,1,구로,온수,4,,N,N,비었음,4,,,,,,,,
08/13,19:16,단비,1,신길,온수,7,,N,N,여,,중년,X,X,O,핸드폰,옆자리 비어도 계속 임산부석에 앉아있음,보스턴백,
08/13,19:36,단비,7,온수,신중동,4,8,F,X,비었음,4,,,,,,,,
08/13,19:36,단비,7,온수,신중동,4,,F,X,비었음,4,,,,,,,,
08/14,8:30,재민,10,야탑,왕십리,16,32,F,X,여,,노년,X,X,O,멍,,"백팩, 토트백",
08/14,8:30,재민,10,야탑,왕십리,16,,F,X,여,,청년,X,?,X,"핸드폰, 이어폰",,,
08/14,8:37,재민,10,야탑,왕십리,16,,F,X,여,,청년,X,X,X,"핸드폰, 이어폰",,,
08/14,8:53,재민,10,야탑,왕십리,16,,F,X,여,,청년,X,X,X,"핸드폰, 이어폰",,,
08/14,8:56,재민,10,강남구청,왕십리,3,,E,O,비었음,3,,,,,,,,
08/14,8:59,재민,10,압구정로데오,왕십리,2,,E,O,비었음,2,,,,,,,,
08/14,9:10,재민,5,왕십리,공덕,11,22,N,X,여,,청년,X,X,X,핸드폰,,,
08/14,9:10,재민,5,왕십리,공덕,11,,N,X,여,,청년,X,X,O,독서,임산부인지 긴가민가 했는데 일반석 나니 옮김,"메신저백, 쇼핑백(소)",
08/14,9:20,재민,5,을지로4가,공덕,6,,E,O,비었음,6,,,,,,,,
08/14,9:26,재민,5,광화문,공덕,4,,E,O,비었음,4,,,,,,,,
08/14,9:23,현미,6,불광,합정,4,,E,O,비었음,4,,,,,,,,
08/14,9:23,현미,6,불광,응암,4,,E,O,비었음,4,,,,,,,,
08/14,9:36,현미,6,응암,새절,1,,E,O,남,,청년,X,X,X,핸드폰,,,
08/14,9:43,현미,6,새절,합정,6,12,N,O,비었음,6,,,,,,,,
08/14,9:48,현미,6,합정,광흥창,2,,N,O,여,,중년,X,X,X,멍,,,
08/14,9:50,현미,6,광흥창,공덕,2,,N,O,비었음,2,,,,,,,,
08/14,8:00,한솔,1,병점,신길,19,38,E,O,남,,청년,X,X,O,"핸드폰, 이어폰",,백팩,
08/14,8:00,한솔,1,병점,수원,2,,E,O,비었음,2,,,,,,,,
08/14,8:09,한솔,1,병점,신길,19,,N,O,여,,중년,X,X,X,핸드폰,,,
08/14,8:37,미현,1,수원,신길,17,34,E,O,여,,중년,X,X,X,잠,,핸드백,
08/14,8:37,미현,1,수원,성균관대,2,,E,O,비었음,2,,,,,,,,
08/14,8:43,미현,1,수원,신길,17,,N,O,여,,청년,X,X,O,핸드폰,,에코백,
08/14,8:52,한솔,1,병점,신길,19,,N,O,남,,노년,X,X,X,"핸드폰, 이어폰",,,
08/14,9:06,한솔,5,신길,공덕,4,8,F,X,여,,중년,X,X,X,"핸드폰, 이어폰",,,
08/14,9:07,한솔,5,신길,공덕,4,,F,X,여,,노년,X,X,O,핸드폰,,에코백,
08/14,9:08,한솔,5,신길,공덕,4,,F,O,여,,중년,X,X,X,핸드폰,,,
08/14,9:33,미현,5,신길,공덕,4,,F,X,여,,중년,X,X,X,잠,,핸드백,
08/14,9:33,미현,5,신길,공덕,4,8,F,X,여,,중년,X,X,X,잠,,핸드백,
08/14,9:40,미현,5,신길,공덕,4,,F,X,여,,청년,X,X,X,핸드폰,,핸드백,
08/14,18:28,미현,5,공덕,신길,4,8,F,X,비었음,4,,,,,,,,
08/14,18:28,미현,5,공덕,신길,4,,F,X,여,,청년,X,X,X,,,,
08/14,18:47,한솔,1,신길,병점,19,38,F,O,남,,중년,X,X,O,멍,,큰 백팩,
08/14,18:48,한솔,1,신길,병점,19,,F,O,남,,중년,X,X,X,핸드폰,,,
08/14,18:47,미현,1,신길,수원,17,34,F,X,여,,청년,X,X,O,핸드폰,,백팩,
08/14,18:47,미현,1,신길,수원,17,,F,X,여,,청년,X,X,O,핸드폰,,에코백,
08/14,18:26,한솔,5,공덕,신길,4,8,F,X,비었음,4,,,,,,,,
08/14,18:51,한솔,1,신길,병점,19,,F,O,여,,중년,X,X,O,핸드폰,,보스턴백,
08/14,19:06,한솔,1,신길,병점,19,,F,X,남,,청년,X,X,O,"이어폰, 잠",,노트북 가방,
08/14,19:14,한솔,1,신길,병점,19,,F,X,여,,청년,X,X,X,"이어폰, 핸드폰",,핸드백,
08/14,19:16,미현,1,신길,수원,17,,F,X,여,,중년,X,X,X,핸드폰,,,
08/14,19:29,한솔,1,화서,병점,3,,E,O,비었음,3,,,,,,,,
08/14,19:35,미현,1,화서,수원,1,,E,O,비었음,1,,,,,,,,
08/14,19:35,한솔,1,수원,병점,2,,E,O,비었음,2,,,,,,,,
08/14,18:23,재민,5,공덕,애오개,1,,F,X,비었음,1,,,,,,,,
08/14,18:23,재민,5,공덕,왕십리,11,22,F,X,여,,노년,X,X,X,멍,,"크로스백, 양산",
08/14,18:26,재민,5,공덕,왕십리,11,,F,X,남,,노년,X,X,X,멍,,,
08/14,18:26,재민,5,충정로,왕십리,9,,F,X,비었음,9,,,,,,,,
08/14,18:54,재민,10,왕십리,도곡,7,,F,X,비었음,7,,,,,,,,
08/14,19:04,재민,10,강남구청,도곡,4,,F,X,비었음,4,,,,,,,,
08/14,19:10,재민,10,왕십리,야탑,16,,F,X,여,,청년,X,X,X,이어폰,,"크로스백, 쇼핑백(미니)",
08/14,19:10,재민,10,왕십리,야탑,16,,F,X,여,,중년,X,X,X,독서,,,
08/14,19:26,재민,10,태평,모란,1,,F,X,비었음,1,,,,,,,,
08/14,19:29,재민,10,왕십리,야탑,16,32,F,X,남,,중년,X,X,X,잠,,,
08/14,18:48,현미,6,공덕,합정,4,,N,X,여,,어린이,X,X,X,핸드폰,,,
08/14,18:48,현미,6,공덕,합정,4,,N,X,남,,중년,X,X,O,핸드폰,,백팩,
08/14,18:56,현미,6,합정,증산,5,,N,O,여,,중년,X,X,X,핸드폰,,핸드백,
08/14,18:56,현미,6,합정,증산,5,10,N,O,여,,노년,X,X,O,멍,,에코백,
08/14,19:12,현미,6,새절,불광,3,,E,O,비었음,3,,,,,,,,
08/14,19:12,현미,6,증산,불광,4,,E,O,비었음,4,,,,,,,,
08/14,8:27,단비,7,신중동,온수,4,8,N,X,여,,청년,X,X,O,핸드폰,,백팩,
08/14,8:27,단비,7,신중동,온수,4,,N,X,여,,노년,X,X,O,잠,,보스턴백,
08/14,8:40,단비,1,온수,신길,7,14,F,X,여,,청년,X,?,X,잠,,크로스백,
08/14,8:40,단비,1,온수,신길,7,,F,X,여,,노년,X,X,O,책,,보스턴백,
08/14,9:03,단비,5,신길,공덕,4,8,N,X,여,,노년,X,X,O,멍,,에코백,
08/14,9:03,단비,5,신길,공덕,4,,N,X,여,,청년,X,X,O,핸드폰,,백팩,
08/14,9:06,단비,5,신길,공덕,4,,N,X,여,,노년,X,X,O,멍,,"백팩, 보스턴백",
08/14,9:08,단비,5,신길,공덕,4,,N,X,여,,청년,X,X,O,핸드폰,,에코백,
08/14,18:22,단비,5,공덕,신길,4,8,F,X,여,,청년,X,X,O,핸드폰,,,
08/14,18:22,단비,5,공덕,여의도,3,,F,X,비었음,3,,,,,,,,
08/14,18:30,단비,5,공덕,신길,4,,F,X,여,,청년,X,X,X,핸드폰,,크로스백,
08/14,18:43,단비,1,신길,온수,7,14,F,X,남,,청년,X,X,O,잠,,에코백,
08/14,18:43,단비,1,신길,온수,7,,F,X,여,,노년,X,X,O,잠,,에코백,
08/14,19:06,단비,7,온수,신중동,4,8,F,X,여,,중년,X,X,O,잠,,보스턴백,
08/14,19:06,단비,7,온수,신중동,4,,F,X,여,,청년,X,X,O,잠,"에코백만한 크기에 가죽같은,,라탄같은,,가방",에코백,
08/15,12:30,보민,2,잠실,잠실새내,1,,N,O,비었음,,,,,,,,,
08/15,12:30,보민,2,잠실,선릉,4,,N,O,여,,중년,X,X,X,멍,같은 라인에 자리나자 옮겨앉음,큰사이즈 핸드백,
08/15,12:32,보민,2,잠실새내,역삼,4,8,N,O,여,,청년,X,?,X,핸드폰,,우산,
08/15,12:38,보민,2,선릉,역삼,1,,N,O,여,,중년,X,X,X,,맞은편에 자리가 났지만 옮겨앉지 않음,"핸드백 두개, 중우산",
08/15,19:16,보민,2,역삼,잠실새내,4,,N,O,비었음,,,,,,,,,
08/15,19:16,보민,2,역삼,잠실,5,10,N,O,비었음,,,,,,,,,
08/15,19:24,보민,2,잠실새내,잠실,1,,N,O,여,,중년,X,X,X,멍,,"작은 크로스백, 종이봉투, 우산",
08/15,14:39,단비,1,중동,동암,5,,E,O,비었음,5,,,,,,,,
08/15,14:39,단비,1,중동,주안,7,,E,O,여,,노년,X,X,O,대화,일반석 자리가 비었음에도 임산부석포함해서 나란히 4명의 일행이 앉음,"백팩, 장우산",
08/15,14:52,단비,1,중동,주안,7,14,E,O,여,,노년,X,X,X,멍,일반석 비어있는데 굳이 임산부석에 앉음,장우산,
08/16,8:23,미현,1,수원,신길,17,34,F,X,여,,중년,X,X,O,잠,,에코백,
08/16,8:23,미현,1,수원,신길,17,,F,X,남,,중년,X,X,O,핸드폰,,노트북가방,
08/16,8:16,한솔,1,병점,수원,2,,E,O,비었음,2,,,,,,,,
08/16,8:16,한솔,1,병점,수원,2,,E,O,비었음,2,,,,,,,,
08/16,8:28,한솔,1,병점,신길,19,,N,O,남,,청년,X,X,X,"이어폰, 핸드폰",,,
08/16,9:10,미현,1,수원,신길,17,,F,X,여,,청년,O,O,O,"이어폰, 핸드폰",,에코백,
08/16,9:10,미현,1,수원,신길,17,,F,X,여,,중년,X,X,O,독서,,백팩,
08/16,9:18,미현,5,신길,공덕,4,8,F,X,여,,청년,X,?,X,잠,,핸드백,
08/16,9:18,미현,5,신길,공덕,4,,F,X,여,,노년,X,X,X,핸드폰,,핸드백,
08/16,9:12,한솔,1,병점,신길,19,38,F,X,여,,청년,X,X,X,잠,,,
08/16,9:25,한솔,5,신길,공덕,4,,N,O,여,,중년,X,X,O,"핸드폰, 먹기",,에코백,
08/16,9:25,한솔,5,신길,공덕,4,,N,O,여,,중년,X,X,O,"핸드폰, 이어폰",,백팩,
08/16,9:38,한솔,5,신길,공덕,4,8,N,O,남,,노년,X,X,O,멍,,"백팩, 큰 쇼핑백",
08/16,17:57,미현,5,공덕,신길,4,,F,O,남,,어린이,X,X,X,대화,엄마와 같이 있음,,
08/16,17:57,한솔,5,공덕,신길,4,,F,O,여,,청년,X,X,O,핸드폰 ,,메신저백,
08/16,17:58,미현,5,공덕,여의도,3,,F,O,비었음,3,,,,,,,,
08/16,18:02,한솔,5,공덕,신길,4,,F,O,여,,청년,X,O,O,핸드폰,,백팩,
08/16,18:14,미현,1,신길,금정,11,,F,X,비었음,11,,,,,,,,
08/16,18:14,한솔,1,신길,병점,19,38,N,O,여,,청년,X,X,O,"이어폰, 핸드폰",모자를 푹 눌러써서 연령대 파악 어려움,에코백,
08/16,18:14,미현,1,신길,수원,17,34,F,X,여,,노년,X,X,X,잠,,,
08/16,18:16,한솔,1,신길,병점,19,,N,O,여,,노년,X,X,O,잠,,"쿨러백 (락앤락 4개 사이즈), 도트백, 크로스백",
08/16,18:16,미현,1,영등포,안양,8,,F,O,비었음,8,,,,,,,,
08/16,18:38,미현,1,신길,수원,17,,F,X,여,,노년,X,X,O,멍,,백팩,
08/16,18:42,미현,1,명학,의왕,4,,F,X,비었음,4,,,,,,,,
08/16,18:44,미현,1,신길,수원,17,,F,X,남,,청소년,X,X,X,핸드폰,계속 서서 5-6정거장 이상 오다가 갑자기 앉음,,
08/16,18:45,한솔,1,신길,병점,19,,N,O,남,,노년,X,X,X,멍,,,
08/16,18:50,미현,1,당정,수원,4,,N,O,비었음,4,,,,,,,,
08/16,18:55,미현,1,신길,수원,17,,N,O,남,,중년,X,X,O,핸드폰,,백팩,
08/16,18:59,미현,1,화서,수원,1,,E,O,비었음,1,,,,,,,,
08/16,21:03,현미,6,공덕,합정,4,,E,X,남,,중년,X,X,X,핸드폰,,,
08/16,21:03,현미,6,공덕,합정,4,,E,X,비었음,4,,,,,,,,
08/16,21:11,현미,6,합정,마포구청,2,,N,X,비었음,2,,,,,,,,
08/16,21:14,현미,6,마포구청,불광,7,,N,X,비었음,7,,,,,,,,
08/16,21:14,현미,6,마포구청,불광,7,14,N,X,여,,중년,X,X,X,핸드폰(전화통화),,,
08/16,9:16,보민,6,화랑대,신당,11,22,E,O,여,,청년,O,O,X,핸드폰,,,
08/16,9:16,보민,6,화랑대,태릉입구,1,,E,O,비었음,1,,,,,,,,
08/16,9:19,보민,6,태릉입구,보문,7,,N,X,남,,청년,X,X,X,핸드폰,,우산,
08/16,9:30,보민,6,보문,창신,1,,F,X,비었음,1,,,,,,,,
08/16,9:31,보민,6,창신,이태원,7,,F,O,여,,어린이,X,X,X,핸드폰,외국인,,
08/16,9:35,보민,6,신당,약수,2,,N,O,남,,중년,X,X,O,멍,,백팩,
08/16,9:38,보민,6,약수,공덕,7,,N,O,비었음,7,,,,,,,,
08/16,9:44,보민,6,이태원,삼각지,2,,E,O,비었음,2,,,,,,,,
08/16,9:48,보민,6,삼각지,공덕,2,,E,O,여,,중년,X,X,X,멍,옆자리 비었으나 옮기지 않음,,
08/16,17:57,보민,6,공덕,한강진,5,,N,O,여,,청년,X,?,X,핸드폰,,토드백,
08/16,17:58,보민,6,공덕,삼각지,2,,N,O,여,,중년,X,X,X,"핸드폰, 멍",,크로스백,
08/16,18:01,보민,6,삼각지,화랑대,18,36,N,O,비었음,18,,,,,,여성들이 임산부석을 둘러싸고 서계셨음,,
08/16,18:07,보민,6,한강진,청구,3,,N,O,비었음,3,,,,,,,,
08/16,18:12,보민,6,청구,동묘앞,2,,F,O,여,,중년,X,X,X,핸드폰,,핸드백,
08/16,18:15,보민,6,동묘앞,돌곶이,7,,F,O,여,,중년,X,X,O,핸드폰,,백팩,
08/16,18:26,보민,6,돌곶이,석계,1,,E,O,비었음,1,,,,,,,,
08/16,18:28,보민,6,석계,화랑대,2,,N,O,여,,중년,X,X,X,핸드폰,,핸드백,
08/16,8:39,단비,7,신중동,온수,4,8,E,O,여,,청년,X,X,X,화장,,크로스백,
08/16,8:39,단비,7,신중동,온수,4,,E,O,여,,청년,X,X,O,핸드폰,,백팩,
08/16,8:55,단비,1,온수,신길,7,14,N,X,여,,노년,X,X,X,잠,,크로스백,
08/16,8:55,단비,1,온수,신길,7,,N,X,남,,중년,X,X,X,핸드폰,,,
08/16,9:09,단비,1,영등포,신길,1,,N,X,비었음,1,,,,,,,,
08/16,9:17,단비,5,신길,공덕,4,8,N,O,여,,청년,X,X,X,핸드폰,,크로스백,
08/16,9:17,단비,5,신길,공덕,4,,N,O,여,,노년,X,X,O,핸드폰,,에코백,
08/16,18:00,단비,5,공덕,신길,4,8,N,O,여,,청년,X,?,O,핸드폰,,에코백,
08/16,18:00,단비,5,공덕,신길,4,,N,O,비었음,4,,,,,,,,
08/16,18:16,단비,1,신길,온수,7,14,F,X,여,,노년,X,X,O,잠,,백팩,
08/16,18:16,단비,1,신길,온수,7,,F,X,여,,청년,X,X,O,핸드폰,에코백 크기의 가죽가방,에코백,
08/16,18:29,단비,1,신길,온수,7,,F,X,여,,청년,X,X,O,핸드폰,에코백 크기의 가죽가방,에코백,
08/16,18:40,단비,7,온수,신중동,4,,F,X,여,,청년,X,X,X,핸드폰,,크로스백,
08/16,18:40,단비,7,온수,신중동,4,8,F,X,남,,중년,X,X,O,잠,,백팩,
,,,,,,,,,,,,,,,,,,,
,,,,,,,4482,74.7,,,,,,,,,,,